transaction_date,units_sold,revenue,day_of_week,is_weekend,month,day_of_month,lag_1,lag_7,rolling_mean_7,rolling_mean_14,rolling_std_7,store_location_Astoria,store_location_Hell's Kitchen,store_location_Lower Manhattan,product_category_Bakery,product_category_Branded,product_category_Coffee,product_category_Coffee beans,product_category_Drinking Chocolate,product_category_Flavours,product_category_Loose Tea,product_category_Packaged Chocolate,product_category_Tea
2023-01-15,38,132.0,6,True,1,15,13.0,42.0,28.0,27.142857142857142,9.678154093971983,True,False,False,True,False,False,False,False,False,False,False,False
2023-01-16,31,108.75,0,False,1,16,38.0,23.0,27.428571428571427,28.642857142857142,8.79122939558025,True,False,False,True,False,False,False,False,False,False,False,False
2023-01-17,25,90.0,1,False,1,17,31.0,37.0,28.571428571428573,28.285714285714285,8.638231741453087,True,False,False,True,False,False,False,False,False,False,False,False
2023-01-18,34,120.75,2,False,1,18,25.0,23.0,26.857142857142858,28.5,7.840675383931571,True,False,False,True,False,False,False,False,False,False,False,False
2023-01-19,31,109.25,3,False,1,19,34.0,31.0,28.428571428571427,29.285714285714285,8.038597366397177,True,False,False,True,False,False,False,False,False,False,False,False
2023-01-20,57,203.0,4,False,1,20,31.0,27.0,28.428571428571427,29.357142857142858,8.038597366397177,True,False,False,True,False,False,False,False,False,False,False,False
2023-01-21,19,64.75,5,True,1,21,57.0,13.0,32.714285714285715,31.357142857142858,13.375528471980534,True,False,False,True,False,False,False,False,False,False,False,False
2023-01-22,20,75.0,6,True,1,22,19.0,38.0,33.57142857142857,30.785714285714285,12.025765988869383,True,False,False,True,False,False,False,False,False,False,False,False
2023-01-23,26,95.5,0,False,1,23,20.0,31.0,31.0,29.214285714285715,12.819256348686272,True,False,False,True,False,False,False,False,False,False,False,False
2023-01-24,34,122.25,1,False,1,24,26.0,25.0,30.285714285714285,29.428571428571427,12.957806986707352,True,False,False,True,False,False,False,False,False,False,False,False
2023-01-25,26,89.0,2,False,1,25,34.0,34.0,31.571428571428573,29.214285714285715,12.791366135759214,True,False,False,True,False,False,False,False,False,False,False,False
2023-01-26,27,97.25,3,False,1,26,26.0,31.0,30.428571428571427,29.428571428571427,12.895181824453436,True,False,False,True,False,False,False,False,False,False,False,False
2023-01-27,25,89.5,4,False,1,27,27.0,57.0,29.857142857142858,29.142857142857142,12.954131534360911,True,False,False,True,False,False,False,False,False,False,False,False
2023-01-28,21,73.5,5,True,1,28,25.0,19.0,25.285714285714285,29.0,4.956957592256412,True,False,False,True,False,False,False,False,False,False,False,False
2023-01-29,27,95.75,6,True,1,29,21.0,20.0,25.571428571428573,29.571428571428573,4.577377082170625,True,False,False,True,False,False,False,False,False,False,False,False
2023-01-30,30,106.75,0,False,1,30,27.0,26.0,26.571428571428573,28.785714285714285,3.866830866792713,True,False,False,True,False,False,False,False,False,False,False,False
2023-01-31,21,76.5,1,False,1,31,30.0,34.0,27.142857142857142,28.714285714285715,4.059087394500199,True,False,False,True,False,False,False,False,False,False,False,False
2023-02-01,30,103.0,2,False,2,1,21.0,26.0,25.285714285714285,28.428571428571427,3.3022358947782373,True,False,False,True,False,False,False,False,False,False,False,False
2023-02-02,31,107.5,3,False,2,2,30.0,27.0,25.857142857142858,28.142857142857142,3.7606990231680424,True,False,False,True,False,False,False,False,False,False,False,False
2023-02-03,31,108.0,4,False,2,3,31.0,25.0,26.428571428571427,28.142857142857142,4.237025012007941,True,False,False,True,False,False,False,False,False,False,False,False
2023-02-04,27,94.25,5,True,2,4,31.0,21.0,27.285714285714285,26.285714285714285,4.498677054212182,True,False,False,True,False,False,False,False,False,False,False,False
2023-02-05,35,121.5,6,True,2,5,27.0,27.0,28.142857142857142,26.857142857142858,3.579039509354958,True,False,False,True,False,False,False,False,False,False,False,False
2023-02-06,25,92.5,0,False,2,6,35.0,30.0,29.285714285714285,27.928571428571427,4.347960660443226,True,False,False,True,False,False,False,False,False,False,False,False
2023-02-07,27,97.75,1,False,2,7,25.0,21.0,28.571428571428573,27.857142857142858,4.6136443605586095,True,False,False,True,False,False,False,False,False,False,False,False
2023-02-08,38,140.25,2,False,2,8,27.0,30.0,29.428571428571427,27.357142857142858,3.3594217189442412,True,False,False,True,False,False,False,False,False,False,False,False
2023-02-09,23,82.0,3,False,2,9,38.0,31.0,30.571428571428573,28.214285714285715,4.685336802448782,True,False,False,True,False,False,False,False,False,False,False,False
2023-02-10,24,85.25,4,False,2,10,23.0,31.0,29.428571428571427,27.928571428571427,5.472876844254852,True,False,False,True,False,False,False,False,False,False,False,False
2023-02-11,17,61.75,5,True,2,11,24.0,27.0,28.428571428571427,27.857142857142858,5.769377287516761,True,False,False,True,False,False,False,False,False,False,False,False
2023-02-12,29,99.5,6,True,2,12,17.0,35.0,27.0,27.571428571428573,7.234178138070232,True,False,False,True,False,False,False,False,False,False,False,False
2023-02-13,20,72.75,0,False,2,13,29.0,25.0,26.142857142857142,27.714285714285715,6.440201120787333,True,False,False,True,False,False,False,False,False,False,False,False
2023-02-14,14,50.0,1,False,2,14,20.0,27.0,25.428571428571427,27.0,6.852180744287243,True,False,False,True,False,False,False,False,False,False,False,False
2023-02-15,38,133.75,2,False,2,15,14.0,38.0,23.571428571428573,26.5,8.017837257372724,True,False,False,True,False,False,False,False,False,False,False,False
2023-02-16,39,136.25,3,False,2,16,38.0,23.0,23.571428571428573,27.071428571428573,8.017837257372724,True,False,False,True,False,False,False,False,False,False,False,False
2023-02-17,37,131.5,4,False,2,17,39.0,24.0,25.857142857142858,27.642857142857142,9.889869756954525,True,False,False,True,False,False,False,False,False,False,False,False
2023-02-18,36,126.5,5,True,2,18,37.0,17.0,27.714285714285715,28.071428571428573,10.67261738772462,True,False,False,True,False,False,False,False,False,False,False,False
2023-02-19,36,125.75,6,True,2,19,36.0,29.0,30.428571428571427,28.714285714285715,9.880235200593539,True,False,False,True,False,False,False,False,False,False,False,False
2023-02-20,56,193.0,0,False,2,20,36.0,20.0,31.428571428571427,28.785714285714285,10.064080399406313,True,False,False,True,False,False,False,False,False,False,False,False
2023-02-21,19,68.25,1,False,2,21,56.0,14.0,36.57142857142857,31.0,12.21825332384766,True,False,False,True,False,False,False,False,False,False,False,False
2023-02-22,30,109.0,2,False,2,22,19.0,38.0,37.285714285714285,30.428571428571427,10.734900802433874,True,False,False,True,False,False,False,False,False,False,False,False
2023-02-23,31,110.5,3,False,2,23,30.0,39.0,36.142857142857146,29.857142857142858,11.06689615367338,True,False,False,True,False,False,False,False,False,False,False,False
2023-02-24,33,116.25,4,False,2,24,31.0,37.0,35.0,30.428571428571427,11.13552872566005,True,False,False,True,False,False,False,False,False,False,False,False
2023-02-25,25,84.5,5,True,2,25,33.0,36.0,34.42857142857143,31.071428571428573,11.118410300894986,True,False,False,True,False,False,False,False,False,False,False,False
2023-02-26,26,90.5,6,True,2,26,25.0,36.0,32.857142857142854,31.642857142857142,11.625096005747963,True,False,False,True,False,False,False,False,False,False,False,False
2023-02-27,30,104.5,0,False,2,27,26.0,56.0,31.428571428571427,31.428571428571427,11.787806452108935,True,False,False,True,False,False,False,False,False,False,False,False
2023-02-28,22,79.25,1,False,2,28,30.0,19.0,27.714285714285715,32.142857142857146,4.7509397566616824,True,False,False,True,False,False,False,False,False,False,False,False
2023-03-01,32,114.25,2,False,3,1,22.0,30.0,28.142857142857142,32.714285714285715,3.8913824205360688,True,False,False,True,False,False,False,False,False,False,False,False
2023-03-02,36,127.25,3,False,3,2,32.0,31.0,28.428571428571427,32.285714285714285,4.117326918327104,True,False,False,True,False,False,False,False,False,False,False,False
2023-03-03,32,109.75,4,False,3,3,36.0,33.0,29.142857142857142,32.07142857142857,4.980915960897537,True,False,False,True,False,False,False,False,False,False,False,False
2023-03-04,34,117.5,5,True,3,4,32.0,25.0,29.0,31.714285714285715,4.8648398397754775,True,False,False,True,False,False,False,False,False,False,False,False
2023-03-05,36,126.5,6,True,3,5,34.0,26.0,30.285714285714285,31.571428571428573,4.820590756130962,True,False,False,True,False,False,False,False,False,False,False,False
2023-03-06,35,123.5,0,False,3,6,36.0,30.0,31.714285714285715,31.571428571428573,4.820590756130966,True,False,False,True,False,False,False,False,False,False,False,False
2023-03-07,33,114.5,1,False,3,7,35.0,22.0,32.42857142857143,30.071428571428573,4.894116973712525,True,False,False,True,False,False,False,False,False,False,False,False
2023-03-08,70,255.0,2,False,3,8,33.0,32.0,34.0,31.071428571428573,1.7320508075689185,True,False,False,True,False,False,False,False,False,False,False,False
2023-03-09,32,114.5,3,False,3,9,70.0,36.0,39.42857142857143,33.92857142857143,13.562904591288007,True,False,False,True,False,False,False,False,False,False,False,False
2023-03-10,30,109.25,4,False,3,10,32.0,32.0,38.857142857142854,34.0,13.813382055439,True,False,False,True,False,False,False,False,False,False,False,False
2023-03-11,24,87.25,5,True,3,11,30.0,34.0,38.57142857142857,33.785714285714285,13.998299216418445,True,False,False,True,False,False,False,False,False,False,False,False
2023-03-12,31,107.25,6,True,3,12,24.0,36.0,37.142857142857146,33.714285714285715,15.015864626327406,True,False,False,True,False,False,False,False,False,False,False,False
2023-03-13,30,104.75,0,False,3,13,31.0,35.0,36.42857142857143,34.07142857142857,15.197117521174242,True,False,False,True,False,False,False,False,False,False,False,False
2023-03-14,18,64.75,1,False,3,14,30.0,33.0,35.714285714285715,34.07142857142857,15.391710817994277,True,False,False,True,False,False,False,False,False,False,False,False
2023-03-15,42,148.25,2,False,3,15,18.0,70.0,33.57142857142857,33.785714285714285,16.8112773940307,True,False,False,True,False,False,False,False,False,False,False,False
2023-03-16,37,131.25,3,False,3,16,42.0,32.0,29.571428571428573,34.5,7.390470053998421,True,False,False,True,False,False,False,False,False,False,False,False
2023-03-17,42,149.0,4,False,3,17,37.0,30.0,30.285714285714285,34.57142857142857,7.889112449325025,True,False,False,True,False,False,False,False,False,False,False,False
2023-03-18,37,129.75,5,True,3,18,42.0,24.0,32.0,35.285714285714285,9.036961141150636,True,False,False,True,False,False,False,False,False,False,False,False
2023-03-19,35,121.25,6,True,3,19,37.0,31.0,33.857142857142854,35.5,8.43462252521458,True,False,False,True,False,False,False,False,False,False,False,False
2023-03-20,71,251.0,0,False,3,20,35.0,30.0,34.42857142857143,35.42857142857143,8.343802947040857,True,False,False,True,False,False,False,False,False,False,False,False
2023-03-21,25,88.0,1,False,3,21,71.0,18.0,40.285714285714285,38.0,15.787276371752526,True,False,False,True,False,False,False,False,False,False,False,False
2023-03-22,33,121.0,2,False,3,22,25.0,42.0,41.285714285714285,37.42857142857143,14.29118942698947,True,False,False,True,False,False,False,False,False,False,False,False
2023-03-23,34,121.0,3,False,3,23,33.0,37.0,40.0,34.785714285714285,14.617341299520477,True,False,False,True,False,False,False,False,False,False,False,False
2023-03-24,33,118.75,4,False,3,24,34.0,42.0,39.57142857142857,34.92857142857143,14.763210387730078,True,False,False,True,False,False,False,False,False,False,False,False
2023-03-25,26,90.5,5,True,3,25,33.0,37.0,38.285714285714285,35.142857142857146,14.907652237629355,True,False,False,True,False,False,False,False,False,False,False,False
2023-03-26,41,143.5,6,True,3,26,26.0,35.0,36.714285714285715,35.285714285714285,15.628118736370524,True,False,False,True,False,False,False,False,False,False,False,False
2023-03-27,37,132.5,0,False,3,27,41.0,71.0,37.57142857142857,36.0,15.682869028094993,True,False,False,True,False,False,False,False,False,False,False,False
2023-03-28,20,71.25,1,False,3,28,37.0,25.0,32.714285714285715,36.5,5.677860093212513,True,False,False,True,False,False,False,False,False,False,False,False
2023-03-29,39,138.5,2,False,3,29,20.0,33.0,32.0,36.642857142857146,6.976149845485445,True,False,False,True,False,False,False,False,False,False,False,False
2023-03-30,31,106.75,3,False,3,30,39.0,34.0,32.857142857142854,36.42857142857143,7.470577207252715,True,False,False,True,False,False,False,False,False,False,False,False
2023-03-31,34,123.5,4,False,3,31,31.0,33.0,32.42857142857143,36.0,7.480132415430953,True,False,False,True,False,False,False,False,False,False,False,False
2023-04-01,38,135.75,5,True,4,1,34.0,26.0,32.57142857142857,35.42857142857143,7.50238057457193,True,False,False,True,False,False,False,False,False,False,False,False
2023-04-02,49,172.5,6,True,4,2,38.0,41.0,34.285714285714285,35.5,7.11135912265923,True,False,False,True,False,False,False,False,False,False,False,False
2023-04-03,38,134.0,0,False,4,3,49.0,37.0,35.42857142857143,36.5,8.810167286666456,True,False,False,True,False,False,False,False,False,False,False,False
2023-04-04,27,95.0,1,False,4,4,38.0,20.0,35.57142857142857,34.142857142857146,8.847921466972593,True,False,False,True,False,False,False,False,False,False,False,False
2023-04-05,45,155.25,2,False,4,5,27.0,39.0,36.57142857142857,34.285714285714285,6.99659781267876,True,False,False,True,False,False,False,False,False,False,False,False
2023-04-06,38,136.5,3,False,4,6,45.0,31.0,37.42857142857143,35.142857142857146,7.678045386189201,True,False,False,True,False,False,False,False,False,False,False,False
2023-04-07,43,153.5,4,False,4,7,38.0,34.0,38.42857142857143,35.42857142857143,7.1380936497345955,True,False,False,True,False,False,False,False,False,False,False,False
2023-04-08,86,311.75,5,True,4,8,43.0,38.0,39.714285714285715,36.142857142857146,7.016986193380727,True,False,False,True,False,False,False,False,False,False,False,False
2023-04-09,38,138.5,6,True,4,9,86.0,49.0,46.57142857142857,40.42857142857143,18.733723093725445,True,False,False,True,False,False,False,False,False,False,False,False
2023-04-10,40,141.25,0,False,4,10,38.0,38.0,45.0,40.214285714285715,18.956089610817266,True,False,False,True,False,False,False,False,False,False,False,False
2023-04-11,38,138.25,1,False,4,11,40.0,27.0,45.285714285714285,40.42857142857143,18.84776101392673,True,False,False,True,False,False,False,False,False,False,False,False
2023-04-12,44,150.75,2,False,4,12,38.0,45.0,46.857142857142854,41.714285714285715,17.477877173049123,True,False,False,True,False,False,False,False,False,False,False,False
2023-04-13,41,149.25,3,False,4,13,44.0,38.0,46.714285714285715,42.07142857142857,17.499659860640044,True,False,False,True,False,False,False,False,False,False,False,False
2023-04-14,23,80.25,4,False,4,14,41.0,43.0,47.142857142857146,42.785714285714285,17.28610782708256,True,False,False,True,False,False,False,False,False,False,False,False
2023-04-15,39,135.0,5,True,4,15,23.0,86.0,44.285714285714285,42.0,19.584979667373396,True,False,False,True,False,False,False,False,False,False,False,False
2023-04-16,42,148.75,6,True,4,16,39.0,38.0,37.57142857142857,42.07142857142857,6.754187413675159,True,False,False,True,False,False,False,False,False,False,False,False
2023-04-17,42,152.0,0,False,4,17,42.0,40.0,38.142857142857146,41.57142857142857,6.962484504556604,True,False,False,True,False,False,False,False,False,False,False,False
2023-04-18,46,160.25,1,False,4,18,42.0,38.0,38.42857142857143,41.857142857142854,7.091242083423373,True,False,False,True,False,False,False,False,False,False,False,False
2023-04-19,48,168.5,2,False,4,19,46.0,44.0,39.57142857142857,43.214285714285715,7.634508123364254,True,False,False,True,False,False,False,False,False,False,False,False
2023-04-20,70,248.0,3,False,4,20,48.0,41.0,40.142857142857146,43.42857142857143,8.153293228885556,True,False,False,True,False,False,False,False,False,False,False,False
2023-04-21,21,72.5,4,False,4,21,70.0,23.0,44.285714285714285,45.714285714285715,13.960829556468447,True,False,False,True,False,False,False,False,False,False,False,False
2023-04-22,35,128.5,5,True,4,22,21.0,39.0,44.0,44.142857142857146,14.47987108598235,True,False,False,True,False,False,False,False,False,False,False,False
2023-04-23,46,167.5,6,True,4,23,35.0,42.0,43.42857142857143,40.5,14.785771796529545,True,False,False,True,False,False,False,False,False,False,False,False
2023-04-24,55,196.0,0,False,4,24,46.0,42.0,44.0,41.07142857142857,14.798648586948776,True,False,False,True,False,False,False,False,False,False,False,False
2023-04-25,35,120.25,1,False,4,25,55.0,46.0,45.857142857142854,42.142857142857146,15.312615402869351,True,False,False,True,False,False,False,False,False,False,False,False
2023-04-26,39,142.0,2,False,4,26,35.0,48.0,44.285714285714285,41.92857142857143,15.850491955712172,True,False,False,True,False,False,False,False,False,False,False,False
2023-04-27,45,161.0,3,False,4,27,39.0,70.0,43.0,41.57142857142857,15.864005379054419,True,False,False,True,False,False,False,False,False,False,False,False
2023-04-28,32,115.25,4,False,4,28,45.0,21.0,39.42857142857143,41.857142857142854,10.768118728560777,True,False,False,True,False,False,False,False,False,False,False,False
2023-04-29,31,110.5,5,True,4,29,32.0,35.0,41.0,42.5,8.103497187428848,True,False,False,True,False,False,False,False,False,False,False,False
2023-04-30,42,146.5,6,True,4,30,31.0,46.0,40.42857142857143,41.92857142857143,8.715066319448264,True,False,False,True,False,False,False,False,False,False,False,False
2023-05-01,51,181.0,0,False,5,1,42.0,55.0,39.857142857142854,41.92857142857143,8.41483949992656,True,False,False,True,False,False,False,False,False,False,False,False
2023-05-02,69,244.0,1,False,5,2,51.0,35.0,39.285714285714285,42.57142857142857,7.273565968956514,True,False,False,True,False,False,False,False,False,False,False,False
2023-05-03,56,199.25,2,False,5,3,69.0,39.0,44.142857142857146,44.214285714285715,13.018302134924946,True,False,False,True,False,False,False,False,False,False,False,False
2023-05-04,63,221.5,3,False,5,4,56.0,45.0,46.57142857142857,44.785714285714285,13.476611132590005,True,False,False,True,False,False,False,False,False,False,False,False
2023-05-05,54,186.0,4,False,5,5,63.0,32.0,49.142857142857146,44.285714285714285,14.78094010799692,True,False,False,True,False,False,False,False,False,False,False,False
2023-05-06,54,189.75,5,True,5,6,54.0,31.0,52.285714285714285,46.642857142857146,12.72418020560711,True,False,False,True,False,False,False,False,False,False,False,False
2023-05-07,54,198.5,6,True,5,7,54.0,42.0,55.57142857142857,48.0,8.618916073713484,True,False,False,True,False,False,False,False,False,False,False,False
2023-05-08,92,337.25,0,False,5,8,54.0,51.0,57.285714285714285,48.57142857142857,6.3695705170310495,True,False,False,True,False,False,False,False,False,False,False,False
2023-05-09,47,171.0,1,False,5,9,92.0,69.0,63.142857142857146,51.214285714285715,13.95741823581737,True,False,False,True,False,False,False,False,False,False,False,False
2023-05-10,51,181.25,2,False,5,10,47.0,56.0,60.0,52.07142857142857,14.866068747318606,True,False,False,True,False,False,False,False,False,False,False,False
2023-05-11,46,166.5,3,False,5,11,51.0,63.0,59.285714285714285,52.92857142857143,15.206514894547604,True,False,False,True,False,False,False,False,False,False,False,False
2023-05-12,46,157.0,4,False,5,12,46.0,54.0,56.857142857142854,53.0,15.858000834789769,True,False,False,True,False,False,False,False,False,False,False,False
2023-05-13,48,173.5,5,True,5,13,46.0,54.0,55.714285714285715,54.0,16.37797592006099,True,False,False,True,False,False,False,False,False,False,False,False
2023-05-14,32,111.0,6,True,5,14,48.0,54.0,54.857142857142854,55.214285714285715,16.637593690480788,True,False,False,True,False,False,False,False,False,False,False,False
2023-05-15,55,194.25,0,False,5,15,32.0,92.0,51.714285714285715,54.5,18.768007226077497,True,False,False,True,False,False,False,False,False,False,False,False
2023-05-16,64,228.75,1,False,5,16,55.0,47.0,46.42857142857143,54.785714285714285,7.138093649734654,True,False,False,True,False,False,False,False,False,False,False,False
2023-05-17,63,228.5,2,False,5,17,64.0,51.0,48.857142857142854,54.42857142857143,9.771191865693357,True,False,False,True,False,False,False,False,False,False,False,False
2023-05-18,56,197.5,3,False,5,18,63.0,46.0,50.57142857142857,54.92857142857143,11.163290178932435,True,False,False,True,False,False,False,False,False,False,False,False
2023-05-19,64,227.5,4,False,5,19,56.0,46.0,52.0,54.42857142857143,11.120551545074939,True,False,False,True,False,False,False,False,False,False,False,False
2023-05-20,106,375.5,5,True,5,20,64.0,48.0,54.57142857142857,55.142857142857146,11.573779890441289,True,False,False,True,False,False,False,False,False,False,False,False
2023-05-21,34,120.75,6,True,5,21,106.0,32.0,62.857142857142854,58.857142857142854,22.078862979696073,True,False,False,True,False,False,False,False,False,False,False,False
2023-05-22,50,182.0,0,False,5,22,34.0,55.0,63.142857142857146,57.42857142857143,21.62119771141723,True,False,False,True,False,False,False,False,False,False,False,False
2023-05-23,45,161.25,1,False,5,23,50.0,64.0,62.42857142857143,54.42857142857143,22.01406476821241,True,False,False,True,False,False,False,False,False,False,False,False
2023-05-24,59,208.0,2,False,5,24,45.0,63.0,59.714285714285715,54.285714285714285,22.939880017953413,True,False,False,True,False,False,False,False,False,False,False,False
2023-05-25,47,162.75,3,False,5,25,59.0,56.0,59.142857142857146,54.857142857142854,22.894166443503902,True,False,False,True,False,False,False,False,False,False,False,False
2023-05-26,49,174.25,4,False,5,26,47.0,64.0,57.857142857142854,54.92857142857143,23.348294523216463,True,False,False,True,False,False,False,False,False,False,False,False
2023-05-27,47,169.25,5,True,5,27,49.0,106.0,55.714285714285715,55.142857142857146,23.378867136185857,True,False,False,True,False,False,False,False,False,False,False,False
2023-05-28,42,146.0,6,True,5,28,47.0,34.0,47.285714285714285,55.07142857142857,7.409774753982979,True,False,False,True,False,False,False,False,False,False,False,False
2023-05-29,50,175.75,0,False,5,29,42.0,50.0,48.42857142857143,55.785714285714285,5.349677337844718,True,False,False,True,False,False,False,False,False,False,False,False
2023-05-30,60,211.75,1,False,5,30,50.0,45.0,48.42857142857143,55.42857142857143,5.349677337844718,True,False,False,True,False,False,False,False,False,False,False,False
2023-05-31,46,165.0,2,False,5,31,60.0,59.0,50.57142857142857,55.142857142857146,6.604471789556647,True,False,False,True,False,False,False,False,False,False,False,False
2023-06-01,55,194.75,3,False,6,1,46.0,47.0,48.714285714285715,53.92857142857143,5.589105048046333,True,False,False,True,False,False,False,False,False,False,False,False
2023-06-02,67,237.25,4,False,6,2,55.0,49.0,49.857142857142854,53.857142857142854,5.984105932344923,True,False,False,True,False,False,False,False,False,False,False,False
2023-06-03,55,194.75,5,True,6,3,67.0,47.0,52.42857142857143,54.07142857142857,8.77225062070066,True,False,False,True,False,False,False,False,False,False,False,False
2023-06-04,59,206.0,6,True,6,4,55.0,42.0,53.57142857142857,50.42857142857143,8.462803768199397,True,False,False,True,False,False,False,False,False,False,False,False
2023-06-05,64,220.75,0,False,6,5,59.0,50.0,56.0,52.214285714285715,6.879922480183615,True,False,False,True,False,False,False,False,False,False,False,False
2023-06-06,62,222.25,1,False,6,6,64.0,60.0,58.0,53.214285714285715,6.87992248018363,True,False,False,True,False,False,False,False,False,False,False,False
2023-06-07,59,212.0,2,False,6,7,62.0,46.0,58.285714285714285,54.42857142857143,7.016986193380888,True,False,False,True,False,False,False,False,False,False,False,False
2023-06-08,97,349.5,3,False,6,8,59.0,55.0,60.142857142857146,54.42857142857143,4.488079449258903,True,False,False,True,False,False,False,False,False,False,False,False
2023-06-09,45,165.25,4,False,6,9,97.0,67.0,66.14285714285714,58.0,14.14718548485389,True,False,False,True,False,False,False,False,False,False,False,False
2023-06-10,53,191.75,5,True,6,10,45.0,55.0,63.0,57.714285714285715,16.21727474022695,True,False,False,True,False,False,False,False,False,False,False,False
2023-06-11,41,145.0,6,True,6,11,53.0,59.0,62.714285714285715,58.142857142857146,16.398315825253672,True,False,False,True,False,False,False,False,False,False,False,False
2023-06-12,52,180.5,0,False,6,12,41.0,64.0,60.142857142857146,58.07142857142857,18.37052504628524,True,False,False,True,False,False,False,False,False,False,False,False
2023-06-13,50,177.75,1,False,6,13,52.0,62.0,58.42857142857143,58.214285714285715,18.509971572615946,True,False,False,True,False,False,False,False,False,False,False,False
2023-06-14,31,106.75,2,False,6,14,50.0,59.0,56.714285714285715,57.5,18.678992529169353,True,False,False,True,False,False,False,False,False,False,False,False
2023-06-15,70,246.0,3,False,6,15,31.0,97.0,52.714285714285715,56.42857142857143,20.965958804009677,True,False,False,True,False,False,False,False,False,False,False,False
2023-06-16,65,232.5,4,False,6,16,70.0,45.0,48.857142857142854,57.5,12.047524938461804,True,False,False,True,False,False,False,False,False,False,False,False
2023-06-17,58,204.5,5,True,6,17,65.0,53.0,51.714285714285715,57.357142857142854,13.288018233409778,True,False,False,True,False,False,False,False,False,False,False,False
2023-06-18,67,238.25,6,True,6,18,58.0,41.0,52.42857142857143,57.57142857142857,13.50132268652655,True,False,False,True,False,False,False,False,False,False,False,False
2023-06-19,59,207.5,0,False,6,19,67.0,52.0,56.142857142857146,58.142857142857146,13.409307357560502,True,False,False,True,False,False,False,False,False,False,False,False
2023-06-20,111,392.5,1,False,6,20,59.0,50.0,57.142857142857146,57.785714285714285,13.309502512973939,True,False,False,True,False,False,False,False,False,False,False,False
2023-06-21,40,141.0,2,False,6,21,111.0,31.0,65.85714285714286,61.285714285714285,23.737653432388665,True,False,False,True,False,False,False,False,False,False,False,False
2023-06-22,56,202.75,3,False,6,22,40.0,70.0,67.14285714285714,59.92857142857143,21.6904631226766,True,False,False,True,False,False,False,False,False,False,False,False
2023-06-23,56,201.5,4,False,6,23,56.0,65.0,65.14285714285714,57.0,22.025958711094965,True,False,False,True,False,False,False,False,False,False,False,False
2023-06-24,69,243.75,5,True,6,24,56.0,58.0,63.857142857142854,57.785714285714285,22.296700588716263,True,False,False,True,False,False,False,False,False,False,False,False
2023-06-25,43,148.5,6,True,6,25,69.0,67.0,65.42857142857143,58.92857142857143,22.202530958257526,True,False,False,True,False,False,False,False,False,False,False,False
2023-06-26,49,171.5,0,False,6,26,43.0,59.0,62.0,59.07142857142857,23.720595832876324,True,False,False,True,False,False,False,False,False,False,False,False
2023-06-27,58,205.5,1,False,6,27,49.0,111.0,60.57142857142857,58.857142857142854,24.227100135022017,True,False,False,True,False,False,False,False,False,False,False,False
2023-06-28,40,139.0,2,False,6,28,58.0,40.0,53.0,59.42857142857143,9.865765724632634,True,False,False,True,False,False,False,False,False,False,False,False
2023-06-29,61,216.75,3,False,6,29,40.0,56.0,53.0,60.07142857142857,9.865765724632634,True,False,False,True,False,False,False,False,False,False,False,False
2023-06-30,57,203.0,4,False,6,30,61.0,56.0,53.714285714285715,59.42857142857143,10.291003930849735,True,False,False,True,False,False,False,False,False,False,False,False
2023-01-15,5,112.0,6,True,1,15,3.0,1.0,1.4285714285714286,0.7142857142857143,1.9023794624226835,True,False,False,False,True,False,False,False,False,False,False,False
2023-01-16,2,42.0,0,False,1,16,5.0,0.0,2.0,1.0714285714285714,2.309401076758503,True,False,False,False,True,False,False,False,False,False,False,False
2023-01-17,8,148.0,1,False,1,17,2.0,1.0,2.2857142857142856,1.2142857142857142,2.1380899352993947,True,False,False,False,True,False,False,False,False,False,False,False
2023-01-18,3,68.0,2,False,1,18,8.0,5.0,3.2857142857142856,1.7857142857142858,2.927700218845599,True,False,False,False,True,False,False,False,False,False,False,False
2023-01-19,3,70.0,3,False,1,19,3.0,0.0,3.0,2.0,2.82842712474619,True,False,False,False,True,False,False,False,False,False,False,False
2023-01-20,0,0.0,4,False,1,20,3.0,0.0,3.4285714285714284,2.2142857142857144,2.5071326821120343,True,False,False,False,True,False,False,False,False,False,False,False
2023-01-21,7,165.0,5,True,1,21,0.0,3.0,3.4285714285714284,2.2142857142857144,2.5071326821120343,True,False,False,False,True,False,False,False,False,False,False,False
2023-01-22,0,0.0,6,True,1,22,7.0,5.0,4.0,2.7142857142857144,2.82842712474619,True,False,False,False,True,False,False,False,False,False,False,False
2023-01-23,0,0.0,0,False,1,23,0.0,2.0,3.2857142857142856,2.642857142857143,3.1471831698777724,True,False,False,False,True,False,False,False,False,False,False,False
2023-01-24,0,0.0,1,False,1,24,0.0,8.0,3.0,2.642857142857143,3.366501646120692,True,False,False,False,True,False,False,False,False,False,False,False
2023-01-25,0,0.0,2,False,1,25,0.0,3.0,1.8571428571428572,2.5714285714285716,2.6726124191242433,True,False,False,False,True,False,False,False,False,False,False,False
2023-01-26,0,0.0,3,False,1,26,0.0,3.0,1.4285714285714286,2.2142857142857144,2.6992062325273114,True,False,False,False,True,False,False,False,False,False,False,False
2023-01-27,0,0.0,4,False,1,27,0.0,0.0,1.0,2.2142857142857144,2.64575131106459,True,False,False,False,True,False,False,False,False,False,False,False
2023-01-28,0,0.0,5,True,1,28,0.0,7.0,1.0,2.2142857142857144,2.64575131106459,True,False,False,False,True,False,False,False,False,False,False,False
2023-01-29,0,0.0,6,True,1,29,0.0,0.0,0.0,2.0,0.0,True,False,False,False,True,False,False,False,False,False,False,False
2023-01-30,3,54.0,0,False,1,30,0.0,0.0,0.0,1.6428571428571428,0.0,True,False,False,False,True,False,False,False,False,False,False,False
2023-01-31,1,28.0,1,False,1,31,3.0,0.0,0.42857142857142855,1.7142857142857142,1.1338934190276817,True,False,False,False,True,False,False,False,False,False,False,False
2023-02-01,0,0.0,2,False,2,1,1.0,0.0,0.5714285714285714,1.2142857142857142,1.1338934190276817,True,False,False,False,True,False,False,False,False,False,False,False
2023-02-02,0,0.0,3,False,2,2,0.0,0.0,0.5714285714285714,1.0,1.1338934190276817,True,False,False,False,True,False,False,False,False,False,False,False
2023-02-03,0,0.0,4,False,2,3,0.0,0.0,0.5714285714285714,0.7857142857142857,1.1338934190276817,True,False,False,False,True,False,False,False,False,False,False,False
2023-02-04,0,0.0,5,True,2,4,0.0,0.0,0.5714285714285714,0.7857142857142857,1.1338934190276817,True,False,False,False,True,False,False,False,False,False,False,False
2023-02-05,0,0.0,6,True,2,5,0.0,0.0,0.5714285714285714,0.2857142857142857,1.1338934190276817,True,False,False,False,True,False,False,False,False,False,False,False
2023-02-06,0,0.0,0,False,2,6,0.0,3.0,0.5714285714285714,0.2857142857142857,1.1338934190276817,True,False,False,False,True,False,False,False,False,False,False,False
2023-02-07,0,0.0,1,False,2,7,0.0,1.0,0.14285714285714285,0.2857142857142857,0.37796447300922714,True,False,False,False,True,False,False,False,False,False,False,False
2023-02-08,1,28.0,2,False,2,8,0.0,0.0,0.0,0.2857142857142857,0.0,True,False,False,False,True,False,False,False,False,False,False,False
2023-02-09,0,0.0,3,False,2,9,1.0,0.0,0.14285714285714285,0.35714285714285715,0.37796447300922725,True,False,False,False,True,False,False,False,False,False,False,False
2023-02-10,2,24.0,4,False,2,10,0.0,0.0,0.14285714285714285,0.35714285714285715,0.37796447300922725,True,False,False,False,True,False,False,False,False,False,False,False
2023-02-11,3,42.0,5,True,2,11,2.0,0.0,0.42857142857142855,0.5,0.7867957924694432,True,False,False,False,True,False,False,False,False,False,False,False
2023-02-12,0,0.0,6,True,2,12,3.0,0.0,0.8571428571428571,0.7142857142857143,1.2149857925879117,True,False,False,False,True,False,False,False,False,False,False,False
2023-02-13,0,0.0,0,False,2,13,0.0,0.0,0.8571428571428571,0.7142857142857143,1.2149857925879117,True,False,False,False,True,False,False,False,False,False,False,False
2023-02-14,4,75.0,1,False,2,14,0.0,0.0,0.8571428571428571,0.5,1.2149857925879117,True,False,False,False,True,False,False,False,False,False,False,False
2023-02-15,2,42.0,2,False,2,15,4.0,1.0,1.4285714285714286,0.7142857142857143,1.618347187425374,True,False,False,False,True,False,False,False,False,False,False,False
2023-02-16,2,42.0,3,False,2,16,2.0,0.0,1.5714285714285714,0.8571428571428571,1.618347187425374,True,False,False,False,True,False,False,False,False,False,False,False
2023-02-17,3,56.0,4,False,2,17,2.0,2.0,1.8571428571428572,1.0,1.4638501094227998,True,False,False,False,True,False,False,False,False,False,False,False
2023-02-18,4,82.0,5,True,2,18,3.0,3.0,2.0,1.2142857142857142,1.5275252316519468,True,False,False,False,True,False,False,False,False,False,False,False
2023-02-19,2,28.0,6,True,2,19,4.0,0.0,2.142857142857143,1.5,1.6761634196950517,True,False,False,False,True,False,False,False,False,False,False,False
2023-02-20,0,0.0,0,False,2,20,2.0,0.0,2.4285714285714284,1.6428571428571428,1.3972762620115438,True,False,False,False,True,False,False,False,False,False,False,False
2023-02-21,2,56.0,1,False,2,21,0.0,4.0,2.4285714285714284,1.6428571428571428,1.3972762620115438,True,False,False,False,True,False,False,False,False,False,False,False
2023-02-22,0,0.0,2,False,2,22,2.0,2.0,2.142857142857143,1.7857142857142858,1.2149857925879117,True,False,False,False,True,False,False,False,False,False,False,False
2023-02-23,0,0.0,3,False,2,23,0.0,2.0,1.8571428571428572,1.7142857142857142,1.4638501094227996,True,False,False,False,True,False,False,False,False,False,False,False
2023-02-24,0,0.0,4,False,2,24,0.0,3.0,1.5714285714285714,1.7142857142857142,1.6183471874253739,True,False,False,False,True,False,False,False,False,False,False,False
2023-02-25,0,0.0,5,True,2,25,0.0,4.0,1.1428571428571428,1.5714285714285714,1.573591584938886,True,False,False,False,True,False,False,False,False,False,False,False
2023-02-26,0,0.0,6,True,2,26,0.0,2.0,0.5714285714285714,1.3571428571428572,0.9759000729485324,True,False,False,False,True,False,False,False,False,False,False,False
2023-02-27,0,0.0,0,False,2,27,0.0,0.0,0.2857142857142857,1.3571428571428572,0.7559289460184533,True,False,False,False,True,False,False,False,False,False,False,False
2023-02-28,0,0.0,1,False,2,28,0.0,2.0,0.2857142857142857,1.3571428571428572,0.7559289460184533,True,False,False,False,True,False,False,False,False,False,False,False
2023-03-01,0,0.0,2,False,3,1,0.0,0.0,0.0,1.0714285714285714,0.0,True,False,False,False,True,False,False,False,False,False,False,False
2023-03-02,0,0.0,3,False,3,2,0.0,0.0,0.0,0.9285714285714286,0.0,True,False,False,False,True,False,False,False,False,False,False,False
2023-03-03,0,0.0,4,False,3,3,0.0,0.0,0.0,0.7857142857142857,0.0,True,False,False,False,True,False,False,False,False,False,False,False
2023-03-04,0,0.0,5,True,3,4,0.0,0.0,0.0,0.5714285714285714,0.0,True,False,False,False,True,False,False,False,False,False,False,False
2023-03-05,0,0.0,6,True,3,5,0.0,0.0,0.0,0.2857142857142857,0.0,True,False,False,False,True,False,False,False,False,False,False,False
2023-03-06,0,0.0,0,False,3,6,0.0,0.0,0.0,0.14285714285714285,0.0,True,False,False,False,True,False,False,False,False,False,False,False
2023-03-07,0,0.0,1,False,3,7,0.0,0.0,0.0,0.14285714285714285,0.0,True,False,False,False,True,False,False,False,False,False,False,False
2023-03-08,2,26.0,2,False,3,8,0.0,0.0,0.0,0.0,0.0,True,False,False,False,True,False,False,False,False,False,False,False
2023-03-09,0,0.0,3,False,3,9,2.0,0.0,0.2857142857142857,0.14285714285714285,0.7559289460184545,True,False,False,False,True,False,False,False,False,False,False,False
2023-03-10,2,24.0,4,False,3,10,0.0,0.0,0.2857142857142857,0.14285714285714285,0.7559289460184545,True,False,False,False,True,False,False,False,False,False,False,False
2023-03-11,5,82.0,5,True,3,11,2.0,0.0,0.5714285714285714,0.2857142857142857,0.9759000729485332,True,False,False,False,True,False,False,False,False,False,False,False
2023-03-12,0,0.0,6,True,3,12,5.0,0.0,1.2857142857142858,0.6428571428571429,1.889822365046136,True,False,False,False,True,False,False,False,False,False,False,False
2023-03-13,0,0.0,0,False,3,13,0.0,0.0,1.2857142857142858,0.6428571428571429,1.889822365046136,True,False,False,False,True,False,False,False,False,False,False,False
2023-03-14,7,165.0,1,False,3,14,0.0,0.0,1.2857142857142858,0.6428571428571429,1.889822365046136,True,False,False,False,True,False,False,False,False,False,False,False
2023-03-15,5,84.0,2,False,3,15,7.0,2.0,2.2857142857142856,1.1428571428571428,2.751622897751175,True,False,False,False,True,False,False,False,False,False,False,False
2023-03-16,1,28.0,3,False,3,16,5.0,0.0,2.7142857142857144,1.5,2.9277002188455996,True,False,False,False,True,False,False,False,False,False,False,False
2023-03-17,9,146.0,4,False,3,17,1.0,2.0,2.857142857142857,1.5714285714285714,2.7945525240230875,True,False,False,False,True,False,False,False,False,False,False,False
2023-03-18,3,68.0,5,True,3,18,9.0,5.0,3.857142857142857,2.2142857142857144,3.5790395093549625,True,False,False,False,True,False,False,False,False,False,False,False
2023-03-19,4,84.0,6,True,3,19,3.0,0.0,3.5714285714285716,2.4285714285714284,3.552329886011098,True,False,False,False,True,False,False,False,False,False,False,False
2023-03-20,0,0.0,0,False,3,20,4.0,0.0,4.142857142857143,2.7142857142857144,3.184785258515422,True,False,False,False,True,False,False,False,False,False,False,False
2023-03-21,2,40.0,1,False,3,21,0.0,7.0,4.142857142857143,2.7142857142857144,3.184785258515422,True,False,False,False,True,False,False,False,False,False,False,False
2023-03-22,0,0.0,2,False,3,22,2.0,5.0,3.4285714285714284,2.857142857142857,2.9920529661723827,True,False,False,False,True,False,False,False,False,False,False,False
2023-03-23,0,0.0,3,False,3,23,0.0,1.0,2.7142857142857144,2.7142857142857144,3.147183169877773,True,False,False,False,True,False,False,False,False,False,False,False
2023-03-24,0,0.0,4,False,3,24,0.0,9.0,2.5714285714285716,2.7142857142857144,3.2586880211286906,True,False,False,False,True,False,False,False,False,False,False,False
2023-03-25,0,0.0,5,True,3,25,0.0,3.0,1.2857142857142858,2.5714285714285716,1.704336206492694,True,False,False,False,True,False,False,False,False,False,False,False
2023-03-26,0,0.0,6,True,3,26,0.0,4.0,0.8571428571428571,2.2142857142857144,1.5735915849388868,True,False,False,False,True,False,False,False,False,False,False,False
2023-03-27,0,0.0,0,False,3,27,0.0,0.0,0.2857142857142857,2.2142857142857144,0.7559289460184555,True,False,False,False,True,False,False,False,False,False,False,False
2023-03-28,0,0.0,1,False,3,28,0.0,2.0,0.2857142857142857,2.2142857142857144,0.7559289460184555,True,False,False,False,True,False,False,False,False,False,False,False
2023-03-29,0,0.0,2,False,3,29,0.0,0.0,0.0,1.7142857142857142,0.0,True,False,False,False,True,False,False,False,False,False,False,False
2023-03-30,1,12.0,3,False,3,30,0.0,0.0,0.0,1.3571428571428572,0.0,True,False,False,False,True,False,False,False,False,False,False,False
2023-03-31,0,0.0,4,False,3,31,1.0,0.0,0.14285714285714285,1.3571428571428572,0.37796447300922725,True,False,False,False,True,False,False,False,False,False,False,False
2023-04-01,0,0.0,5,True,4,1,0.0,0.0,0.14285714285714285,0.7142857142857143,0.37796447300922725,True,False,False,False,True,False,False,False,False,False,False,False
2023-04-02,0,0.0,6,True,4,2,0.0,0.0,0.14285714285714285,0.5,0.37796447300922725,True,False,False,False,True,False,False,False,False,False,False,False
2023-04-03,0,0.0,0,False,4,3,0.0,0.0,0.14285714285714285,0.21428571428571427,0.37796447300922725,True,False,False,False,True,False,False,False,False,False,False,False
2023-04-04,0,0.0,1,False,4,4,0.0,0.0,0.14285714285714285,0.21428571428571427,0.37796447300922725,True,False,False,False,True,False,False,False,False,False,False,False
2023-04-05,0,0.0,2,False,4,5,0.0,0.0,0.14285714285714285,0.07142857142857142,0.37796447300922725,True,False,False,False,True,False,False,False,False,False,False,False
2023-04-06,0,0.0,3,False,4,6,0.0,1.0,0.14285714285714285,0.07142857142857142,0.37796447300922725,True,False,False,False,True,False,False,False,False,False,False,False
2023-04-07,0,0.0,4,False,4,7,0.0,0.0,0.0,0.07142857142857142,0.0,True,False,False,False,True,False,False,False,False,False,False,False
2023-04-08,3,54.0,5,True,4,8,0.0,0.0,0.0,0.07142857142857142,0.0,True,False,False,False,True,False,False,False,False,False,False,False
2023-04-09,0,0.0,6,True,4,9,3.0,0.0,0.42857142857142855,0.2857142857142857,1.1338934190276817,True,False,False,False,True,False,False,False,False,False,False,False
2023-04-10,3,38.0,0,False,4,10,0.0,0.0,0.42857142857142855,0.2857142857142857,1.1338934190276817,True,False,False,False,True,False,False,False,False,False,False,False
2023-04-11,4,54.0,1,False,4,11,3.0,0.0,0.8571428571428571,0.5,1.4638501094227998,True,False,False,False,True,False,False,False,False,False,False,False
2023-04-12,0,0.0,2,False,4,12,4.0,0.0,1.4285714285714286,0.7857142857142857,1.8126539343499315,True,False,False,False,True,False,False,False,False,False,False,False
2023-04-13,0,0.0,3,False,4,13,0.0,0.0,1.4285714285714286,0.7857142857142857,1.8126539343499315,True,False,False,False,True,False,False,False,False,False,False,False
2023-04-14,7,170.0,4,False,4,14,0.0,0.0,1.4285714285714286,0.7142857142857143,1.8126539343499315,True,False,False,False,True,False,False,False,False,False,False,False
2023-04-15,6,112.0,5,True,4,15,7.0,3.0,2.4285714285714284,1.2142857142857142,2.63673679998231,True,False,False,False,True,False,False,False,False,False,False,False
2023-04-16,2,28.0,6,True,4,16,6.0,0.0,2.857142857142857,1.6428571428571428,2.9680841985233184,True,False,False,False,True,False,False,False,False,False,False,False
2023-04-17,9,150.0,0,False,4,17,2.0,3.0,3.142857142857143,1.7857142857142858,2.734262327610589,True,False,False,False,True,False,False,False,False,False,False,False
2023-04-18,5,78.0,1,False,4,18,9.0,4.0,4.0,2.4285714285714284,3.5118845842842465,True,False,False,False,True,False,False,False,False,False,False,False
2023-04-19,6,112.0,2,False,4,19,5.0,0.0,4.142857142857143,2.7857142857142856,3.532165125838609,True,False,False,False,True,False,False,False,False,False,False,False
2023-04-20,0,0.0,3,False,4,20,6.0,0.0,5.0,3.2142857142857144,3.055050463303893,True,False,False,False,True,False,False,False,False,False,False,False
2023-04-21,6,147.0,4,False,4,21,0.0,7.0,5.0,3.2142857142857144,3.055050463303893,True,False,False,False,True,False,False,False,False,False,False,False
2023-04-22,0,0.0,5,True,4,22,6.0,6.0,4.857142857142857,3.642857142857143,2.9680841985233184,True,False,False,False,True,False,False,False,False,False,False,False
2023-04-23,0,0.0,6,True,4,23,0.0,2.0,4.0,3.4285714285714284,3.415650255319866,True,False,False,False,True,False,False,False,False,False,False,False
2023-04-24,0,0.0,0,False,4,24,0.0,9.0,3.7142857142857144,3.4285714285714284,3.6839419880650364,True,False,False,False,True,False,False,False,False,False,False,False
2023-04-25,0,0.0,1,False,4,25,0.0,5.0,2.4285714285714284,3.2142857142857144,3.047247001100221,True,False,False,False,True,False,False,False,False,False,False,False
2023-04-26,0,0.0,2,False,4,26,0.0,6.0,1.7142857142857142,2.9285714285714284,2.9277002188456,True,False,False,False,True,False,False,False,False,False,False,False
2023-04-27,0,0.0,3,False,4,27,0.0,0.0,0.8571428571428571,2.9285714285714284,2.2677868380553647,True,False,False,False,True,False,False,False,False,False,False,False
2023-04-28,0,0.0,4,False,4,28,0.0,6.0,0.8571428571428571,2.9285714285714284,2.2677868380553647,True,False,False,False,True,False,False,False,False,False,False,False
2023-04-29,0,0.0,5,True,4,29,0.0,0.0,0.0,2.4285714285714284,0.0,True,False,False,False,True,False,False,False,False,False,False,False
2023-04-30,1,14.0,6,True,4,30,0.0,0.0,0.0,2.0,0.0,True,False,False,False,True,False,False,False,False,False,False,False
2023-05-01,0,0.0,0,False,5,1,1.0,0.0,0.14285714285714285,1.9285714285714286,0.37796447300922725,True,False,False,False,True,False,False,False,False,False,False,False
2023-05-02,0,0.0,1,False,5,2,0.0,0.0,0.14285714285714285,1.2857142857142858,0.37796447300922725,True,False,False,False,True,False,False,False,False,False,False,False
2023-05-03,0,0.0,2,False,5,3,0.0,0.0,0.14285714285714285,0.9285714285714286,0.37796447300922725,True,False,False,False,True,False,False,False,False,False,False,False
2023-05-04,0,0.0,3,False,5,4,0.0,0.0,0.14285714285714285,0.5,0.37796447300922725,True,False,False,False,True,False,False,False,False,False,False,False
2023-05-05,0,0.0,4,False,5,5,0.0,0.0,0.14285714285714285,0.5,0.37796447300922725,True,False,False,False,True,False,False,False,False,False,False,False
2023-05-06,0,0.0,5,True,5,6,0.0,0.0,0.14285714285714285,0.07142857142857142,0.37796447300922725,True,False,False,False,True,False,False,False,False,False,False,False
2023-05-07,0,0.0,6,True,5,7,0.0,1.0,0.14285714285714285,0.07142857142857142,0.37796447300922725,True,False,False,False,True,False,False,False,False,False,False,False
2023-05-08,2,28.0,0,False,5,8,0.0,0.0,0.0,0.07142857142857142,0.0,True,False,False,False,True,False,False,False,False,False,False,False
2023-05-09,0,0.0,1,False,5,9,2.0,0.0,0.2857142857142857,0.21428571428571427,0.7559289460184545,True,False,False,False,True,False,False,False,False,False,False,False
2023-05-10,1,14.0,2,False,5,10,0.0,0.0,0.2857142857142857,0.21428571428571427,0.7559289460184545,True,False,False,False,True,False,False,False,False,False,False,False
2023-05-11,4,82.0,3,False,5,11,1.0,0.0,0.42857142857142855,0.2857142857142857,0.7867957924694432,True,False,False,False,True,False,False,False,False,False,False,False
2023-05-12,0,0.0,4,False,5,12,4.0,0.0,1.0,0.5714285714285714,1.5275252316519468,True,False,False,False,True,False,False,False,False,False,False,False
2023-05-13,0,0.0,5,True,5,13,0.0,0.0,1.0,0.5714285714285714,1.5275252316519468,True,False,False,False,True,False,False,False,False,False,False,False
2023-05-14,7,165.0,6,True,5,14,0.0,0.0,1.0,0.5714285714285714,1.5275252316519468,True,False,False,False,True,False,False,False,False,False,False,False
2023-05-15,5,98.0,0,False,5,15,7.0,2.0,2.0,1.0,2.6457513110645907,True,False,False,False,True,False,False,False,False,False,False,False
2023-05-16,1,14.0,1,False,5,16,5.0,0.0,2.4285714285714284,1.3571428571428572,2.878491668515698,True,False,False,False,True,False,False,False,False,False,False,False
2023-05-17,8,152.0,2,False,5,17,1.0,1.0,2.5714285714285716,1.4285714285714286,2.760262237369417,True,False,False,False,True,False,False,False,False,False,False,False
2023-05-18,5,110.0,3,False,5,18,8.0,4.0,3.5714285714285716,2.0,3.3094381626464866,True,False,False,False,True,False,False,False,False,False,False,False
2023-05-19,3,70.0,4,False,5,19,5.0,0.0,3.7142857142857144,2.357142857142857,3.3523268393901033,True,False,False,False,True,False,False,False,False,False,False,False
2023-05-20,0,0.0,5,True,5,20,3.0,0.0,4.142857142857143,2.5714285714285716,2.9680841985233193,True,False,False,False,True,False,False,False,False,False,False,False
2023-05-21,9,226.0,6,True,5,21,0.0,7.0,4.142857142857143,2.5714285714285716,2.9680841985233193,True,False,False,False,True,False,False,False,False,False,False,False
2023-05-22,0,0.0,0,False,5,22,9.0,5.0,4.428571428571429,3.2142857142857144,3.359421718944243,True,False,False,False,True,False,False,False,False,False,False,False
2023-05-23,0,0.0,1,False,5,23,0.0,1.0,3.7142857142857144,3.0714285714285716,3.7289089429432183,True,False,False,False,True,False,False,False,False,False,False,False
2023-05-24,0,0.0,2,False,5,24,0.0,8.0,3.5714285714285716,3.0714285714285716,3.8668308667927227,True,False,False,False,True,False,False,False,False,False,False,False
2023-05-25,0,0.0,3,False,5,25,0.0,5.0,2.4285714285714284,3.0,3.5050983275386574,True,False,False,False,True,False,False,False,False,False,False,False
2023-05-26,0,0.0,4,False,5,26,0.0,3.0,1.7142857142857142,2.7142857142857144,3.4016802570830458,True,False,False,False,True,False,False,False,False,False,False,False
2023-05-27,0,0.0,5,True,5,27,0.0,0.0,1.2857142857142858,2.7142857142857144,3.4016802570830458,True,False,False,False,True,False,False,False,False,False,False,False
2023-05-28,0,0.0,6,True,5,28,0.0,9.0,1.2857142857142858,2.7142857142857144,3.4016802570830458,True,False,False,False,True,False,False,False,False,False,False,False
2023-05-29,0,0.0,0,False,5,29,0.0,0.0,0.0,2.2142857142857144,0.0,True,False,False,False,True,False,False,False,False,False,False,False
2023-05-30,2,40.0,1,False,5,30,0.0,0.0,0.0,1.8571428571428572,0.0,True,False,False,False,True,False,False,False,False,False,False,False
2023-05-31,3,38.0,2,False,5,31,2.0,0.0,0.2857142857142857,1.9285714285714286,0.7559289460184545,True,False,False,False,True,False,False,False,False,False,False,False
2023-06-01,0,0.0,3,False,6,1,3.0,0.0,0.7142857142857143,1.5714285714285714,1.2535663410560174,True,False,False,False,True,False,False,False,False,False,False,False
2023-06-02,0,0.0,4,False,6,2,0.0,0.0,0.7142857142857143,1.2142857142857142,1.2535663410560174,True,False,False,False,True,False,False,False,False,False,False,False
2023-06-03,0,0.0,5,True,6,3,0.0,0.0,0.7142857142857143,1.0,1.2535663410560174,True,False,False,False,True,False,False,False,False,False,False,False
2023-06-04,0,0.0,6,True,6,4,0.0,0.0,0.7142857142857143,1.0,1.2535663410560174,True,False,False,False,True,False,False,False,False,False,False,False
2023-06-05,0,0.0,0,False,6,5,0.0,0.0,0.7142857142857143,0.35714285714285715,1.2535663410560174,True,False,False,False,True,False,False,False,False,False,False,False
2023-06-06,0,0.0,1,False,6,6,0.0,2.0,0.7142857142857143,0.35714285714285715,1.2535663410560174,True,False,False,False,True,False,False,False,False,False,False,False
2023-06-07,0,0.0,2,False,6,7,0.0,3.0,0.42857142857142855,0.35714285714285715,1.1338934190276817,True,False,False,False,True,False,False,False,False,False,False,False
2023-06-08,3,54.0,3,False,6,8,0.0,0.0,0.0,0.35714285714285715,0.0,True,False,False,False,True,False,False,False,False,False,False,False
2023-06-09,0,0.0,4,False,6,9,3.0,0.0,0.42857142857142855,0.5714285714285714,1.1338934190276817,True,False,False,False,True,False,False,False,False,False,False,False
2023-06-10,3,38.0,5,True,6,10,0.0,0.0,0.42857142857142855,0.5714285714285714,1.1338934190276817,True,False,False,False,True,False,False,False,False,False,False,False
2023-06-11,8,134.0,6,True,6,11,3.0,0.0,0.8571428571428571,0.7857142857142857,1.4638501094227998,True,False,False,False,True,False,False,False,False,False,False,False
2023-06-12,0,0.0,0,False,6,12,8.0,0.0,2.0,1.3571428571428572,3.0,True,False,False,False,True,False,False,False,False,False,False,False
2023-06-13,0,0.0,1,False,6,13,0.0,0.0,2.0,1.3571428571428572,3.0,True,False,False,False,True,False,False,False,False,False,False,False
2023-06-14,8,214.0,2,False,6,14,0.0,0.0,2.0,1.2142857142857142,3.0,True,False,False,False,True,False,False,False,False,False,False,False
2023-06-15,7,154.0,3,False,6,15,8.0,3.0,3.142857142857143,1.5714285714285714,3.5790395093549625,True,False,False,False,True,False,False,False,False,False,False,False
2023-06-16,5,82.0,4,False,6,16,7.0,0.0,3.7142857142857144,2.0714285714285716,3.860668582611295,True,False,False,False,True,False,False,False,False,False,False,False
2023-06-17,10,192.0,5,True,6,17,5.0,3.0,4.428571428571429,2.4285714285714284,3.5050983275386565,True,False,False,False,True,False,False,False,False,False,False,False
2023-06-18,6,88.0,6,True,6,18,10.0,8.0,5.428571428571429,3.142857142857143,3.9940431835899015,True,False,False,False,True,False,False,False,False,False,False,False
2023-06-19,7,154.0,0,False,6,19,6.0,0.0,5.142857142857143,3.5714285714285716,3.8483144114694956,True,False,False,False,True,False,False,False,False,False,False,False
2023-06-20,0,0.0,1,False,6,20,7.0,0.0,6.142857142857143,4.071428571428571,3.1320159337914952,True,False,False,False,True,False,False,False,False,False,False,False
2023-06-21,10,233.0,2,False,6,21,0.0,8.0,6.142857142857143,4.071428571428571,3.1320159337914952,True,False,False,False,True,False,False,False,False,False,False,False
2023-06-22,0,0.0,3,False,6,22,10.0,7.0,6.428571428571429,4.785714285714286,3.408672412985387,True,False,False,False,True,False,False,False,False,False,False,False
2023-06-23,0,0.0,4,False,6,23,0.0,5.0,5.428571428571429,4.571428571428571,4.1576092031015,True,False,False,False,True,False,False,False,False,False,False,False
2023-06-24,0,0.0,5,True,6,24,0.0,10.0,4.714285714285714,4.571428571428571,4.644505202002531,True,False,False,False,True,False,False,False,False,False,False,False
2023-06-25,0,0.0,6,True,6,25,0.0,6.0,3.2857142857142856,4.357142857142857,4.270608298368658,True,False,False,False,True,False,False,False,False,False,False,False
2023-06-26,0,0.0,0,False,6,26,0.0,7.0,2.4285714285714284,3.7857142857142856,4.2370250120079485,True,False,False,False,True,False,False,False,False,False,False,False
2023-06-27,0,0.0,1,False,6,27,0.0,0.0,1.4285714285714286,3.7857142857142856,3.779644730092272,True,False,False,False,True,False,False,False,False,False,False,False
2023-06-28,0,0.0,2,False,6,28,0.0,10.0,1.4285714285714286,3.7857142857142856,3.779644730092272,True,False,False,False,True,False,False,False,False,False,False,False
2023-06-29,0,0.0,3,False,6,29,0.0,0.0,0.0,3.2142857142857144,0.0,True,False,False,False,True,False,False,False,False,False,False,False
2023-06-30,2,28.0,4,False,6,30,0.0,0.0,0.0,2.7142857142857144,0.0,True,False,False,False,True,False,False,False,False,False,False,False
2023-01-15,140,413.35,6,True,1,15,84.0,77.0,89.28571428571429,104.0,11.397577019031756,True,False,False,False,False,True,False,False,False,False,False,False
2023-01-16,126,378.7,0,False,1,16,140.0,79.0,98.28571428571429,105.07142857142857,20.950053983337646,True,False,False,False,False,True,False,False,False,False,False,False
2023-01-17,109,330.05,1,False,1,17,126.0,110.0,105.0,104.0,21.268129521265703,True,False,False,False,False,True,False,False,False,False,False,False
2023-01-18,110,326.75,2,False,1,18,109.0,94.0,104.85714285714286,101.78571428571429,21.23227552123239,True,False,False,False,False,True,False,False,False,False,False,False
2023-01-19,138,429.6,3,False,1,19,110.0,86.0,107.14285714285714,101.64285714285714,20.72380733543407,True,False,False,False,False,True,False,False,False,False,False,False
2023-01-20,62,174.3,4,False,1,20,138.0,95.0,114.57142857142857,103.14285714285714,21.196360873643272,True,False,False,False,False,True,False,False,False,False,False,False
2023-01-21,90,285.45,5,True,1,21,62.0,84.0,109.85714285714286,100.92857142857143,28.638136411834797,True,False,False,False,False,True,False,False,False,False,False,False
2023-01-22,100,291.25,6,True,1,22,90.0,140.0,110.71428571428571,100.0,27.81315207903321,True,False,False,False,False,True,False,False,False,False,False,False
2023-01-23,133,413.15,0,False,1,23,100.0,126.0,105.0,101.64285714285714,24.731895735399405,True,False,False,False,False,True,False,False,False,False,False,False
2023-01-24,124,385.7,1,False,1,24,133.0,109.0,106.0,105.5,25.83924663504467,True,False,False,False,False,True,False,False,False,False,False,False
2023-01-25,152,442.1,2,False,1,25,124.0,110.0,108.14285714285714,106.5,26.73592197418156,True,False,False,False,False,True,False,False,False,False,False,False
2023-01-26,164,496.45,3,False,1,26,152.0,138.0,114.14285714285714,110.64285714285714,31.508880078630607,True,False,False,False,False,True,False,False,False,False,False,False
2023-01-27,112,321.90000000000003,4,False,1,27,164.0,62.0,117.85714285714286,116.21428571428571,36.00198407230994,True,False,False,False,False,True,False,False,False,False,False,False
2023-01-28,125,371.15,5,True,1,28,112.0,90.0,125.0,117.42857142857143,26.876259660401683,True,False,False,False,False,True,False,False,False,False,False,False
2023-01-29,99,287.25,6,True,1,29,125.0,100.0,130.0,120.35714285714286,22.11334438749602,True,False,False,False,False,True,False,False,False,False,False,False
2023-01-30,96,303.0,0,False,1,30,99.0,133.0,129.85714285714286,117.42857142857143,22.34150525687244,True,False,False,False,False,True,False,False,False,False,False,False
2023-01-31,99,312.9,1,False,1,31,96.0,124.0,124.57142857142857,115.28571428571429,25.611567327135262,True,False,False,False,False,True,False,False,False,False,False,False
2023-02-01,108,326.2,2,False,2,1,99.0,152.0,121.0,114.57142857142857,27.38612787525833,True,False,False,False,False,True,False,False,False,False,False,False
2023-02-02,123,375.25,3,False,2,2,108.0,164.0,114.71428571428571,114.42857142857143,23.9145303509135,True,False,False,False,False,True,False,False,False,False,False,False
2023-02-03,128,375.85,4,False,2,3,123.0,112.0,108.85714285714286,113.35714285714286,11.76759068272649,True,False,False,False,False,True,False,False,False,False,False,False
2023-02-04,130,383.05,5,True,2,4,128.0,125.0,111.14285714285714,118.07142857142857,13.849531537547572,True,False,False,False,False,True,False,False,False,False,False,False
2023-02-05,134,408.6,6,True,2,5,130.0,99.0,111.85714285714286,120.92857142857143,14.780940107996903,True,False,False,False,False,True,False,False,False,False,False,False
2023-02-06,84,255.75,0,False,2,6,134.0,96.0,116.85714285714286,123.35714285714286,15.60372360932453,True,False,False,False,False,True,False,False,False,False,False,False
2023-02-07,106,324.3,1,False,2,7,84.0,99.0,115.14285714285714,119.85714285714286,18.64071325020026,True,False,False,False,False,True,False,False,False,False,False,False
2023-02-08,92,288.9,2,False,2,8,106.0,108.0,116.14285714285714,118.57142857142857,17.799143906646886,True,False,False,False,False,True,False,False,False,False,False,False
2023-02-09,100,297.3,3,False,2,9,92.0,123.0,113.85714285714286,114.28571428571429,19.9200784087193,True,False,False,False,False,True,False,False,False,False,False,False
2023-02-10,103,315.65,4,False,2,10,100.0,128.0,110.57142857142857,109.71428571428571,20.057061456896296,True,False,False,False,False,True,False,False,False,False,False,False
2023-02-11,89,262.6,5,True,2,11,103.0,130.0,107.0,109.07142857142857,18.61003313627715,True,False,False,False,False,True,False,False,False,False,False,False
2023-02-12,82,257.95,6,True,2,12,89.0,134.0,101.14285714285714,106.5,16.496752927253798,True,False,False,False,False,True,False,False,False,False,False,False
2023-02-13,85,264.9,0,False,2,13,82.0,84.0,93.71428571428571,105.28571428571429,9.428932172030974,True,False,False,False,False,True,False,False,False,False,False,False
2023-02-14,76,230.75,1,False,2,14,85.0,106.0,93.85714285714286,104.5,9.263343014782658,True,False,False,False,False,True,False,False,False,False,False,False
2023-02-15,146,456.5,2,False,2,15,76.0,92.0,89.57142857142857,102.85714285714286,9.641181512261827,True,False,False,False,False,True,False,False,False,False,False,False
2023-02-16,139,421.0,3,False,2,16,146.0,100.0,97.28571428571429,105.57142857142857,23.521013907527337,True,False,False,False,False,True,False,False,False,False,False,False
2023-02-17,134,398.05,4,False,2,17,139.0,103.0,102.85714285714286,106.71428571428571,28.386784316113083,True,False,False,False,False,True,False,False,False,False,False,False
2023-02-18,104,333.7,5,True,2,18,134.0,89.0,107.28571428571429,107.14285714285714,30.733880792562285,True,False,False,False,False,True,False,False,False,False,False,False
2023-02-19,134,393.1,6,True,2,19,104.0,82.0,109.42857142857143,105.28571428571429,29.753751264096348,True,False,False,False,False,True,False,False,False,False,False,False
2023-02-20,63,195.3,0,False,2,20,134.0,85.0,116.85714285714286,105.28571428571429,28.2160035643402,True,False,False,False,False,True,False,False,False,False,False,False
2023-02-21,93,268.0,1,False,2,21,63.0,76.0,113.71428571428571,103.78571428571429,33.14973245600578,True,False,False,False,False,True,False,False,False,False,False,False
2023-02-22,142,425.85,2,False,2,22,93.0,146.0,116.14285714285714,102.85714285714286,30.43807139876296,True,False,False,False,False,True,False,False,False,False,False,False
2023-02-23,115,355.3,3,False,2,23,142.0,139.0,115.57142857142857,106.42857142857143,29.815304475258714,True,False,False,False,False,True,False,False,False,False,False,False
2023-02-24,153,480.4,4,False,2,24,115.0,134.0,112.14285714285714,107.5,27.996598432836883,True,False,False,False,False,True,False,False,False,False,False,False
2023-02-25,128,383.4,5,True,2,25,153.0,104.0,114.85714285714286,111.07142857142857,31.20592129403529,True,False,False,False,False,True,False,False,False,False,False,False
2023-02-26,165,505.4,6,True,2,26,128.0,134.0,118.28571428571429,113.85714285714286,31.13258895816564,True,False,False,False,False,True,False,False,False,False,False,False
2023-02-27,110,333.45,0,False,2,27,165.0,63.0,122.71428571428571,119.78571428571429,35.62168948695113,True,False,False,False,False,True,False,False,False,False,False,False
2023-02-28,136,409.25,1,False,2,28,110.0,93.0,129.42857142857142,121.57142857142857,25.47454378300786,True,False,False,False,False,True,False,False,False,False,False,False
2023-03-01,122,372.9,2,False,3,1,136.0,142.0,135.57142857142858,125.85714285714286,19.772515797247085,True,False,False,False,False,True,False,False,False,False,False,False
2023-03-02,150,453.6,3,False,3,2,122.0,115.0,132.71428571428572,124.14285714285714,20.130526452085135,True,False,False,False,False,True,False,False,False,False,False,False
2023-03-03,175,540.1,4,False,3,3,150.0,153.0,137.71428571428572,124.92857142857143,19.32799597918609,True,False,False,False,False,True,False,False,False,False,False,False
2023-03-04,133,405.3,5,True,3,4,175.0,128.0,140.85714285714286,127.85714285714286,23.554394999862115,True,False,False,False,False,True,False,False,False,False,False,False
2023-03-05,152,459.1,6,True,3,5,133.0,165.0,141.57142857142858,129.92857142857142,23.172232972943863,True,False,False,False,False,True,False,False,False,False,False,False
2023-03-06,90,264.15,0,False,3,6,152.0,110.0,139.71428571428572,131.21428571428572,21.437617138372307,True,False,False,False,False,True,False,False,False,False,False,False
2023-03-07,136,423.5,1,False,3,7,90.0,136.0,136.85714285714286,133.14285714285714,26.73592197418164,True,False,False,False,False,True,False,False,False,False,False,False
2023-03-08,123,389.05,2,False,3,8,136.0,122.0,136.85714285714286,136.21428571428572,26.73592197418164,True,False,False,False,False,True,False,False,False,False,False,False
2023-03-09,106,321.35,3,False,3,9,123.0,150.0,137.0,134.85714285714286,26.64582518894855,True,False,False,False,False,True,False,False,False,False,False,False
2023-03-10,114,356.45,4,False,3,10,106.0,175.0,130.71428571428572,134.21428571428572,28.211784096451,True,False,False,False,False,True,False,False,False,False,False,False
2023-03-11,113,346.6,5,True,3,11,114.0,133.0,122.0,131.42857142857142,20.66397831977188,True,False,False,False,False,True,False,False,False,False,False,False
2023-03-12,94,277.15,6,True,3,12,113.0,152.0,119.14285714285714,130.35714285714286,20.268436639502454,True,False,False,False,False,True,False,False,False,False,False,False
2023-03-13,111,339.9,0,False,3,13,94.0,90.0,110.85714285714286,125.28571428571429,16.00446366308029,True,False,False,False,False,True,False,False,False,False,False,False
2023-03-14,95,285.9,1,False,3,14,111.0,136.0,113.85714285714286,125.35714285714286,13.158375931050834,True,False,False,False,False,True,False,False,False,False,False,False
2023-03-15,165,499.25,2,False,3,15,95.0,123.0,108.0,122.42857142857143,10.519822558706316,True,False,False,False,False,True,False,False,False,False,False,False
2023-03-16,150,427.0,3,False,3,16,165.0,106.0,114.0,125.5,23.930454794396773,True,False,False,False,False,True,False,False,False,False,False,False
2023-03-17,161,490.4,4,False,3,17,150.0,114.0,120.28571428571429,125.5,27.053738409039962,True,False,False,False,False,True,False,False,False,False,False,False
2023-03-18,133,404.15,5,True,3,18,161.0,113.0,127.0,124.5,30.805843601498783,True,False,False,False,False,True,False,False,False,False,False,False
2023-03-19,144,435.75,6,True,3,19,133.0,94.0,129.85714285714286,124.5,30.212737774149627,True,False,False,False,False,True,False,False,False,False,False,False
2023-03-20,82,245.65,0,False,3,20,144.0,111.0,137.0,123.92857142857143,25.92939130279264,True,False,False,False,False,True,False,False,False,False,False,False
2023-03-21,77,234.15,1,False,3,21,82.0,95.0,132.85714285714286,123.35714285714286,32.308041163300636,True,False,False,False,False,True,False,False,False,False,False,False
2023-03-22,160,483.3,2,False,3,22,77.0,165.0,130.28571428571428,119.14285714285714,36.29377488272747,True,False,False,False,False,True,False,False,False,False,False,False
2023-03-23,138,440.5,3,False,3,23,160.0,150.0,129.57142857142858,121.78571428571429,35.53804132127128,True,False,False,False,False,True,False,False,False,False,False,False
2023-03-24,187,590.65,4,False,3,24,138.0,161.0,127.85714285714286,124.07142857142857,34.66712453910083,True,False,False,False,False,True,False,False,False,False,False,False
2023-03-25,162,480.75,5,True,3,25,187.0,133.0,131.57142857142858,129.28571428571428,39.819832340418664,True,False,False,False,False,True,False,False,False,False,False,False
2023-03-26,188,571.75,6,True,3,26,162.0,144.0,135.71428571428572,132.78571428571428,41.4677154973774,True,False,False,False,False,True,False,False,False,False,False,False
2023-03-27,161,479.9,0,False,3,27,188.0,82.0,142.0,139.5,46.01811237617938,True,False,False,False,False,True,False,False,False,False,False,False
2023-03-28,145,439.45,1,False,3,28,161.0,77.0,153.28571428571428,143.07142857142858,37.805265443296456,True,False,False,False,False,True,False,False,False,False,False,False
2023-03-29,136,402.45,2,False,3,29,145.0,160.0,163.0,146.64285714285714,18.991226044325828,True,False,False,False,False,True,False,False,False,False,False,False
2023-03-30,122,388.3,3,False,3,30,136.0,138.0,159.57142857142858,144.57142857142858,21.609080983521558,True,False,False,False,False,True,False,False,False,False,False,False
2023-03-31,132,400.55,4,False,3,31,122.0,187.0,157.28571428571428,142.57142857142858,24.8710962478826,True,False,False,False,False,True,False,False,False,False,False,False
2023-04-01,201,594.9,5,True,4,1,132.0,162.0,149.42857142857142,140.5,22.493385271061136,True,False,False,False,False,True,False,False,False,False,False,False
2023-04-02,181,560.0,6,True,4,2,201.0,188.0,155.0,145.35714285714286,29.77694857883657,True,False,False,False,False,True,False,False,False,False,False,False
2023-04-03,200,590.35,0,False,4,3,181.0,161.0,154.0,148.0,28.577380332470593,True,False,False,False,False,True,False,False,False,False,False,False
2023-04-04,151,456.35,1,False,4,4,200.0,145.0,159.57142857142858,156.42857142857142,33.54030979213508,True,False,False,False,False,True,False,False,False,False,False,False
2023-04-05,176,531.6,2,False,4,5,151.0,136.0,160.42857142857142,161.71428571428572,33.18060248025031,True,False,False,False,False,True,False,False,False,False,False,False
2023-04-06,121,369.2,3,False,4,6,176.0,122.0,166.14285714285714,162.85714285714286,31.68295320530485,True,False,False,False,False,True,False,False,False,False,False,False
2023-04-07,164,520.4,4,False,4,7,121.0,132.0,166.0,161.64285714285714,31.916557876229067,True,False,False,False,False,True,False,False,False,False,False,False
2023-04-08,153,480.6,5,True,4,8,164.0,201.0,170.57142857142858,160.0,28.324648528900198,True,False,False,False,False,True,False,False,False,False,False,False
2023-04-09,129,401.55,6,True,4,9,153.0,181.0,163.71428571428572,159.35714285714286,25.388411304598034,True,False,False,False,False,True,False,False,False,False,False,False
2023-04-10,163,501.35,0,False,4,10,129.0,200.0,156.28571428571428,155.14285714285714,27.041414445958758,True,False,False,False,False,True,False,False,False,False,False,False
2023-04-11,152,461.9,1,False,4,11,163.0,151.0,151.0,155.28571428571428,19.689252567496755,True,False,False,False,False,True,False,False,False,False,False,False
2023-04-12,121,362.1,2,False,4,12,152.0,176.0,151.14285714285714,155.78571428571428,19.692880028313144,True,False,False,False,False,True,False,False,False,False,False,False
2023-04-13,144,446.2,3,False,4,13,121.0,121.0,143.28571428571428,154.71428571428572,19.085022798993574,True,False,False,False,False,True,False,False,False,False,False,False
2023-04-14,117,346.1,4,False,4,14,144.0,164.0,146.57142857142858,156.28571428571428,16.399767710318063,True,False,False,False,False,True,False,False,False,False,False,False
2023-04-15,193,583.45,5,True,4,15,117.0,153.0,139.85714285714286,155.21428571428572,17.648688066714726,True,False,False,False,False,True,False,False,False,False,False,False
2023-04-16,196,590.85,6,True,4,16,193.0,129.0,145.57142857142858,154.64285714285714,26.744825934855584,True,False,False,False,False,True,False,False,False,False,False,False
2023-04-17,195,587.25,0,False,4,17,196.0,163.0,155.14285714285714,155.71428571428572,31.40821851802809,True,False,False,False,False,True,False,False,False,False,False,False
2023-04-18,173,523.8,1,False,4,18,195.0,152.0,159.71428571428572,155.35714285714286,34.87938400504576,True,False,False,False,False,True,False,False,False,False,False,False
2023-04-19,203,604.75,2,False,4,19,173.0,121.0,162.71428571428572,156.92857142857142,35.008162313544005,True,False,False,False,False,True,False,False,False,False,False,False
2023-04-20,92,266.8,3,False,4,20,203.0,144.0,174.42857142857142,158.85714285714286,32.34118706776852,True,False,False,False,False,True,False,False,False,False,False,False
2023-04-21,106,318.45,4,False,4,21,92.0,117.0,167.0,156.78571428571428,44.26812246602155,True,False,False,False,False,True,False,False,False,False,False,False
2023-04-22,195,599.9,5,True,4,22,106.0,193.0,165.42857142857142,152.64285714285714,46.47887384915569,True,False,False,False,False,True,False,False,False,False,False,False
2023-04-23,191,606.85,6,True,4,23,195.0,196.0,165.71428571428572,155.64285714285714,46.68231030313421,True,False,False,False,False,True,False,False,False,False,False,False
2023-04-24,231,710.05,0,False,4,24,191.0,195.0,165.0,160.07142857142858,46.1771949487336,True,False,False,False,False,True,False,False,False,False,False,False
2023-04-25,209,607.55,1,False,4,25,231.0,173.0,170.14285714285714,164.92857142857142,51.74433486359841,True,False,False,False,False,True,False,False,False,False,False,False
2023-04-26,228,703.25,2,False,4,26,209.0,203.0,175.28571428571428,169.0,53.82290183467237,True,False,False,False,False,True,False,False,False,False,False,False
2023-04-27,171,507.75,3,False,4,27,228.0,92.0,178.85714285714286,176.64285714285714,56.71986298593178,True,False,False,False,False,True,False,False,False,False,False,False
2023-04-28,190,574.45,4,False,4,28,171.0,106.0,190.14285714285714,178.57142857142858,42.67875572783501,True,False,False,False,False,True,False,False,False,False,False,False
2023-04-29,147,437.7,5,True,4,29,190.0,195.0,202.14285714285714,183.78571428571428,21.759508047660734,True,False,False,False,False,True,False,False,False,False,False,False
2023-04-30,145,435.1,6,True,4,30,147.0,191.0,195.28571428571428,180.5,30.28043529912974,True,False,False,False,False,True,False,False,False,False,False,False
2023-05-01,233,703.15,0,False,5,1,145.0,231.0,188.71428571428572,176.85714285714286,35.84556823241585,True,False,False,False,False,True,False,False,False,False,False,False
2023-05-02,233,699.8,1,False,5,2,233.0,209.0,189.0,179.57142857142858,36.24453981866352,True,False,False,False,False,True,False,False,False,False,False,False
2023-05-03,270,798.9,2,False,5,3,233.0,228.0,192.42857142857142,183.85714285714286,39.44556224662542,True,False,False,False,False,True,False,False,False,False,False,False
2023-05-04,240,727.6,3,False,5,4,270.0,171.0,198.42857142857142,188.64285714285714,48.02033299501787,True,False,False,False,False,True,False,False,False,False,False,False
2023-05-05,252,776.45,4,False,5,5,240.0,190.0,208.28571428571428,199.21428571428572,48.530795328720075,True,False,False,False,False,True,False,False,False,False,False,False
2023-05-06,171,516.5,5,True,5,6,252.0,147.0,217.14285714285714,209.64285714285714,50.264064603613335,True,False,False,False,False,True,False,False,False,False,False,False
2023-05-07,166,504.1,6,True,5,7,171.0,145.0,220.57142857142858,207.92857142857142,45.2506248312559,True,False,False,False,False,True,False,False,False,False,False,False
2023-05-08,202,622.35,0,False,5,8,166.0,233.0,223.57142857142858,206.14285714285714,39.76957439574975,True,False,False,False,False,True,False,False,False,False,False,False
2023-05-09,165,495.40000000000003,1,False,5,9,202.0,233.0,219.14285714285714,204.07142857142858,40.26755754296771,True,False,False,False,False,True,False,False,False,False,False,False
2023-05-10,210,642.35,2,False,5,10,165.0,270.0,209.42857142857142,200.92857142857142,44.36160931427538,True,False,False,False,False,True,False,False,False,False,False,False
2023-05-11,165,486.85,3,False,5,11,210.0,240.0,200.85714285714286,199.64285714285714,35.648415445985044,True,False,False,False,False,True,False,False,False,False,False,False
2023-05-12,155,467.85,4,False,5,12,165.0,252.0,190.14285714285714,199.21428571428572,33.10301381762003,True,False,False,False,False,True,False,False,False,False,False,False
2023-05-13,168,498.7,5,True,5,13,155.0,171.0,176.28571428571428,196.71428571428572,20.97390669152454,True,False,False,False,False,True,False,False,False,False,False,False
2023-05-14,133,406.1,6,True,5,14,168.0,166.0,175.85714285714286,198.21428571428572,21.129983210504605,True,False,False,False,False,True,False,False,False,False,False,False
2023-05-15,264,793.75,0,False,5,15,133.0,202.0,171.14285714285714,197.35714285714286,26.6547592462623,True,False,False,False,False,True,False,False,False,False,False,False
2023-05-16,257,763.65,1,False,5,16,264.0,165.0,180.0,199.57142857142858,43.55838993045254,True,False,False,False,False,True,False,False,False,False,False,False
2023-05-17,220,663.6,2,False,5,17,257.0,210.0,193.14285714285714,201.28571428571428,51.44391305563962,True,False,False,False,False,True,False,False,False,False,False,False
2023-05-18,218,666.15,3,False,5,18,220.0,165.0,194.57142857142858,197.71428571428572,52.12439333893872,True,False,False,False,False,True,False,False,False,False,False,False
2023-05-19,255,777.35,4,False,5,19,218.0,155.0,202.14285714285714,196.14285714285714,50.94908756601577,True,False,False,False,False,True,False,False,False,False,False,False
2023-05-20,128,386.2,5,True,5,20,255.0,168.0,216.42857142857142,196.35714285714286,49.52728925504001,True,False,False,False,False,True,False,False,False,False,False,False
2023-05-21,148,444.55,6,True,5,21,128.0,133.0,210.71428571428572,193.28571428571428,57.68221645566435,True,False,False,False,False,True,False,False,False,False,False,False
2023-05-22,248,737.4,0,False,5,22,148.0,264.0,212.85714285714286,192.0,54.505133004236804,True,False,False,False,False,True,False,False,False,False,False,False
2023-05-23,241,735.35,1,False,5,23,248.0,257.0,210.57142857142858,195.28571428571428,52.293585147884706,True,False,False,False,False,True,False,False,False,False,False,False
2023-05-24,302,928.85,2,False,5,24,241.0,220.0,208.28571428571428,200.71428571428572,50.23516127745036,True,False,False,False,False,True,False,False,False,False,False,False
2023-05-25,236,708.25,3,False,5,25,302.0,218.0,220.0,207.28571428571428,61.67927798972159,True,False,False,False,False,True,False,False,False,False,False,False
2023-05-26,301,914.45,4,False,5,26,236.0,255.0,222.57142857142858,212.35714285714286,61.95659002575165,True,False,False,False,False,True,False,False,False,False,False,False
2023-05-27,223,657.65,5,True,5,27,301.0,128.0,229.14285714285714,222.78571428571428,68.10391220145051,True,False,False,False,False,True,False,False,False,False,False,False
2023-05-28,262,780.2,6,True,5,28,223.0,148.0,242.71428571428572,226.71428571428572,52.19742741334533,True,False,False,False,False,True,False,False,False,False,False,False
2023-05-29,215,659.5,0,False,5,29,262.0,248.0,259.0,235.92857142857142,31.336879231985268,True,False,False,False,False,True,False,False,False,False,False,False
2023-05-30,223,657.75,1,False,5,30,215.0,241.0,254.28571428571428,232.42857142857142,35.4763502712928,True,False,False,False,False,True,False,False,False,False,False,False
2023-05-31,229,661.35,2,False,5,31,223.0,302.0,251.71428571428572,230.0,37.20982973048192,True,False,False,False,False,True,False,False,False,False,False,False
2023-06-01,264,792.15,3,False,6,1,229.0,236.0,241.28571428571428,230.64285714285714,30.368373272833043,True,False,False,False,False,True,False,False,False,False,False,False
2023-06-02,256,751.0,4,False,6,2,264.0,301.0,245.28571428571428,233.92857142857142,31.383192347254734,True,False,False,False,False,True,False,False,False,False,False,False
2023-06-03,287,872.85,5,True,6,3,256.0,223.0,238.85714285714286,234.0,20.939823076526096,True,False,False,False,False,True,False,False,False,False,False,False
2023-06-04,251,756.75,6,True,6,4,287.0,262.0,248.0,245.35714285714286,26.17887188809632,True,False,False,False,False,True,False,False,False,False,False,False
2023-06-05,283,849.0,0,False,6,5,251.0,215.0,246.42857142857142,252.71428571428572,25.520300043019486,True,False,False,False,False,True,False,False,False,False,False,False
2023-06-06,183,544.7,1,False,6,6,283.0,223.0,256.14285714285717,255.21428571428572,24.484202876063137,True,False,False,False,False,True,False,False,False,False,False,False
2023-06-07,202,623.5,2,False,6,7,183.0,229.0,250.42857142857142,251.07142857142858,35.6363912447993,True,False,False,False,False,True,False,False,False,False,False,False
2023-06-08,217,679.5,3,False,6,8,202.0,264.0,246.57142857142858,243.92857142857142,39.584749348106364,True,False,False,False,False,True,False,False,False,False,False,False
2023-06-09,195,579.55,4,False,6,9,217.0,256.0,239.85714285714286,242.57142857142858,40.118277511331605,True,False,False,False,False,True,False,False,False,False,False,False
2023-06-10,201,622.55,5,True,6,10,195.0,287.0,231.14285714285714,235.0,42.577100932420784,True,False,False,False,False,True,False,False,False,False,False,False
2023-06-11,197,598.4,6,True,6,11,201.0,251.0,218.85714285714286,233.42857142857142,35.61099348716458,True,False,False,False,False,True,False,False,False,False,False,False
2023-06-12,166,489.8,0,False,6,12,197.0,283.0,211.14285714285714,228.78571428571428,33.258726030064295,True,False,False,False,False,True,False,False,False,False,False,False
2023-06-13,188,562.75,1,False,6,13,166.0,183.0,194.42857142857142,225.28571428571428,16.102351203651324,True,False,False,False,False,True,False,False,False,False,False,False
2023-06-14,156,454.7,2,False,6,14,188.0,202.0,195.14285714285714,222.78571428571428,15.614401167177078,True,False,False,False,False,True,False,False,False,False,False,False
2023-06-15,272,829.6,3,False,6,15,156.0,217.0,188.57142857142858,217.57142857142858,20.998866182544173,True,False,False,False,False,True,False,False,False,False,False,False
2023-06-16,287,852.65,4,False,6,16,272.0,195.0,196.42857142857142,218.14285714285714,37.34013543475346,True,False,False,False,False,True,False,False,False,False,False,False
2023-06-17,242,725.65,5,True,6,17,287.0,201.0,209.57142857142858,220.35714285714286,50.59267780636903,True,False,False,False,False,True,False,False,False,False,False,False
2023-06-18,220,653.8,6,True,6,18,242.0,197.0,215.42857142857142,217.14285714285714,51.794005904342505,True,False,False,False,False,True,False,False,False,False,False,False
2023-06-19,266,811.6,0,False,6,19,220.0,166.0,218.71428571428572,214.92857142857142,51.15569139308725,True,False,False,False,False,True,False,False,False,False,False,False
2023-06-20,137,408.45,1,False,6,20,266.0,188.0,233.0,213.71428571428572,47.83652718721704,True,False,False,False,False,True,False,False,False,False,False,False
2023-06-21,151,450.15,2,False,6,21,137.0,156.0,225.71428571428572,210.42857142857142,58.522685873982084,True,False,False,False,False,True,False,False,False,False,False,False
2023-06-22,249,772.0,3,False,6,22,151.0,272.0,225.0,206.78571428571428,59.5371032774243,True,False,False,False,False,True,False,False,False,False,False,False
2023-06-23,266,816.4,4,False,6,23,249.0,287.0,221.71428571428572,209.07142857142858,57.09557567714666,True,False,False,False,False,True,False,False,False,False,False,False
2023-06-24,328,1000.1,5,True,6,24,266.0,242.0,218.71428571428572,214.14285714285714,53.534145756748394,True,False,False,False,False,True,False,False,False,False,False,False
2023-06-25,262,771.0,6,True,6,25,328.0,220.0,231.0,223.21428571428572,67.74953874381744,True,False,False,False,False,True,False,False,False,False,False,False
2023-06-26,319,981.5,0,False,6,26,262.0,266.0,237.0,227.85714285714286,68.46897107449492,True,False,False,False,False,True,False,False,False,False,False,False
2023-06-27,250,745.05,1,False,6,27,319.0,137.0,244.57142857142858,238.78571428571428,74.84396467063372,True,False,False,False,False,True,False,False,False,False,False,False
2023-06-28,287,856.85,2,False,6,28,250.0,151.0,260.7142857142857,243.21428571428572,58.08532311956941,True,False,False,False,False,True,False,False,False,False,False,False
2023-06-29,240,745.15,3,False,6,29,287.0,249.0,280.14285714285717,252.57142857142858,32.287399871717994,True,False,False,False,False,True,False,False,False,False,False,False
2023-06-30,268,822.95,4,False,6,30,240.0,266.0,278.85714285714283,250.28571428571428,33.87441793560762,True,False,False,False,False,True,False,False,False,False,False,False
2023-01-15,9,218.2,6,True,1,15,4.0,3.0,2.142857142857143,1.0714285714285714,1.6761634196950514,True,False,False,False,False,False,True,False,False,False,False,False
2023-01-16,2,25.0,0,False,1,16,9.0,4.0,3.0,1.7142857142857142,3.1091263510296048,True,False,False,False,False,False,True,False,False,False,False,False
2023-01-17,3,86.45,1,False,1,17,2.0,2.0,2.7142857142857144,1.8571428571428572,3.093772546815388,True,False,False,False,False,False,True,False,False,False,False,False
2023-01-18,5,116.75,2,False,1,18,3.0,0.0,2.857142857142857,2.0714285714285716,3.0783421635988546,True,False,False,False,False,False,True,False,False,False,False,False
2023-01-19,4,95.5,3,False,1,19,5.0,2.0,3.5714285714285716,2.4285714285714284,2.878491668515698,True,False,False,False,False,False,True,False,False,False,False,False
2023-01-20,7,193.2,4,False,1,20,4.0,0.0,3.857142857142857,2.7142857142857144,2.7945525240230875,True,False,False,False,False,False,True,False,False,False,False,False
2023-01-21,5,84.2,5,True,1,21,7.0,4.0,4.857142857142857,3.2142857142857144,2.410295378065479,True,False,False,False,False,False,True,False,False,False,False,False
2023-01-22,0,0.0,6,True,1,22,5.0,9.0,5.0,3.5714285714285716,2.380476142847617,True,False,False,False,False,False,True,False,False,False,False,False
2023-01-23,0,0.0,0,False,1,23,0.0,2.0,3.7142857142857144,3.357142857142857,2.2886885410853175,True,False,False,False,False,False,True,False,False,False,False,False
2023-01-24,0,0.0,1,False,1,24,0.0,3.0,3.4285714285714284,3.0714285714285716,2.63673679998231,True,False,False,False,False,False,True,False,False,False,False,False
2023-01-25,0,0.0,2,False,1,25,0.0,5.0,3.0,2.9285714285714284,2.943920288775949,True,False,False,False,False,False,True,False,False,False,False,False
2023-01-26,0,0.0,3,False,1,26,0.0,4.0,2.2857142857142856,2.9285714285714284,2.9840847683606277,True,False,False,False,False,False,True,False,False,False,False,False
2023-01-27,0,0.0,4,False,1,27,0.0,7.0,1.7142857142857142,2.7857142857142856,2.9840847683606273,True,False,False,False,False,False,True,False,False,False,False,False
2023-01-28,0,0.0,5,True,1,28,0.0,5.0,0.7142857142857143,2.7857142857142856,1.8898223650461343,True,False,False,False,False,False,True,False,False,False,False,False
2023-01-29,0,0.0,6,True,1,29,0.0,0.0,0.0,2.5,0.0,True,False,False,False,False,False,True,False,False,False,False,False
2023-01-30,5,97.5,0,False,1,30,0.0,0.0,0.0,1.8571428571428572,0.0,True,False,False,False,False,False,True,False,False,False,False,False
2023-01-31,4,66.2,1,False,1,31,5.0,0.0,0.7142857142857143,2.0714285714285716,1.889822365046136,True,False,False,False,False,False,True,False,False,False,False,False
2023-02-01,0,0.0,2,False,2,1,4.0,0.0,1.2857142857142858,2.142857142857143,2.2146697055682827,True,False,False,False,False,False,True,False,False,False,False,False
2023-02-02,0,0.0,3,False,2,2,0.0,0.0,1.2857142857142858,1.7857142857142858,2.214669705568283,True,False,False,False,False,False,True,False,False,False,False,False
2023-02-03,0,0.0,4,False,2,3,0.0,0.0,1.2857142857142858,1.5,2.214669705568283,True,False,False,False,False,False,True,False,False,False,False,False
2023-02-04,0,0.0,5,True,2,4,0.0,0.0,1.2857142857142858,1.0,2.214669705568283,True,False,False,False,False,False,True,False,False,False,False,False
2023-02-05,0,0.0,6,True,2,5,0.0,0.0,1.2857142857142858,0.6428571428571429,2.214669705568283,True,False,False,False,False,False,True,False,False,False,False,False
2023-02-06,0,0.0,0,False,2,6,0.0,5.0,1.2857142857142858,0.6428571428571429,2.214669705568283,True,False,False,False,False,False,True,False,False,False,False,False
2023-02-07,0,0.0,1,False,2,7,0.0,4.0,0.5714285714285714,0.6428571428571429,1.511857892036909,True,False,False,False,False,False,True,False,False,False,False,False
2023-02-08,3,44.75,2,False,2,8,0.0,0.0,0.0,0.6428571428571429,0.0,True,False,False,False,False,False,True,False,False,False,False,False
2023-02-09,7,182.45,3,False,2,9,3.0,0.0,0.42857142857142855,0.8571428571428571,1.1338934190276817,True,False,False,False,False,False,True,False,False,False,False,False
2023-02-10,1,15.0,4,False,2,10,7.0,0.0,1.4285714285714286,1.3571428571428572,2.699206232527312,True,False,False,False,False,False,True,False,False,False,False,False
2023-02-11,0,0.0,5,True,2,11,1.0,0.0,1.5714285714285714,1.4285714285714286,2.63673679998231,True,False,False,False,False,False,True,False,False,False,False,False
2023-02-12,1,14.75,6,True,2,12,0.0,0.0,1.5714285714285714,1.4285714285714286,2.63673679998231,True,False,False,False,False,False,True,False,False,False,False,False
2023-02-13,0,0.0,0,False,2,13,1.0,0.0,1.7142857142857142,1.5,2.563479777846623,True,False,False,False,False,False,True,False,False,False,False,False
2023-02-14,4,68.2,1,False,2,14,0.0,0.0,1.7142857142857142,1.1428571428571428,2.563479777846623,True,False,False,False,False,False,True,False,False,False,False,False
2023-02-15,7,114.5,2,False,2,15,4.0,3.0,2.2857142857142856,1.1428571428571428,2.563479777846623,True,False,False,False,False,False,True,False,False,False,False,False
2023-02-16,5,116.5,3,False,2,16,7.0,7.0,2.857142857142857,1.6428571428571428,3.132015933791495,True,False,False,False,False,False,True,False,False,False,False,False
2023-02-17,2,38.45,4,False,2,17,5.0,1.0,2.5714285714285716,2.0,2.760262237369417,True,False,False,False,False,False,True,False,False,False,False,False
2023-02-18,3,80.2,5,True,2,18,2.0,0.0,2.7142857142857144,2.142857142857143,2.6903708365381975,True,False,False,False,False,False,True,False,False,False,False,False
2023-02-19,8,137.5,6,True,2,19,3.0,1.0,3.142857142857143,2.357142857142857,2.410295378065479,True,False,False,False,False,False,True,False,False,False,False,False
2023-02-20,4,77.45,0,False,2,20,8.0,0.0,4.142857142857143,2.9285714285714284,2.7945525240230875,True,False,False,False,False,False,True,False,False,False,False,False
2023-02-21,8,144.45,1,False,2,21,4.0,4.0,4.714285714285714,3.2142857142857144,2.138089935299395,True,False,False,False,False,False,True,False,False,False,False,False
2023-02-22,0,0.0,2,False,2,22,8.0,7.0,5.285714285714286,3.7857142857142856,2.4299715851758235,True,False,False,False,False,False,True,False,False,False,False,False
2023-02-23,0,0.0,3,False,2,23,0.0,5.0,4.285714285714286,3.5714285714285716,2.984084768360628,True,False,False,False,False,False,True,False,False,False,False,False
2023-02-24,0,0.0,4,False,2,24,0.0,2.0,3.5714285714285716,3.0714285714285716,3.359421718944242,True,False,False,False,False,False,True,False,False,False,False,False
2023-02-25,0,0.0,5,True,2,25,0.0,3.0,3.2857142857142856,3.0,3.5923198500080566,True,False,False,False,False,False,True,False,False,False,False,False
2023-02-26,0,0.0,6,True,2,26,0.0,8.0,2.857142857142857,3.0,3.804758924845368,True,False,False,False,False,False,True,False,False,False,False,False
2023-02-27,0,0.0,0,False,2,27,0.0,4.0,1.7142857142857142,2.9285714285714284,3.1471831698777737,True,False,False,False,False,False,True,False,False,False,False,False
2023-02-28,0,0.0,1,False,2,28,0.0,8.0,1.1428571428571428,2.9285714285714284,3.0237157840738194,True,False,False,False,False,False,True,False,False,False,False,False
2023-03-01,0,0.0,2,False,3,1,0.0,0.0,0.0,2.642857142857143,0.0,True,False,False,False,False,False,True,False,False,False,False,False
2023-03-02,0,0.0,3,False,3,2,0.0,0.0,0.0,2.142857142857143,0.0,True,False,False,False,False,False,True,False,False,False,False,False
2023-03-03,0,0.0,4,False,3,3,0.0,0.0,0.0,1.7857142857142858,0.0,True,False,False,False,False,False,True,False,False,False,False,False
2023-03-04,0,0.0,5,True,3,4,0.0,0.0,0.0,1.6428571428571428,0.0,True,False,False,False,False,False,True,False,False,False,False,False
2023-03-05,0,0.0,6,True,3,5,0.0,0.0,0.0,1.4285714285714286,0.0,True,False,False,False,False,False,True,False,False,False,False,False
2023-03-06,0,0.0,0,False,3,6,0.0,0.0,0.0,0.8571428571428571,0.0,True,False,False,False,False,False,True,False,False,False,False,False
2023-03-07,0,0.0,1,False,3,7,0.0,0.0,0.0,0.5714285714285714,0.0,True,False,False,False,False,False,True,False,False,False,False,False
2023-03-08,4,94.5,2,False,3,8,0.0,0.0,0.0,0.0,0.0,True,False,False,False,False,False,True,False,False,False,False,False
2023-03-09,5,91.75,3,False,3,9,4.0,0.0,0.5714285714285714,0.2857142857142857,1.511857892036909,True,False,False,False,False,False,True,False,False,False,False,False
2023-03-10,5,112.75,4,False,3,10,5.0,0.0,1.2857142857142858,0.6428571428571429,2.214669705568283,True,False,False,False,False,False,True,False,False,False,False,False
2023-03-11,3,85.5,5,True,3,11,5.0,0.0,2.0,1.0,2.516611478423583,True,False,False,False,False,False,True,False,False,False,False,False
2023-03-12,3,47.5,6,True,3,12,3.0,0.0,2.4285714285714284,1.2142857142857142,2.370453040886408,True,False,False,False,False,False,True,False,False,False,False,False
2023-03-13,0,0.0,0,False,3,13,3.0,0.0,2.857142857142857,1.4285714285714286,2.1157009420498154,True,False,False,False,False,False,True,False,False,False,False,False
2023-03-14,6,112.5,1,False,3,14,0.0,0.0,2.857142857142857,1.4285714285714286,2.1157009420498154,True,False,False,False,False,False,True,False,False,False,False,False
2023-03-15,10,168.65,2,False,3,15,6.0,4.0,3.7142857142857144,1.8571428571428572,1.976047040118708,True,False,False,False,False,False,True,False,False,False,False,False
2023-03-16,3,51.0,3,False,3,16,10.0,5.0,4.571428571428571,2.5714285714285716,3.1014589500826255,True,False,False,False,False,False,True,False,False,False,False,False
2023-03-17,5,113.5,4,False,3,17,3.0,5.0,4.285714285714286,2.7857142857142856,3.147183169877773,True,False,False,False,False,False,True,False,False,False,False,False
2023-03-18,5,91.95,5,True,3,18,5.0,3.0,4.285714285714286,3.142857142857143,3.147183169877773,True,False,False,False,False,False,True,False,False,False,False,False
2023-03-19,12,278.9,6,True,3,19,5.0,3.0,4.571428571428571,3.5,3.1014589500826255,True,False,False,False,False,False,True,False,False,False,False,False
2023-03-20,9,178.2,0,False,3,20,12.0,0.0,5.857142857142857,4.357142857142857,4.059087394500207,True,False,False,False,False,False,True,False,False,False,False,False
2023-03-21,6,108.7,1,False,3,21,9.0,6.0,7.142857142857143,5.0,3.2366943748507486,True,False,False,False,False,False,True,False,False,False,False,False
2023-03-22,0,0.0,2,False,3,22,6.0,10.0,7.142857142857143,5.428571428571429,3.2366943748507486,True,False,False,False,False,False,True,False,False,False,False,False
2023-03-23,0,0.0,3,False,3,23,0.0,3.0,5.714285714285714,5.142857142857143,3.9036002917941333,True,False,False,False,False,False,True,False,False,False,False,False
2023-03-24,0,0.0,4,False,3,24,0.0,5.0,5.285714285714286,4.785714285714286,4.386125310350269,True,False,False,False,False,False,True,False,False,False,False,False
2023-03-25,0,0.0,5,True,3,25,0.0,5.0,4.571428571428571,4.428571428571429,4.825527358301296,True,False,False,False,False,False,True,False,False,False,False,False
2023-03-26,0,0.0,6,True,3,26,0.0,12.0,3.857142857142857,4.214285714285714,5.11300861947808,True,False,False,False,False,False,True,False,False,False,False,False
2023-03-27,0,0.0,0,False,3,27,0.0,9.0,2.142857142857143,4.0,3.7606990231680526,True,False,False,False,False,False,True,False,False,False,False,False
2023-03-28,0,0.0,1,False,3,28,0.0,6.0,0.8571428571428571,4.0,2.267786838055364,True,False,False,False,False,False,True,False,False,False,False,False
2023-03-29,0,0.0,2,False,3,29,0.0,0.0,0.0,3.5714285714285716,0.0,True,False,False,False,False,False,True,False,False,False,False,False
2023-03-30,0,0.0,3,False,3,30,0.0,0.0,0.0,2.857142857142857,0.0,True,False,False,False,False,False,True,False,False,False,False,False
2023-03-31,2,36.0,4,False,3,31,0.0,0.0,0.0,2.642857142857143,0.0,True,False,False,False,False,False,True,False,False,False,False,False
2023-04-01,0,0.0,5,True,4,1,2.0,0.0,0.2857142857142857,2.4285714285714284,0.7559289460184545,True,False,False,False,False,False,True,False,False,False,False,False
2023-04-02,0,0.0,6,True,4,2,0.0,0.0,0.2857142857142857,2.0714285714285716,0.7559289460184545,True,False,False,False,False,False,True,False,False,False,False,False
2023-04-03,0,0.0,0,False,4,3,0.0,0.0,0.2857142857142857,1.2142857142857142,0.7559289460184545,True,False,False,False,False,False,True,False,False,False,False,False
2023-04-04,0,0.0,1,False,4,4,0.0,0.0,0.2857142857142857,0.5714285714285714,0.7559289460184545,True,False,False,False,False,False,True,False,False,False,False,False
2023-04-05,0,0.0,2,False,4,5,0.0,0.0,0.2857142857142857,0.14285714285714285,0.7559289460184545,True,False,False,False,False,False,True,False,False,False,False,False
2023-04-06,0,0.0,3,False,4,6,0.0,0.0,0.2857142857142857,0.14285714285714285,0.7559289460184545,True,False,False,False,False,False,True,False,False,False,False,False
2023-04-07,0,0.0,4,False,4,7,0.0,2.0,0.2857142857142857,0.14285714285714285,0.7559289460184545,True,False,False,False,False,False,True,False,False,False,False,False
2023-04-08,8,128.5,5,True,4,8,0.0,0.0,0.0,0.14285714285714285,0.0,True,False,False,False,False,False,True,False,False,False,False,False
2023-04-09,7,157.2,6,True,4,9,8.0,0.0,1.1428571428571428,0.7142857142857143,3.023715784073818,True,False,False,False,False,False,True,False,False,False,False,False
2023-04-10,5,122.45,0,False,4,10,7.0,0.0,2.142857142857143,1.2142857142857142,3.670993118515816,True,False,False,False,False,False,True,False,False,False,False,False
2023-04-11,1,21.0,1,False,4,11,5.0,0.0,2.857142857142857,1.5714285714285714,3.670993118515816,True,False,False,False,False,False,True,False,False,False,False,False
2023-04-12,4,72.25,2,False,4,12,1.0,0.0,3.0,1.6428571428571428,3.5590260840104375,True,False,False,False,False,False,True,False,False,False,False,False
2023-04-13,0,0.0,3,False,4,13,4.0,0.0,3.5714285714285716,1.9285714285714286,3.3094381626464866,True,False,False,False,False,False,True,False,False,False,False,False
2023-04-14,6,107.7,4,False,4,14,0.0,0.0,3.5714285714285716,1.9285714285714286,3.3094381626464866,True,False,False,False,False,False,True,False,False,False,False,False
2023-04-15,7,125.75,5,True,4,15,6.0,8.0,4.428571428571429,2.2142857142857144,2.9920529661723827,True,False,False,False,False,False,True,False,False,False,False,False
2023-04-16,3,78.0,6,True,4,16,7.0,7.0,4.285714285714286,2.7142857142857144,2.811540841738193,True,False,False,False,False,False,True,False,False,False,False,False
2023-04-17,4,76.25,0,False,4,17,3.0,5.0,3.7142857142857144,2.9285714285714284,2.563479777846623,True,False,False,False,False,False,True,False,False,False,False,False
2023-04-18,7,156.45,1,False,4,18,4.0,1.0,3.5714285714285716,3.2142857142857144,2.507132682112035,True,False,False,False,False,False,True,False,False,False,False,False
2023-04-19,12,214.45,2,False,4,19,7.0,4.0,4.428571428571429,3.7142857142857144,2.507132682112035,True,False,False,False,False,False,True,False,False,False,False,False
2023-04-20,9,251.45,3,False,4,20,12.0,0.0,5.571428571428571,4.571428571428571,3.7796447300922726,True,False,False,False,False,False,True,False,False,False,False,False
2023-04-21,5,83.75,4,False,4,21,9.0,6.0,6.857142857142857,5.214285714285714,3.0237157840738185,True,False,False,False,False,False,True,False,False,False,False,False
2023-04-22,0,0.0,5,True,4,22,5.0,7.0,6.714285714285714,5.571428571428571,3.0937725468153885,True,False,False,False,False,False,True,False,False,False,False,False
2023-04-23,0,0.0,6,True,4,23,0.0,3.0,5.714285714285714,5.0,3.9880774697543058,True,False,False,False,False,False,True,False,False,False,False,False
2023-04-24,0,0.0,0,False,4,24,0.0,4.0,5.285714285714286,4.5,4.46147530585589,True,False,False,False,False,False,True,False,False,False,False,False
2023-04-25,0,0.0,1,False,4,25,0.0,7.0,4.714285714285714,4.142857142857143,4.8892496259407645,True,False,False,False,False,False,True,False,False,False,False,False
2023-04-26,0,0.0,2,False,4,26,0.0,12.0,3.7142857142857144,4.071428571428571,5.056820005836531,True,False,False,False,False,False,True,False,False,False,False,False
2023-04-27,0,0.0,3,False,4,27,0.0,9.0,2.0,3.7857142857142856,3.6055512754639905,True,False,False,False,False,False,True,False,False,False,False,False
2023-04-28,0,0.0,4,False,4,28,0.0,5.0,0.7142857142857143,3.7857142857142856,1.889822365046138,True,False,False,False,False,False,True,False,False,False,False,False
2023-04-29,0,0.0,5,True,4,29,0.0,0.0,0.0,3.357142857142857,0.0,True,False,False,False,False,False,True,False,False,False,False,False
2023-04-30,4,98.45,6,True,4,30,0.0,0.0,0.0,2.857142857142857,0.0,True,False,False,False,False,False,True,False,False,False,False,False
2023-05-01,0,0.0,0,False,5,1,4.0,0.0,0.5714285714285714,2.9285714285714284,1.511857892036909,True,False,False,False,False,False,True,False,False,False,False,False
2023-05-02,0,0.0,1,False,5,2,0.0,0.0,0.5714285714285714,2.642857142857143,1.511857892036909,True,False,False,False,False,False,True,False,False,False,False,False
2023-05-03,0,0.0,2,False,5,3,0.0,0.0,0.5714285714285714,2.142857142857143,1.511857892036909,True,False,False,False,False,False,True,False,False,False,False,False
2023-05-04,0,0.0,3,False,5,4,0.0,0.0,0.5714285714285714,1.2857142857142858,1.511857892036909,True,False,False,False,False,False,True,False,False,False,False,False
2023-05-05,0,0.0,4,False,5,5,0.0,0.0,0.5714285714285714,0.6428571428571429,1.511857892036909,True,False,False,False,False,False,True,False,False,False,False,False
2023-05-06,0,0.0,5,True,5,6,0.0,0.0,0.5714285714285714,0.2857142857142857,1.511857892036909,True,False,False,False,False,False,True,False,False,False,False,False
2023-05-07,0,0.0,6,True,5,7,0.0,4.0,0.5714285714285714,0.2857142857142857,1.511857892036909,True,False,False,False,False,False,True,False,False,False,False,False
2023-05-08,9,178.25,0,False,5,8,0.0,0.0,0.0,0.2857142857142857,0.0,True,False,False,False,False,False,True,False,False,False,False,False
2023-05-09,6,135.0,1,False,5,9,9.0,0.0,1.2857142857142858,0.9285714285714286,3.401680257083045,True,False,False,False,False,False,True,False,False,False,False,False
2023-05-10,6,103.75,2,False,5,10,6.0,0.0,2.142857142857143,1.3571428571428572,3.7606990231680526,True,False,False,False,False,False,True,False,False,False,False,False
2023-05-11,1,22.5,3,False,5,11,6.0,0.0,3.0,1.7857142857142858,3.872983346207417,True,False,False,False,False,False,True,False,False,False,False,False
2023-05-12,5,87.7,4,False,5,12,1.0,0.0,3.142857142857143,1.8571428571428572,3.7606990231680526,True,False,False,False,False,False,True,False,False,False,False,False
2023-05-13,0,0.0,5,True,5,13,5.0,0.0,3.857142857142857,2.2142857142857144,3.532165125838609,True,False,False,False,False,False,True,False,False,False,False,False
2023-05-14,6,110.0,6,True,5,14,0.0,0.0,3.857142857142857,2.2142857142857144,3.532165125838609,True,False,False,False,False,False,True,False,False,False,False,False
2023-05-15,12,240.2,0,False,5,15,6.0,9.0,4.714285714285714,2.357142857142857,3.147183169877773,True,False,False,False,False,False,True,False,False,False,False,False
2023-05-16,9,182.5,1,False,5,16,12.0,6.0,5.142857142857143,3.2142857142857144,3.933978962347216,True,False,False,False,False,False,True,False,False,False,False,False
2023-05-17,4,94.95,2,False,5,17,9.0,6.0,5.571428571428571,3.857142857142857,4.197504927816955,True,False,False,False,False,False,True,False,False,False,False,False
2023-05-18,8,146.5,3,False,5,18,4.0,1.0,5.285714285714286,4.142857142857143,4.23140188409963,True,False,False,False,False,False,True,False,False,False,False,False
2023-05-19,13,231.9,4,False,5,19,8.0,5.0,6.285714285714286,4.714285714285714,3.8606685826112948,True,False,False,False,False,False,True,False,False,False,False,False
2023-05-20,18,453.65,5,True,5,20,13.0,0.0,7.428571428571429,5.642857142857143,4.540820148282425,True,False,False,False,False,False,True,False,False,False,False,False
2023-05-21,9,158.2,6,True,5,21,18.0,6.0,10.0,6.928571428571429,4.72581562625261,True,False,False,False,False,False,True,False,False,False,False,False
2023-05-22,0,0.0,0,False,5,22,9.0,12.0,10.428571428571429,7.571428571428571,4.429339411136567,True,False,False,False,False,False,True,False,False,False,False,False
2023-05-23,0,0.0,1,False,5,23,0.0,9.0,8.714285714285714,6.928571428571429,5.822779568622009,True,False,False,False,False,False,True,False,False,False,False,False
2023-05-24,0,0.0,2,False,5,24,0.0,4.0,7.428571428571429,6.5,6.679749068568939,True,False,False,False,False,False,True,False,False,False,False,False
2023-05-25,0,0.0,3,False,5,25,0.0,8.0,6.857142857142857,6.071428571428571,7.174690967295418,True,False,False,False,False,False,True,False,False,False,False,False
2023-05-26,0,0.0,4,False,5,26,0.0,13.0,5.714285714285714,6.0,7.5875838427939994,True,False,False,False,False,False,True,False,False,False,False,False
2023-05-27,0,0.0,5,True,5,27,0.0,18.0,3.857142857142857,5.642857142857143,7.0811621322249865,True,False,False,False,False,False,True,False,False,False,False,False
2023-05-28,0,0.0,6,True,5,28,0.0,9.0,1.2857142857142858,5.642857142857143,3.401680257083041,True,False,False,False,False,False,True,False,False,False,False,False
2023-05-29,0,0.0,0,False,5,29,0.0,0.0,0.0,5.214285714285714,0.0,True,False,False,False,False,False,True,False,False,False,False,False
2023-05-30,1,14.75,1,False,5,30,0.0,0.0,0.0,4.357142857142857,0.0,True,False,False,False,False,False,True,False,False,False,False,False
2023-05-31,7,119.75,2,False,5,31,1.0,0.0,0.14285714285714285,3.7857142857142856,0.37796447300922725,True,False,False,False,False,False,True,False,False,False,False,False
2023-06-01,0,0.0,3,False,6,1,7.0,0.0,1.1428571428571428,4.0,2.6095064302514777,True,False,False,False,False,False,True,False,False,False,False,False
2023-06-02,0,0.0,4,False,6,2,0.0,0.0,1.1428571428571428,3.4285714285714284,2.6095064302514777,True,False,False,False,False,False,True,False,False,False,False,False
2023-06-03,0,0.0,5,True,6,3,0.0,0.0,1.1428571428571428,2.5,2.6095064302514777,True,False,False,False,False,False,True,False,False,False,False,False
2023-06-04,0,0.0,6,True,6,4,0.0,0.0,1.1428571428571428,1.2142857142857142,2.6095064302514777,True,False,False,False,False,False,True,False,False,False,False,False
2023-06-05,0,0.0,0,False,6,5,0.0,0.0,1.1428571428571428,0.5714285714285714,2.6095064302514777,True,False,False,False,False,False,True,False,False,False,False,False
2023-06-06,0,0.0,1,False,6,6,0.0,1.0,1.1428571428571428,0.5714285714285714,2.6095064302514777,True,False,False,False,False,False,True,False,False,False,False,False
2023-06-07,0,0.0,2,False,6,7,0.0,7.0,1.0,0.5714285714285714,2.6457513110645907,True,False,False,False,False,False,True,False,False,False,False,False
2023-06-08,11,241.25,3,False,6,8,0.0,0.0,0.0,0.5714285714285714,0.0,True,False,False,False,False,False,True,False,False,False,False,False
2023-06-09,7,163.2,4,False,6,9,11.0,0.0,1.5714285714285714,1.3571428571428572,4.1576092031015,True,False,False,False,False,False,True,False,False,False,False,False
2023-06-10,7,150.0,5,True,6,10,7.0,0.0,2.5714285714285716,1.8571428571428572,4.540820148282425,True,False,False,False,False,False,True,False,False,False,False,False
2023-06-11,3,61.5,6,True,6,11,7.0,0.0,3.5714285714285716,2.357142857142857,4.649628761422531,True,False,False,False,False,False,True,False,False,False,False,False
2023-06-12,4,67.25,0,False,6,12,3.0,0.0,4.0,2.5714285714285716,4.39696865275764,True,False,False,False,False,False,True,False,False,False,False,False
2023-06-13,0,0.0,1,False,6,13,4.0,0.0,4.571428571428571,2.857142857142857,4.035556254807296,True,False,False,False,False,False,True,False,False,False,False,False
2023-06-14,10,184.25,2,False,6,14,0.0,0.0,4.571428571428571,2.7857142857142856,4.035556254807296,True,False,False,False,False,False,True,False,False,False,False,False
2023-06-15,15,281.2,3,False,6,15,10.0,11.0,6.0,3.0,3.915780041490244,True,False,False,False,False,False,True,False,False,False,False,False
2023-06-16,8,137.5,4,False,6,16,15.0,7.0,6.571428571428571,4.071428571428571,4.928053803045812,True,False,False,False,False,False,True,False,False,False,False,False
2023-06-17,5,93.45,5,True,6,17,8.0,7.0,6.714285714285714,4.642857142857143,4.956957592256421,True,False,False,False,False,False,True,False,False,False,False,False
2023-06-18,8,147.2,6,True,6,18,5.0,3.0,6.428571428571429,5.0,4.995235825502231,True,False,False,False,False,False,True,False,False,False,False,False
2023-06-19,16,377.9,0,False,6,19,8.0,4.0,7.142857142857143,5.571428571428571,4.775931721614517,True,False,False,False,False,False,True,False,False,False,False,False
2023-06-20,12,288.65,1,False,6,20,16.0,0.0,8.857142857142858,6.714285714285714,5.5506327395643655,True,False,False,False,False,False,True,False,False,False,False,False
2023-06-21,8,151.2,2,False,6,21,12.0,10.0,10.571428571428571,7.571428571428571,3.994043183589901,True,False,False,False,False,False,True,False,False,False,False,False
2023-06-22,0,0.0,3,False,6,22,8.0,15.0,10.285714285714286,8.142857142857142,4.111540089159037,True,False,False,False,False,False,True,False,False,False,False,False
2023-06-23,0,0.0,4,False,6,23,0.0,8.0,8.142857142857142,7.357142857142857,5.0473944244719435,True,False,False,False,False,False,True,False,False,False,False,False
2023-06-24,0,0.0,5,True,6,24,0.0,5.0,7.0,6.857142857142857,5.916079783099614,True,False,False,False,False,False,True,False,False,False,False,False
2023-06-25,0,0.0,6,True,6,25,0.0,8.0,6.285714285714286,6.357142857142857,6.473388749701495,True,False,False,False,False,False,True,False,False,False,False,False
2023-06-26,0,0.0,0,False,6,26,0.0,16.0,5.142857142857143,6.142857142857143,6.817344825970772,True,False,False,False,False,False,True,False,False,False,False,False
2023-06-27,0,0.0,1,False,6,27,0.0,12.0,2.857142857142857,5.857142857142857,5.014265364224067,True,False,False,False,False,False,True,False,False,False,False,False
2023-06-28,0,0.0,2,False,6,28,0.0,8.0,1.1428571428571428,5.857142857142857,3.0237157840738123,True,False,False,False,False,False,True,False,False,False,False,False
2023-06-29,0,0.0,3,False,6,29,0.0,0.0,0.0,5.142857142857143,0.0,True,False,False,False,False,False,True,False,False,False,False,False
2023-06-30,2,34.5,4,False,6,30,0.0,0.0,0.0,4.071428571428571,0.0,True,False,False,False,False,False,True,False,False,False,False,False
2023-01-15,19,76.5,6,True,1,15,25.0,25.0,20.142857142857142,24.214285714285715,6.121780008803856,True,False,False,False,False,False,False,True,False,False,False,False
2023-01-16,37,147.0,0,False,1,16,19.0,19.0,19.285714285714285,23.0,5.736267244886867,True,False,False,False,False,False,False,True,False,False,False,False
2023-01-17,25,104.75,1,False,1,17,37.0,27.0,21.857142857142858,24.142857142857142,8.802056036869484,True,False,False,False,False,False,False,True,False,False,False,False
2023-01-18,21,89.5,2,False,1,18,25.0,20.0,21.571428571428573,23.928571428571427,8.63823174145309,True,False,False,False,False,False,False,True,False,False,False,False
2023-01-19,20,80.5,3,False,1,19,21.0,10.0,21.714285714285715,23.5,8.616153157766828,True,False,False,False,False,False,False,True,False,False,False,False
2023-01-20,13,53.5,4,False,1,20,20.0,15.0,23.142857142857142,22.285714285714285,7.03393136703725,True,False,False,False,False,False,False,True,False,False,False,False
2023-01-21,29,131.5,5,True,1,21,13.0,25.0,22.857142857142858,21.714285714285715,7.448234050846584,True,False,False,False,False,False,False,True,False,False,False,False
2023-01-22,28,114.0,6,True,1,22,29.0,19.0,23.428571428571427,21.785714285714285,7.785823502947371,True,False,False,False,False,False,False,True,False,False,False,False
2023-01-23,35,142.0,0,False,1,23,28.0,37.0,24.714285714285715,22.0,7.67494377209123,True,False,False,False,False,False,False,True,False,False,False,False
2023-01-24,30,123.25,1,False,1,24,35.0,25.0,24.428571428571427,23.142857142857142,7.161404491139594,True,False,False,False,False,False,False,True,False,False,False,False
2023-01-25,26,106.25,2,False,1,25,30.0,21.0,25.142857142857142,23.357142857142858,7.47057720725272,True,False,False,False,False,False,False,True,False,False,False,False
2023-01-26,18,69.0,3,False,1,26,26.0,20.0,25.857142857142858,23.785714285714285,7.2440451735332605,True,False,False,False,False,False,False,True,False,False,False,False
2023-01-27,31,129.75,4,False,1,27,18.0,13.0,25.571428571428573,24.357142857142858,7.54668012786954,True,False,False,False,False,False,False,True,False,False,False,False
2023-01-28,18,69.75,5,True,1,28,31.0,29.0,28.142857142857142,25.5,5.273473599964625,True,False,False,False,False,False,False,True,False,False,False,False
2023-01-29,37,158.5,6,True,1,29,18.0,28.0,26.571428571428573,25.0,6.47706576718046,True,False,False,False,False,False,False,True,False,False,False,False
2023-01-30,14,59.0,0,False,1,30,37.0,35.0,27.857142857142858,26.285714285714285,7.603257447273758,True,False,False,False,False,False,False,True,False,False,False,False
2023-01-31,17,66.0,1,False,1,31,14.0,30.0,24.857142857142858,24.642857142857142,8.414839499926535,True,False,False,False,False,False,False,True,False,False,False,False
2023-02-01,28,115.5,2,False,2,1,17.0,26.0,23.0,24.071428571428573,8.524474568362951,True,False,False,False,False,False,False,True,False,False,False,False
2023-02-02,27,114.0,3,False,2,2,28.0,18.0,23.285714285714285,24.571428571428573,8.67398958023903,True,False,False,False,False,False,False,True,False,False,False,False
2023-02-03,38,154.25,4,False,2,3,27.0,31.0,24.571428571428573,25.071428571428573,8.423323628614837,True,False,False,False,False,False,False,True,False,False,False,False
2023-02-04,25,101.25,5,True,2,4,38.0,18.0,25.571428571428573,26.857142857142858,9.64118151226192,True,False,False,False,False,False,False,True,False,False,False,False
2023-02-05,22,85.5,6,True,2,5,25.0,37.0,26.571428571428573,26.571428571428573,9.071147352221457,True,False,False,False,False,False,False,True,False,False,False,False
2023-02-06,20,83.25,0,False,2,6,22.0,14.0,24.428571428571427,26.142857142857142,7.892129895390365,True,False,False,False,False,False,False,True,False,False,False,False
2023-02-07,25,103.25,1,False,2,7,20.0,17.0,25.285714285714285,25.071428571428573,6.824326235712111,True,False,False,False,False,False,False,True,False,False,False,False
2023-02-08,29,118.5,2,False,2,8,25.0,28.0,26.428571428571427,24.714285714285715,5.798193478924939,True,False,False,False,False,False,False,True,False,False,False,False
2023-02-09,18,74.0,3,False,2,9,29.0,27.0,26.571428571428573,24.928571428571427,5.8554004376912046,True,False,False,False,False,False,False,True,False,False,False,False
2023-02-10,25,99.0,4,False,2,10,18.0,38.0,25.285714285714285,24.928571428571427,6.676183683170245,True,False,False,False,False,False,False,True,False,False,False,False
2023-02-11,21,85.25,5,True,2,11,25.0,25.0,23.428571428571427,24.5,3.6903993847614442,True,False,False,False,False,False,False,True,False,False,False,False
2023-02-12,25,97.5,6,True,2,12,21.0,22.0,22.857142857142858,24.714285714285715,3.7161167647860354,True,False,False,False,False,False,False,True,False,False,False,False
2023-02-13,22,92.0,0,False,2,13,25.0,20.0,23.285714285714285,23.857142857142858,3.7733400639347714,True,False,False,False,False,False,False,True,False,False,False,False
2023-02-14,20,86.25,1,False,2,14,22.0,25.0,23.571428571428573,24.428571428571427,3.552329886011102,True,False,False,False,False,False,False,True,False,False,False,False
2023-02-15,34,140.0,2,False,2,15,20.0,29.0,22.857142857142858,24.642857142857142,3.716116764786036,True,False,False,False,False,False,False,True,False,False,False,False
2023-02-16,29,121.0,3,False,2,16,34.0,18.0,23.571428571428573,25.071428571428573,5.25538272812244,True,False,False,False,False,False,False,True,False,False,False,False
2023-02-17,21,94.0,4,False,2,17,29.0,25.0,25.142857142857142,25.214285714285715,4.94734175858011,True,False,False,False,False,False,False,True,False,False,False,False
2023-02-18,37,153.75,5,True,2,18,21.0,21.0,24.571428571428573,24.0,5.191568255583374,True,False,False,False,False,False,False,True,False,False,False,False
2023-02-19,27,111.25,6,True,2,19,37.0,25.0,26.857142857142858,24.857142857142858,6.6690471940293365,True,False,False,False,False,False,False,True,False,False,False,False
2023-02-20,19,76.25,0,False,2,20,27.0,22.0,27.142857142857142,25.214285714285715,6.61887632529298,True,False,False,False,False,False,False,True,False,False,False,False
2023-02-21,17,73.25,1,False,2,21,19.0,20.0,26.714285714285715,25.142857142857142,7.087883692477983,True,False,False,False,False,False,False,True,False,False,False,False
2023-02-22,35,140.75,2,False,2,22,17.0,34.0,26.285714285714285,24.571428571428573,7.6313888145012845,True,False,False,False,False,False,False,True,False,False,False,False
2023-02-23,32,135.5,3,False,2,23,35.0,29.0,26.428571428571427,25.0,7.807200583588271,True,False,False,False,False,False,False,True,False,False,False,False
2023-02-24,37,161.25,4,False,2,24,32.0,21.0,26.857142857142858,26.0,8.050436249640383,True,False,False,False,False,False,False,True,False,False,False,False
2023-02-25,18,77.25,5,True,2,25,37.0,37.0,29.142857142857142,26.857142857142858,8.375133261199924,True,False,False,False,False,False,False,True,False,False,False,False
2023-02-26,23,90.75,6,True,2,26,18.0,27.0,26.428571428571427,26.642857142857142,8.482474930843063,True,False,False,False,False,False,False,True,False,False,False,False
2023-02-27,33,138.25,0,False,2,27,23.0,19.0,25.857142857142858,26.5,8.571825387640052,True,False,False,False,False,False,False,True,False,False,False,False
2023-02-28,17,73.0,1,False,2,28,33.0,17.0,27.857142857142858,27.285714285714285,8.335237877600768,True,False,False,False,False,False,False,True,False,False,False,False
2023-03-01,29,116.0,2,False,3,1,17.0,35.0,27.857142857142858,27.071428571428573,8.33523787760077,True,False,False,False,False,False,False,True,False,False,False,False
2023-03-02,29,119.5,3,False,3,2,29.0,32.0,27.0,26.714285714285715,7.767453465154035,True,False,False,False,False,False,False,True,False,False,False,False
2023-03-03,34,136.0,4,False,3,3,29.0,37.0,26.571428571428573,26.714285714285715,7.524562952029021,True,False,False,False,False,False,False,True,False,False,False,False
2023-03-04,28,116.75,5,True,3,4,34.0,18.0,26.142857142857142,27.642857142857142,6.890296835129132,True,False,False,False,False,False,False,True,False,False,False,False
2023-03-05,44,171.75,6,True,3,5,28.0,23.0,27.571428571428573,27.0,5.8837953413632365,True,False,False,False,False,False,False,True,False,False,False,False
2023-03-06,28,120.25,0,False,3,6,44.0,33.0,30.571428571428573,28.214285714285715,8.100558475750164,True,False,False,False,False,False,False,True,False,False,False,False
2023-03-07,22,89.0,1,False,3,7,28.0,17.0,29.857142857142858,28.857142857142858,8.071112509614602,True,False,False,False,False,False,False,True,False,False,False,False
2023-03-08,25,100.75,2,False,3,8,22.0,29.0,30.571428571428573,29.214285714285715,6.876460883747868,True,False,False,False,False,False,False,True,False,False,False,False
2023-03-09,26,110.75,3,False,3,9,25.0,29.0,30.0,28.5,7.1879528842826215,True,False,False,False,False,False,False,True,False,False,False,False
2023-03-10,23,91.0,4,False,3,10,26.0,34.0,29.571428571428573,28.071428571428573,7.345228447936874,True,False,False,False,False,False,False,True,False,False,False,False
2023-03-11,20,80.0,5,True,3,11,23.0,28.0,28.0,27.071428571428573,7.416198487095671,True,False,False,False,False,False,False,True,False,False,False,False
2023-03-12,15,61.0,6,True,3,12,20.0,44.0,26.857142857142858,27.214285714285715,8.008923594519878,True,False,False,False,False,False,False,True,False,False,False,False
2023-03-13,23,98.75,0,False,3,13,15.0,28.0,22.714285714285715,26.642857142857142,4.309458036856662,True,False,False,False,False,False,False,True,False,False,False,False
2023-03-14,13,58.0,1,False,3,14,23.0,22.0,22.0,25.928571428571427,3.65148371670109,True,False,False,False,False,False,False,True,False,False,False,False
2023-03-15,29,118.0,2,False,3,15,13.0,25.0,20.714285714285715,25.642857142857142,4.990467102863391,True,False,False,False,False,False,False,True,False,False,False,False
2023-03-16,31,125.75,3,False,3,16,29.0,26.0,21.285714285714285,25.642857142857142,5.736267244886848,True,False,False,False,False,False,False,True,False,False,False,False
2023-03-17,21,88.75,4,False,3,17,31.0,23.0,22.0,25.785714285714285,6.658328118479384,True,False,False,False,False,False,False,True,False,False,False,False
2023-03-18,31,130.0,5,True,3,18,21.0,20.0,21.714285714285715,24.857142857142858,6.651172470932859,True,False,False,False,False,False,False,True,False,False,False,False
2023-03-19,38,150.5,6,True,3,19,31.0,15.0,23.285714285714285,25.071428571428573,7.432233529572062,True,False,False,False,False,False,False,True,False,False,False,False
2023-03-20,23,95.25,0,False,3,20,38.0,23.0,26.571428571428573,24.642857142857142,8.202786982831773,True,False,False,False,False,False,False,True,False,False,False,False
2023-03-21,27,120.75,1,False,3,21,23.0,13.0,26.571428571428573,24.285714285714285,8.202786982831773,True,False,False,False,False,False,False,True,False,False,False,False
2023-03-22,29,120.0,2,False,3,22,27.0,29.0,28.571428571428573,24.642857142857142,5.652643713553964,True,False,False,False,False,False,False,True,False,False,False,False
2023-03-23,46,184.25,3,False,3,23,29.0,31.0,28.571428571428573,24.928571428571427,5.652643713553964,True,False,False,False,False,False,False,True,False,False,False,False
2023-03-24,22,95.75,4,False,3,24,46.0,21.0,30.714285714285715,26.357142857142858,8.731442906993982,True,False,False,False,False,False,False,True,False,False,False,False
2023-03-25,28,118.25,5,True,3,25,22.0,31.0,30.857142857142858,26.285714285714285,8.552359741197597,True,False,False,False,False,False,False,True,False,False,False,False
2023-03-26,28,115.25,6,True,3,26,28.0,38.0,30.428571428571427,26.857142857142858,8.618916073713361,True,False,False,False,False,False,False,True,False,False,False,False
2023-03-27,37,158.0,0,False,3,27,28.0,23.0,29.0,27.785714285714285,7.958224257542226,True,False,False,False,False,False,False,True,False,False,False,False
2023-03-28,25,104.25,1,False,3,28,37.0,27.0,31.0,28.785714285714285,7.958224257542233,True,False,False,False,False,False,False,True,False,False,False,False
2023-03-29,37,152.25,2,False,3,29,25.0,29.0,30.714285714285715,29.642857142857142,8.159131606453524,True,False,False,False,False,False,False,True,False,False,False,False
2023-03-30,21,83.0,3,False,3,30,37.0,46.0,31.857142857142858,30.214285714285715,8.434622525214598,True,False,False,False,False,False,False,True,False,False,False,False
2023-03-31,19,76.0,4,False,3,31,21.0,22.0,28.285714285714285,29.5,6.524678426668145,True,False,False,False,False,False,False,True,False,False,False,False
2023-04-01,35,144.0,5,True,4,1,19.0,28.0,27.857142857142858,29.357142857142858,7.081162132224995,True,False,False,False,False,False,False,True,False,False,False,False
2023-04-02,41,172.25,6,True,4,2,35.0,28.0,28.857142857142858,29.642857142857142,7.581305327988751,True,False,False,False,False,False,False,True,False,False,False,False
2023-04-03,51,215.0,0,False,4,3,41.0,37.0,30.714285714285715,29.857142857142858,8.826367424074423,True,False,False,False,False,False,False,True,False,False,False,False
2023-04-04,41,168.75,1,False,4,4,51.0,25.0,32.714285714285715,31.857142857142858,11.629191512658807,True,False,False,False,False,False,False,True,False,False,False,False
2023-04-05,47,185.75,2,False,4,5,41.0,37.0,35.0,32.857142857142854,11.430952132988184,True,False,False,False,False,False,False,True,False,False,False,False
2023-04-06,32,137.25,3,False,4,6,47.0,21.0,36.42857142857143,34.142857142857146,12.313368654395438,True,False,False,False,False,False,False,True,False,False,False,False
2023-04-07,25,103.25,4,False,4,7,32.0,19.0,38.0,33.142857142857146,10.598742063723126,True,False,False,False,False,False,False,True,False,False,False,False
2023-04-08,38,149.75,5,True,4,8,25.0,35.0,38.857142857142854,33.357142857142854,8.914941978285173,True,False,False,False,False,False,False,True,False,False,False,False
2023-04-09,27,112.75,6,True,4,9,38.0,41.0,39.285714285714285,34.07142857142857,8.769536014223478,True,False,False,False,False,False,False,True,False,False,False,False
2023-04-10,31,126.25,0,False,4,10,27.0,51.0,37.285714285714285,34.0,9.844021632684608,True,False,False,False,False,False,False,True,False,False,False,False
2023-04-11,38,155.0,1,False,4,11,31.0,41.0,34.42857142857143,33.57142857142857,7.91321980100693,True,False,False,False,False,False,False,True,False,False,False,False
2023-04-12,26,105.0,2,False,4,12,38.0,47.0,34.0,34.5,7.5718777944003985,True,False,False,False,False,False,False,True,False,False,False,False
2023-04-13,31,132.25,3,False,4,13,26.0,32.0,31.0,33.714285714285715,5.416025603090683,True,False,False,False,False,False,False,True,False,False,False,False
2023-04-14,28,126.75,4,False,4,14,31.0,25.0,30.857142857142858,34.42857142857143,5.398412465054666,True,False,False,False,False,False,False,True,False,False,False,False
2023-04-15,41,171.75,5,True,4,15,28.0,38.0,31.285714285714285,35.07142857142857,4.956957592256467,True,False,False,False,False,False,False,True,False,False,False,False
2023-04-16,37,150.5,6,True,4,16,41.0,27.0,31.714285714285715,35.5,5.707138387268093,True,False,False,False,False,False,False,True,False,False,False,False
2023-04-17,26,111.0,0,False,4,17,37.0,31.0,33.142857142857146,35.214285714285715,5.58057856703565,True,False,False,False,False,False,False,True,False,False,False,False
2023-04-18,34,142.5,1,False,4,18,26.0,38.0,32.42857142857143,33.42857142857143,6.187545093630816,True,False,False,False,False,False,False,True,False,False,False,False
2023-04-19,31,128.75,2,False,4,19,34.0,26.0,31.857142857142858,32.92857142857143,5.756983337031437,True,False,False,False,False,False,False,True,False,False,False,False
2023-04-20,27,108.5,3,False,4,20,31.0,31.0,32.57142857142857,31.785714285714285,5.191568255583419,True,False,False,False,False,False,False,True,False,False,False,False
2023-04-21,25,109.5,4,False,4,21,27.0,28.0,32.0,31.428571428571427,5.597618541248931,True,False,False,False,False,False,False,True,False,False,False,False
2023-04-22,40,161.5,5,True,4,22,25.0,41.0,31.571428571428573,31.428571428571427,6.051367417290746,True,False,False,False,False,False,False,True,False,False,False,False
2023-04-23,50,203.75,6,True,4,23,40.0,37.0,31.428571428571427,31.571428571428573,5.798193478924972,True,False,False,False,False,False,False,True,False,False,False,False
2023-04-24,47,196.5,0,False,4,24,50.0,26.0,33.285714285714285,33.214285714285715,9.050124966251152,True,False,False,False,False,False,False,True,False,False,False,False
2023-04-25,41,169.0,1,False,4,25,47.0,34.0,36.285714285714285,34.357142857142854,9.690446940402827,True,False,False,False,False,False,False,True,False,False,False,False
2023-04-26,45,185.75,2,False,4,26,41.0,31.0,37.285714285714285,34.57142857142857,9.776064063386103,True,False,False,False,False,False,False,True,False,False,False,False
2023-04-27,55,232.25,3,False,4,27,45.0,27.0,39.285714285714285,35.92857142857143,9.707630773679846,True,False,False,False,False,False,False,True,False,False,False,False
2023-04-28,26,103.5,4,False,4,28,55.0,25.0,43.285714285714285,37.642857142857146,9.569296137722432,True,False,False,False,False,False,False,True,False,False,False,False
2023-04-29,51,216.5,5,True,4,29,26.0,40.0,43.42857142857143,37.5,9.25305612319781,True,False,False,False,False,False,False,True,False,False,False,False
2023-04-30,37,159.5,6,True,4,30,51.0,50.0,45.0,38.214285714285715,9.504384952922218,True,False,False,False,False,False,False,True,False,False,False,False
2023-05-01,54,220.0,0,False,5,1,37.0,47.0,43.142857142857146,38.214285714285715,9.63376996868436,True,False,False,False,False,False,False,True,False,False,False,False
2023-05-02,49,210.75,1,False,5,2,54.0,41.0,44.142857142857146,40.214285714285715,10.431180365113274,True,False,False,False,False,False,False,True,False,False,False,False
2023-05-03,60,245.5,2,False,5,3,49.0,45.0,45.285714285714285,41.285714285714285,10.467637200984257,True,False,False,False,False,False,False,True,False,False,False,False
2023-05-04,53,216.25,3,False,5,4,60.0,55.0,47.42857142857143,43.357142857142854,11.844227044670975,True,False,False,False,False,False,False,True,False,False,False,False
2023-05-05,57,230.5,4,False,5,5,53.0,26.0,47.142857142857146,45.214285714285715,11.653734328940438,True,False,False,False,False,False,False,True,False,False,False,False
2023-05-06,38,156.0,5,True,5,6,57.0,51.0,51.57142857142857,47.5,7.390470053998517,True,False,False,False,False,False,False,True,False,False,False,False
2023-05-07,43,184.0,6,True,5,7,38.0,37.0,49.714285714285715,47.357142857142854,9.013217807092891,True,False,False,False,False,False,False,True,False,False,False,False
2023-05-08,49,200.75,0,False,5,8,43.0,54.0,50.57142857142857,46.857142857142854,7.80720058358834,True,False,False,False,False,False,False,True,False,False,False,False
2023-05-09,29,120.75,1,False,5,9,49.0,49.0,49.857142857142854,47.0,7.668736780560729,True,False,False,False,False,False,False,True,False,False,False,False
2023-05-10,43,171.75,2,False,5,10,29.0,60.0,47.0,46.142857142857146,11.030261405182909,True,False,False,False,False,False,False,True,False,False,False,False
2023-05-11,24,96.0,3,False,5,11,43.0,53.0,44.57142857142857,46.0,9.449111825230727,True,False,False,False,False,False,False,True,False,False,False,False
2023-05-12,37,150.5,4,False,5,12,24.0,57.0,40.42857142857143,43.785714285714285,11.311603818750973,True,False,False,False,False,False,False,True,False,False,False,False
2023-05-13,38,160.5,5,True,5,13,37.0,38.0,37.57142857142857,44.57142857142857,8.638231741453117,True,False,False,False,False,False,False,True,False,False,False,False
2023-05-14,44,191.75,6,True,5,14,38.0,43.0,37.57142857142857,43.642857142857146,8.638231741453117,True,False,False,False,False,False,False,True,False,False,False,False
2023-05-15,49,205.25,0,False,5,15,44.0,49.0,37.714285714285715,44.142857142857146,8.750510189207777,True,False,False,False,False,False,False,True,False,False,False,False
2023-05-16,51,215.0,1,False,5,16,49.0,29.0,37.714285714285715,43.785714285714285,8.750510189207777,True,False,False,False,False,False,False,True,False,False,False,False
2023-05-17,45,194.25,2,False,5,17,51.0,43.0,40.857142857142854,43.92857142857143,9.044861735235342,True,False,False,False,False,False,False,True,False,False,False,False
2023-05-18,53,221.5,3,False,5,18,45.0,24.0,41.142857142857146,42.857142857142854,9.154754164341307,True,False,False,False,False,False,False,True,False,False,False,False
2023-05-19,52,213.5,4,False,5,19,53.0,37.0,45.285714285714285,42.857142857142854,6.183695920571782,True,False,False,False,False,False,False,True,False,False,False,False
2023-05-20,31,130.25,5,True,5,20,52.0,38.0,47.42857142857143,42.5,5.38074167307648,True,False,False,False,False,False,False,True,False,False,False,False
2023-05-21,37,157.5,6,True,5,21,31.0,44.0,46.42857142857143,42.0,7.612646120264743,True,False,False,False,False,False,False,True,False,False,False,False
2023-05-22,44,182.0,0,False,5,22,37.0,49.0,45.42857142857143,41.57142857142857,8.403514004215646,True,False,False,False,False,False,False,True,False,False,False,False
2023-05-23,58,238.0,1,False,5,23,44.0,51.0,44.714285714285715,41.214285714285715,8.260635280539633,True,False,False,False,False,False,False,True,False,False,False,False
2023-05-24,54,227.25,2,False,5,24,58.0,45.0,45.714285714285715,43.285714285714285,9.48181216354568,True,False,False,False,False,False,False,True,False,False,False,False
2023-05-25,62,255.25,3,False,5,25,54.0,53.0,47.0,44.07142857142857,9.96661092515075,True,False,False,False,False,False,False,True,False,False,False,False
2023-05-26,41,173.25,4,False,5,26,62.0,52.0,48.285714285714285,46.785714285714285,11.353623294119059,True,False,False,False,False,False,False,True,False,False,False,False
2023-05-27,52,218.0,5,True,5,27,41.0,31.0,46.714285714285715,47.07142857142857,11.513966674062832,True,False,False,False,False,False,False,True,False,False,False,False
2023-05-28,40,160.75,6,True,5,28,52.0,37.0,49.714285714285715,48.07142857142857,9.250482612892672,True,False,False,False,False,False,False,True,False,False,False,False
2023-05-29,69,295.5,0,False,5,29,40.0,44.0,50.142857142857146,47.785714285714285,8.610624666239854,True,False,False,False,False,False,False,True,False,False,False,False
2023-05-30,43,177.75,1,False,5,30,69.0,58.0,53.714285714285715,49.214285714285715,10.59424821486152,True,False,False,False,False,False,False,True,False,False,False,False
2023-05-31,36,151.25,2,False,5,31,43.0,54.0,51.57142857142857,48.642857142857146,11.088389466120951,True,False,False,False,False,False,False,True,False,False,False,False
2023-06-01,54,220.75,3,False,6,1,36.0,62.0,49.0,48.0,12.43650540411846,True,False,False,False,False,False,False,True,False,False,False,False
2023-06-02,58,246.25,4,False,6,2,54.0,41.0,47.857142857142854,48.07142857142857,11.364103886486523,True,False,False,False,False,False,False,True,False,False,False,False
2023-06-03,72,297.5,5,True,6,3,58.0,52.0,50.285714285714285,48.5,11.470458952083376,True,False,False,False,False,False,False,True,False,False,False,False
2023-06-04,50,208.5,6,True,6,4,72.0,40.0,53.142857142857146,51.42857142857143,14.14718548485381,True,False,False,False,False,False,False,True,False,False,False,False
2023-06-05,59,243.0,0,False,6,5,50.0,69.0,54.57142857142857,52.357142857142854,13.062122630684833,True,False,False,False,False,False,False,True,False,False,False,False
2023-06-06,47,191.25,1,False,6,6,59.0,43.0,53.142857142857146,53.42857142857143,11.696560340951738,True,False,False,False,False,False,False,True,False,False,False,False
2023-06-07,45,191.25,2,False,6,7,47.0,36.0,53.714285714285715,52.642857142857146,11.20586581087913,True,False,False,False,False,False,False,True,False,False,False,False
2023-06-08,44,184.5,3,False,6,8,45.0,54.0,55.0,52.0,9.165151389911749,True,False,False,False,False,False,False,True,False,False,False,False
2023-06-09,35,143.25,4,False,6,9,44.0,58.0,53.57142857142857,50.714285714285715,10.080627342534235,True,False,False,False,False,False,False,True,False,False,False,False
2023-06-10,36,148.25,5,True,6,10,35.0,72.0,50.285714285714285,50.285714285714285,11.968211864689575,True,False,False,False,False,False,False,True,False,False,False,False
2023-06-11,37,152.75,6,True,6,11,36.0,50.0,45.142857142857146,49.142857142857146,8.23465383665426,True,False,False,False,False,False,False,True,False,False,False,False
2023-06-12,34,136.25,0,False,6,12,37.0,59.0,43.285714285714285,48.92857142857143,8.42049653552347,True,False,False,False,False,False,False,True,False,False,False,False
2023-06-13,51,215.0,1,False,6,13,34.0,47.0,39.714285714285715,46.42857142857143,5.407226205560114,True,False,False,False,False,False,False,True,False,False,False,False
2023-06-14,38,167.0,2,False,6,14,51.0,45.0,40.285714285714285,47.0,6.421689437998077,True,False,False,False,False,False,False,True,False,False,False,False
2023-06-15,51,213.0,3,False,6,15,38.0,44.0,39.285714285714285,47.142857142857146,6.10230245383626,True,False,False,False,False,False,False,True,False,False,False,False
2023-06-16,51,213.5,4,False,6,16,51.0,35.0,40.285714285714285,46.92857142857143,7.4322335295721205,True,False,False,False,False,False,False,True,False,False,False,False
2023-06-17,41,173.75,5,True,6,17,51.0,36.0,42.57142857142857,46.42857142857143,7.976154939508666,True,False,False,False,False,False,False,True,False,False,False,False
2023-06-18,58,246.0,6,True,6,18,41.0,37.0,43.285714285714285,44.214285714285715,7.4992063072098585,True,False,False,False,False,False,False,True,False,False,False,False
2023-06-19,55,227.75,0,False,6,19,58.0,34.0,46.285714285714285,44.785714285714285,8.673989580239084,True,False,False,False,False,False,False,True,False,False,False,False
2023-06-20,35,143.25,1,False,6,20,55.0,51.0,49.285714285714285,44.5,7.227592630890056,True,False,False,False,False,False,False,True,False,False,False,False
2023-06-21,37,165.0,2,False,6,21,35.0,38.0,47.0,43.642857142857146,8.925618559330644,True,False,False,False,False,False,False,True,False,False,False,False
2023-06-22,56,231.0,3,False,6,22,37.0,51.0,46.857142857142854,43.07142857142857,9.099973835650562,True,False,False,False,False,False,False,True,False,False,False,False
2023-06-23,54,220.0,4,False,6,23,56.0,51.0,47.57142857142857,43.92857142857143,9.658452996505977,True,False,False,False,False,False,False,True,False,False,False,False
2023-06-24,64,266.0,5,True,6,24,54.0,41.0,48.0,45.285714285714285,9.899494936611715,True,False,False,False,False,False,False,True,False,False,False,False
2023-06-25,58,241.0,6,True,6,25,64.0,58.0,51.285714285714285,47.285714285714285,10.950103282835414,True,False,False,False,False,False,False,True,False,False,False,False
2023-06-26,52,219.25,0,False,6,26,58.0,55.0,51.285714285714285,48.785714285714285,10.950103282835414,True,False,False,False,False,False,False,True,False,False,False,False
2023-06-27,66,272.75,1,False,6,27,52.0,35.0,50.857142857142854,50.07142857142857,10.838643387259841,True,False,False,False,False,False,False,True,False,False,False,False
2023-06-28,39,157.75,2,False,6,28,66.0,37.0,55.285714285714285,51.142857142857146,9.534398874851153,True,False,False,False,False,False,False,True,False,False,False,False
2023-06-29,64,273.0,3,False,6,29,39.0,56.0,55.57142857142857,51.214285714285715,8.904252595570012,True,False,False,False,False,False,False,True,False,False,False,False
2023-06-30,39,159.25,4,False,6,30,64.0,54.0,56.714285714285715,52.142857142857146,9.464218328601131,True,False,False,False,False,False,False,True,False,False,False,False
2023-01-15,23,18.400000000000002,6,True,1,15,25.0,0.0,14.285714285714286,7.142857142857143,10.641338977689566,True,False,False,False,False,False,False,False,True,False,False,False
2023-01-16,24,19.200000000000003,0,False,1,16,23.0,0.0,17.571428571428573,8.785714285714286,8.904252595569954,True,False,False,False,False,False,False,False,True,False,False,False
2023-01-17,24,19.200000000000003,1,False,1,17,24.0,25.0,21.0,10.5,4.582575694955837,True,False,False,False,False,False,False,False,True,False,False,False
2023-01-18,19,15.200000000000001,2,False,1,18,24.0,17.0,20.857142857142858,12.214285714285714,4.450789122113491,True,False,False,False,False,False,False,False,True,False,False,False
2023-01-19,25,20.0,3,False,1,19,19.0,13.0,21.142857142857142,13.571428571428571,4.220133150686573,True,False,False,False,False,False,False,False,True,False,False,False
2023-01-20,8,6.4,4,False,1,20,25.0,20.0,22.857142857142858,15.357142857142858,2.4102953780654732,True,False,False,False,False,False,False,False,True,False,False,False
2023-01-21,29,23.200000000000003,5,True,1,21,8.0,25.0,21.142857142857142,15.928571428571429,6.148944934663491,True,False,False,False,False,False,False,False,True,False,False,False
2023-01-22,0,0.0,6,True,1,22,29.0,23.0,21.714285714285715,18.0,6.725927091345492,True,False,False,False,False,False,False,False,True,False,False,False
2023-01-23,0,0.0,0,False,1,23,0.0,24.0,18.428571428571427,18.0,10.533393610436333,True,False,False,False,False,False,False,False,True,False,False,False
2023-01-24,0,0.0,1,False,1,24,0.0,24.0,15.0,18.0,12.192894105447925,True,False,False,False,False,False,False,False,True,False,False,False
2023-01-25,0,0.0,2,False,1,25,0.0,19.0,11.571428571428571,16.214285714285715,12.607631853460074,True,False,False,False,False,False,False,False,True,False,False,False
2023-01-26,0,0.0,3,False,1,26,0.0,25.0,8.857142857142858,15.0,12.785780792591066,True,False,False,False,False,False,False,False,True,False,False,False
2023-01-27,0,0.0,4,False,1,27,0.0,8.0,5.285714285714286,14.071428571428571,10.873734190152684,True,False,False,False,False,False,False,False,True,False,False,False
2023-01-28,0,0.0,5,True,1,28,0.0,29.0,4.142857142857143,12.642857142857142,10.960969717267599,True,False,False,False,False,False,False,False,True,False,False,False
2023-01-29,0,0.0,6,True,1,29,0.0,0.0,0.0,10.857142857142858,0.0,True,False,False,False,False,False,False,False,True,False,False,False
2023-01-30,13,10.4,0,False,1,30,0.0,0.0,0.0,9.214285714285714,0.0,True,False,False,False,False,False,False,False,True,False,False,False
2023-01-31,6,4.800000000000001,1,False,1,31,13.0,0.0,1.8571428571428572,8.428571428571429,4.913538149119954,True,False,False,False,False,False,False,False,True,False,False,False
2023-02-01,0,0.0,2,False,2,1,6.0,0.0,2.7142857142857144,7.142857142857143,5.056820005836531,True,False,False,False,False,False,False,False,True,False,False,False
2023-02-02,0,0.0,3,False,2,2,0.0,0.0,2.7142857142857144,5.785714285714286,5.056820005836531,True,False,False,False,False,False,False,False,True,False,False,False
2023-02-03,0,0.0,4,False,2,3,0.0,0.0,2.7142857142857144,4.0,5.056820005836531,True,False,False,False,False,False,False,False,True,False,False,False
2023-02-04,0,0.0,5,True,2,4,0.0,0.0,2.7142857142857144,3.4285714285714284,5.056820005836531,True,False,False,False,False,False,False,False,True,False,False,False
2023-02-05,0,0.0,6,True,2,5,0.0,0.0,2.7142857142857144,1.3571428571428572,5.056820005836531,True,False,False,False,False,False,False,False,True,False,False,False
2023-02-06,0,0.0,0,False,2,6,0.0,13.0,2.7142857142857144,1.3571428571428572,5.056820005836531,True,False,False,False,False,False,False,False,True,False,False,False
2023-02-07,0,0.0,1,False,2,7,0.0,6.0,0.8571428571428571,1.3571428571428572,2.2677868380553643,True,False,False,False,False,False,False,False,True,False,False,False
2023-02-08,2,1.6,2,False,2,8,0.0,0.0,0.0,1.3571428571428572,0.0,True,False,False,False,False,False,False,False,True,False,False,False
2023-02-09,0,0.0,3,False,2,9,2.0,0.0,0.2857142857142857,1.5,0.7559289460184545,True,False,False,False,False,False,False,False,True,False,False,False
2023-02-10,37,29.6,4,False,2,10,0.0,0.0,0.2857142857142857,1.5,0.7559289460184545,True,False,False,False,False,False,False,False,True,False,False,False
2023-02-11,14,11.200000000000001,5,True,2,11,37.0,0.0,5.571428571428571,4.142857142857143,13.878726440817529,True,False,False,False,False,False,False,False,True,False,False,False
2023-02-12,17,13.600000000000001,6,True,2,12,14.0,0.0,7.571428571428571,5.142857142857143,13.950593092017543,True,False,False,False,False,False,False,False,True,False,False,False
2023-02-13,14,11.200000000000001,0,False,2,13,17.0,0.0,10.0,6.357142857142857,13.892443989449804,True,False,False,False,False,False,False,False,True,False,False,False
2023-02-14,24,19.200000000000003,1,False,2,14,14.0,0.0,12.0,6.428571428571429,13.203534880225574,True,False,False,False,False,False,False,False,True,False,False,False
2023-02-15,35,28.0,2,False,2,15,24.0,2.0,15.428571428571429,7.714285714285714,12.673557023150513,True,False,False,False,False,False,False,False,True,False,False,False
2023-02-16,18,14.4,3,False,2,16,35.0,0.0,20.142857142857142,10.214285714285714,12.979837844757174,True,False,False,False,False,False,False,False,True,False,False,False
2023-02-17,19,15.200000000000001,4,False,2,17,18.0,37.0,22.714285714285715,11.5,9.6904469404028,True,False,False,False,False,False,False,False,True,False,False,False
2023-02-18,25,20.0,5,True,2,18,19.0,14.0,20.142857142857142,12.857142857142858,7.380798769522887,True,False,False,False,False,False,False,False,True,False,False,False
2023-02-19,14,11.200000000000001,6,True,2,19,25.0,17.0,21.714285714285715,14.642857142857142,7.016986193380696,True,False,False,False,False,False,False,False,True,False,False,False
2023-02-20,11,8.8,0,False,2,20,14.0,14.0,21.285714285714285,15.642857142857142,7.432233529572071,True,False,False,False,False,False,False,False,True,False,False,False
2023-02-21,26,20.8,1,False,2,21,11.0,24.0,20.857142857142858,16.428571428571427,7.9880863671798075,True,False,False,False,False,False,False,False,True,False,False,False
2023-02-22,0,0.0,2,False,2,22,26.0,35.0,21.142857142857142,18.285714285714285,8.153293228885525,True,False,False,False,False,False,False,False,True,False,False,False
2023-02-23,0,0.0,3,False,2,23,0.0,18.0,16.142857142857142,18.142857142857142,8.93361762163145,True,False,False,False,False,False,False,False,True,False,False,False
2023-02-24,0,0.0,4,False,2,24,0.0,19.0,13.571428571428571,18.142857142857142,10.721584815333093,True,False,False,False,False,False,False,False,True,False,False,False
2023-02-25,0,0.0,5,True,2,25,0.0,25.0,10.857142857142858,15.5,11.495340671022213,True,False,False,False,False,False,False,False,True,False,False,False
2023-02-26,0,0.0,6,True,2,26,0.0,14.0,7.285714285714286,14.5,10.177004891982163,True,False,False,False,False,False,False,False,True,False,False,False
2023-02-27,0,0.0,0,False,2,27,0.0,11.0,5.285714285714286,13.285714285714286,10.01189768416036,True,False,False,False,False,False,False,False,True,False,False,False
2023-02-28,0,0.0,1,False,2,28,0.0,26.0,3.7142857142857144,12.285714285714286,9.827076298239927,True,False,False,False,False,False,False,False,True,False,False,False
2023-03-01,0,0.0,2,False,3,1,0.0,0.0,0.0,10.571428571428571,0.0,True,False,False,False,False,False,False,False,True,False,False,False
2023-03-02,0,0.0,3,False,3,2,0.0,0.0,0.0,8.071428571428571,0.0,True,False,False,False,False,False,False,False,True,False,False,False
2023-03-03,0,0.0,4,False,3,3,0.0,0.0,0.0,6.785714285714286,0.0,True,False,False,False,False,False,False,False,True,False,False,False
2023-03-04,0,0.0,5,True,3,4,0.0,0.0,0.0,5.428571428571429,0.0,True,False,False,False,False,False,False,False,True,False,False,False
2023-03-05,0,0.0,6,True,3,5,0.0,0.0,0.0,3.642857142857143,0.0,True,False,False,False,False,False,False,False,True,False,False,False
2023-03-06,0,0.0,0,False,3,6,0.0,0.0,0.0,2.642857142857143,0.0,True,False,False,False,False,False,False,False,True,False,False,False
2023-03-07,0,0.0,1,False,3,7,0.0,0.0,0.0,1.8571428571428572,0.0,True,False,False,False,False,False,False,False,True,False,False,False
2023-03-08,0,0.0,2,False,3,8,0.0,0.0,0.0,0.0,0.0,True,False,False,False,False,False,False,False,True,False,False,False
2023-03-09,0,0.0,3,False,3,9,0.0,0.0,0.0,0.0,0.0,True,False,False,False,False,False,False,False,True,False,False,False
2023-03-10,32,25.6,4,False,3,10,0.0,0.0,0.0,0.0,0.0,True,False,False,False,False,False,False,False,True,False,False,False
2023-03-11,28,22.400000000000002,5,True,3,11,32.0,0.0,4.571428571428571,2.2857142857142856,12.094863136295272,True,False,False,False,False,False,False,False,True,False,False,False
2023-03-12,12,9.600000000000001,6,True,3,12,28.0,0.0,8.571428571428571,4.285714285714286,14.683972474063264,True,False,False,False,False,False,False,False,True,False,False,False
2023-03-13,19,15.200000000000001,0,False,3,13,12.0,0.0,10.285714285714286,5.142857142857143,14.20931954404439,True,False,False,False,False,False,False,False,True,False,False,False
2023-03-14,26,20.8,1,False,3,14,19.0,0.0,13.0,6.5,13.723459233492601,True,False,False,False,False,False,False,False,True,False,False,False
2023-03-15,27,21.6,2,False,3,15,26.0,0.0,16.714285714285715,8.357142857142858,13.1239512052619,True,False,False,False,False,False,False,False,True,False,False,False
2023-03-16,15,12.0,3,False,3,16,27.0,0.0,20.571428571428573,10.285714285714286,11.222850838908132,True,False,False,False,False,False,False,False,True,False,False,False
2023-03-17,29,23.200000000000003,4,False,3,17,15.0,32.0,22.714285714285715,11.357142857142858,7.432233529572065,True,False,False,False,False,False,False,False,True,False,False,False
2023-03-18,29,23.200000000000003,5,True,3,18,29.0,28.0,22.285714285714285,13.428571428571429,6.8729975438737965,True,False,False,False,False,False,False,False,True,False,False,False
2023-03-19,21,16.8,6,True,3,19,29.0,12.0,22.428571428571427,15.5,7.020378500174637,True,False,False,False,False,False,False,False,True,False,False,False
2023-03-20,14,11.200000000000001,0,False,3,20,21.0,19.0,23.714285714285715,17.0,5.437961803049794,True,False,False,False,False,False,False,False,True,False,False,False
2023-03-21,23,18.400000000000002,1,False,3,21,14.0,26.0,23.0,18.0,6.4031242374328485,True,False,False,False,False,False,False,False,True,False,False,False
2023-03-22,0,0.0,2,False,3,22,23.0,27.0,22.571428571428573,19.642857142857142,6.267831705280087,True,False,False,False,False,False,False,False,True,False,False,False
2023-03-23,0,0.0,3,False,3,23,0.0,15.0,18.714285714285715,19.642857142857142,10.177004891982149,True,False,False,False,False,False,False,False,True,False,False,False
2023-03-24,0,0.0,4,False,3,24,0.0,29.0,16.571428571428573,19.642857142857142,12.421180068162379,True,False,False,False,False,False,False,False,True,False,False,False
2023-03-25,0,0.0,5,True,3,25,0.0,29.0,12.428571428571429,17.357142857142858,12.421180068162379,True,False,False,False,False,False,False,False,True,False,False,False
2023-03-26,0,0.0,6,True,3,26,0.0,21.0,8.285714285714286,15.357142857142858,10.688222267435092,True,False,False,False,False,False,False,False,True,False,False,False
2023-03-27,0,0.0,0,False,3,27,0.0,14.0,5.285714285714286,14.5,9.393513466115614,True,False,False,False,False,False,False,False,True,False,False,False
2023-03-28,0,0.0,1,False,3,28,0.0,23.0,3.2857142857142856,13.142857142857142,8.693182879212234,True,False,False,False,False,False,False,False,True,False,False,False
2023-03-29,0,0.0,2,False,3,29,0.0,0.0,0.0,11.285714285714286,0.0,True,False,False,False,False,False,False,False,True,False,False,False
2023-03-30,15,12.0,3,False,3,30,0.0,0.0,0.0,9.357142857142858,0.0,True,False,False,False,False,False,False,False,True,False,False,False
2023-03-31,13,10.4,4,False,3,31,15.0,0.0,2.142857142857143,9.357142857142858,5.669467095138408,True,False,False,False,False,False,False,False,True,False,False,False
2023-04-01,0,0.0,5,True,4,1,13.0,0.0,4.0,8.214285714285714,6.855654600401044,True,False,False,False,False,False,False,False,True,False,False,False
2023-04-02,0,0.0,6,True,4,2,0.0,0.0,4.0,6.142857142857143,6.855654600401044,True,False,False,False,False,False,False,False,True,False,False,False
2023-04-03,0,0.0,0,False,4,3,0.0,0.0,4.0,4.642857142857143,6.855654600401044,True,False,False,False,False,False,False,False,True,False,False,False
2023-04-04,0,0.0,1,False,4,4,0.0,0.0,4.0,3.642857142857143,6.855654600401044,True,False,False,False,False,False,False,False,True,False,False,False
2023-04-05,0,0.0,2,False,4,5,0.0,0.0,4.0,2.0,6.855654600401044,True,False,False,False,False,False,False,False,True,False,False,False
2023-04-06,0,0.0,3,False,4,6,0.0,15.0,4.0,2.0,6.855654600401044,True,False,False,False,False,False,False,False,True,False,False,False
2023-04-07,0,0.0,4,False,4,7,0.0,13.0,1.8571428571428572,2.0,4.913538149119954,True,False,False,False,False,False,False,False,True,False,False,False
2023-04-08,0,0.0,5,True,4,8,0.0,0.0,0.0,2.0,0.0,True,False,False,False,False,False,False,False,True,False,False,False
2023-04-09,4,3.2,6,True,4,9,0.0,0.0,0.0,2.0,0.0,True,False,False,False,False,False,False,False,True,False,False,False
2023-04-10,40,32.0,0,False,4,10,4.0,0.0,0.5714285714285714,2.2857142857142856,1.511857892036909,True,False,False,False,False,False,False,False,True,False,False,False
2023-04-11,31,24.8,1,False,4,11,40.0,0.0,6.285714285714286,5.142857142857143,14.941154414505435,True,False,False,False,False,False,False,False,True,False,False,False
2023-04-12,19,15.200000000000001,2,False,4,12,31.0,0.0,10.714285714285714,7.357142857142857,17.19219091830441,True,False,False,False,False,False,False,False,True,False,False,False
2023-04-13,24,19.200000000000003,3,False,4,13,19.0,0.0,13.428571428571429,8.714285714285714,16.711843533426055,True,False,False,False,False,False,False,False,True,False,False,False
2023-04-14,29,23.200000000000003,4,False,4,14,24.0,0.0,16.857142857142858,9.357142857142858,15.941858647687763,True,False,False,False,False,False,False,False,True,False,False,False
2023-04-15,30,24.0,5,True,4,15,29.0,0.0,21.0,10.5,14.537308324904348,True,False,False,False,False,False,False,False,True,False,False,False
2023-04-16,31,24.8,6,True,4,16,30.0,4.0,25.285714285714285,12.642857142857142,11.3975770190318,True,False,False,False,False,False,False,False,True,False,False,False
2023-04-17,28,22.400000000000002,0,False,4,17,31.0,40.0,29.142857142857142,14.857142857142858,6.517376042257372,True,False,False,False,False,False,False,False,True,False,False,False
2023-04-18,30,24.0,1,False,4,18,28.0,31.0,27.428571428571427,16.857142857142858,4.429339411136555,True,False,False,False,False,False,False,False,True,False,False,False
2023-04-19,27,21.6,2,False,4,19,30.0,19.0,27.285714285714285,19.0,4.309458036856662,True,False,False,False,False,False,False,False,True,False,False,False
2023-04-20,17,13.600000000000001,3,False,4,20,27.0,24.0,28.428571428571427,20.928571428571427,2.3704530408863858,True,False,False,False,False,False,False,False,True,False,False,False
2023-04-21,34,27.200000000000003,4,False,4,21,17.0,29.0,27.428571428571427,22.142857142857142,4.790864322059315,True,False,False,False,False,False,False,False,True,False,False,False
2023-04-22,0,0.0,5,True,4,22,34.0,30.0,28.142857142857142,24.571428571428573,5.398412465054615,True,False,False,False,False,False,False,False,True,False,False,False
2023-04-23,0,0.0,6,True,4,23,0.0,31.0,23.857142857142858,24.571428571428573,11.79588305905315,True,False,False,False,False,False,False,False,True,False,False,False
2023-04-24,0,0.0,0,False,4,24,0.0,28.0,19.428571428571427,24.285714285714285,14.234431763124496,True,False,False,False,False,False,False,False,True,False,False,False
2023-04-25,0,0.0,1,False,4,25,0.0,30.0,15.428571428571429,21.428571428571427,15.317279380459428,True,False,False,False,False,False,False,False,True,False,False,False
2023-04-26,0,0.0,2,False,4,26,0.0,27.0,11.142857142857142,19.214285714285715,14.747073963203357,True,False,False,False,False,False,False,False,True,False,False,False
2023-04-27,0,0.0,3,False,4,27,0.0,17.0,7.285714285714286,17.857142857142858,13.37552847198053,True,False,False,False,False,False,False,False,True,False,False,False
2023-04-28,0,0.0,4,False,4,28,0.0,34.0,4.857142857142857,16.142857142857142,12.850792082313724,True,False,False,False,False,False,False,False,True,False,False,False
2023-04-29,0,0.0,5,True,4,29,0.0,0.0,0.0,14.071428571428571,0.0,True,False,False,False,False,False,False,False,True,False,False,False
2023-04-30,16,12.8,6,True,4,30,0.0,0.0,0.0,11.928571428571429,0.0,True,False,False,False,False,False,False,False,True,False,False,False
2023-05-01,0,0.0,0,False,5,1,16.0,0.0,2.2857142857142856,10.857142857142858,6.047431568147636,True,False,False,False,False,False,False,False,True,False,False,False
2023-05-02,0,0.0,1,False,5,2,0.0,0.0,2.2857142857142856,8.857142857142858,6.047431568147636,True,False,False,False,False,False,False,False,True,False,False,False
2023-05-03,0,0.0,2,False,5,3,0.0,0.0,2.2857142857142856,6.714285714285714,6.047431568147636,True,False,False,False,False,False,False,False,True,False,False,False
2023-05-04,0,0.0,3,False,5,4,0.0,0.0,2.2857142857142856,4.785714285714286,6.047431568147636,True,False,False,False,False,False,False,False,True,False,False,False
2023-05-05,0,0.0,4,False,5,5,0.0,0.0,2.2857142857142856,3.5714285714285716,6.047431568147636,True,False,False,False,False,False,False,False,True,False,False,False
2023-05-06,0,0.0,5,True,5,6,0.0,0.0,2.2857142857142856,1.1428571428571428,6.047431568147636,True,False,False,False,False,False,False,False,True,False,False,False
2023-05-07,0,0.0,6,True,5,7,0.0,16.0,2.2857142857142856,1.1428571428571428,6.047431568147636,True,False,False,False,False,False,False,False,True,False,False,False
2023-05-08,3,2.4000000000000004,0,False,5,8,0.0,0.0,0.0,1.1428571428571428,0.0,True,False,False,False,False,False,False,False,True,False,False,False
2023-05-09,9,7.2,1,False,5,9,3.0,0.0,0.42857142857142855,1.3571428571428572,1.1338934190276817,True,False,False,False,False,False,False,False,True,False,False,False
2023-05-10,52,41.6,2,False,5,10,9.0,0.0,1.7142857142857142,2.0,3.401680257083045,True,False,False,False,False,False,False,False,True,False,False,False
2023-05-11,34,27.200000000000003,3,False,5,11,52.0,0.0,9.142857142857142,5.714285714285714,19.18704920363882,True,False,False,False,False,False,False,False,True,False,False,False
2023-05-12,31,24.8,4,False,5,12,34.0,0.0,14.0,8.142857142857142,20.728402414722336,True,False,False,False,False,False,False,False,True,False,False,False
2023-05-13,28,22.400000000000002,5,True,5,13,31.0,0.0,18.428571428571427,10.357142857142858,20.54959158440173,True,False,False,False,False,False,False,False,True,False,False,False
2023-05-14,43,34.4,6,True,5,14,28.0,0.0,22.428571428571427,12.357142857142858,19.033804514224535,True,False,False,False,False,False,False,False,True,False,False,False
2023-05-15,38,30.400000000000002,0,False,5,15,43.0,3.0,28.571428571428573,14.285714285714286,17.462885813987935,True,False,False,False,False,False,False,False,True,False,False,False
2023-05-16,43,34.4,1,False,5,16,38.0,9.0,33.57142857142857,17.0,13.476611132589964,True,False,False,False,False,False,False,False,True,False,False,False
2023-05-17,37,29.6,2,False,5,17,43.0,52.0,38.42857142857143,20.071428571428573,8.263517065131193,True,False,False,False,False,False,False,False,True,False,False,False
2023-05-18,45,36.0,3,False,5,18,37.0,34.0,36.285714285714285,22.714285714285715,5.707138387268061,True,False,False,False,False,False,False,False,True,False,False,False
2023-05-19,46,36.800000000000004,4,False,5,19,45.0,31.0,37.857142857142854,25.928571428571427,6.440201120787349,True,False,False,False,False,False,False,False,True,False,False,False
2023-05-20,23,18.400000000000002,5,True,5,20,46.0,28.0,40.0,29.214285714285715,6.271629240742277,True,False,False,False,False,False,False,False,True,False,False,False
2023-05-21,39,31.200000000000003,6,True,5,21,23.0,43.0,39.285714285714285,30.857142857142858,7.931252228038275,True,False,False,False,False,False,False,False,True,False,False,False
2023-05-22,0,0.0,0,False,5,22,39.0,38.0,38.714285714285715,33.642857142857146,7.761320457119099,True,False,False,False,False,False,False,False,True,False,False,False
2023-05-23,0,0.0,1,False,5,23,0.0,43.0,33.285714285714285,33.42857142857143,16.600344230510057,True,False,False,False,False,False,False,False,True,False,False,False
2023-05-24,0,0.0,2,False,5,24,0.0,37.0,27.142857142857142,32.785714285714285,20.011901220928266,True,False,False,False,False,False,False,False,True,False,False,False
2023-05-25,0,0.0,3,False,5,25,0.0,45.0,21.857142857142858,29.071428571428573,21.78247438828266,True,False,False,False,False,False,False,False,True,False,False,False
2023-05-26,0,0.0,4,False,5,26,0.0,46.0,15.428571428571429,26.642857142857142,20.4112480661778,True,False,False,False,False,False,False,False,True,False,False,False
2023-05-27,0,0.0,5,True,5,27,0.0,23.0,8.857142857142858,24.428571428571427,15.815905195177933,True,False,False,False,False,False,False,False,True,False,False,False
2023-05-28,0,0.0,6,True,5,28,0.0,39.0,5.571428571428571,22.428571428571427,14.74061444735983,True,False,False,False,False,False,False,False,True,False,False,False
2023-05-29,0,0.0,0,False,5,29,0.0,0.0,0.0,19.357142857142858,0.0,True,False,False,False,False,False,False,False,True,False,False,False
2023-05-30,17,13.600000000000001,1,False,5,30,0.0,0.0,0.0,16.642857142857142,0.0,True,False,False,False,False,False,False,False,True,False,False,False
2023-05-31,17,13.600000000000001,2,False,5,31,17.0,0.0,2.4285714285714284,14.785714285714286,6.425396041156863,True,False,False,False,False,False,False,False,True,False,False,False
2023-06-01,0,0.0,3,False,6,1,17.0,0.0,4.857142857142857,13.357142857142858,8.295150620062532,True,False,False,False,False,False,False,False,True,False,False,False
2023-06-02,0,0.0,4,False,6,2,0.0,0.0,4.857142857142857,10.142857142857142,8.295150620062532,True,False,False,False,False,False,False,False,True,False,False,False
2023-06-03,0,0.0,5,True,6,3,0.0,0.0,4.857142857142857,6.857142857142857,8.295150620062532,True,False,False,False,False,False,False,False,True,False,False,False
2023-06-04,0,0.0,6,True,6,4,0.0,0.0,4.857142857142857,5.214285714285714,8.295150620062532,True,False,False,False,False,False,False,False,True,False,False,False
2023-06-05,0,0.0,0,False,6,5,0.0,0.0,4.857142857142857,2.4285714285714284,8.295150620062532,True,False,False,False,False,False,False,False,True,False,False,False
2023-06-06,0,0.0,1,False,6,6,0.0,17.0,4.857142857142857,2.4285714285714284,8.295150620062532,True,False,False,False,False,False,False,False,True,False,False,False
2023-06-07,0,0.0,2,False,6,7,0.0,17.0,2.4285714285714284,2.4285714285714284,6.425396041156863,True,False,False,False,False,False,False,False,True,False,False,False
2023-06-08,3,2.4000000000000004,3,False,6,8,0.0,0.0,0.0,2.4285714285714284,0.0,True,False,False,False,False,False,False,False,True,False,False,False
2023-06-09,7,5.6000000000000005,4,False,6,9,3.0,0.0,0.42857142857142855,2.642857142857143,1.1338934190276817,True,False,False,False,False,False,False,False,True,False,False,False
2023-06-10,54,43.2,5,True,6,10,7.0,0.0,1.4285714285714286,3.142857142857143,2.699206232527312,True,False,False,False,False,False,False,False,True,False,False,False
2023-06-11,49,39.2,6,True,6,11,54.0,0.0,9.142857142857142,7.0,19.953517412798607,True,False,False,False,False,False,False,False,True,False,False,False
2023-06-12,27,21.6,0,False,6,12,49.0,0.0,16.142857142857142,10.5,24.327135544685976,True,False,False,False,False,False,False,False,True,False,False,False
2023-06-13,29,23.200000000000003,1,False,6,13,27.0,0.0,20.0,12.428571428571429,23.46628787573072,True,False,False,False,False,False,False,False,True,False,False,False
2023-06-14,36,28.8,2,False,6,14,29.0,0.0,24.142857142857142,13.285714285714286,21.851228580475528,True,False,False,False,False,False,False,False,True,False,False,False
2023-06-15,48,38.400000000000006,3,False,6,15,36.0,3.0,29.285714285714285,14.642857142857142,19.31074213759694,True,False,False,False,False,False,False,False,True,False,False,False
2023-06-16,46,36.800000000000004,4,False,6,16,48.0,7.0,35.714285714285715,18.071428571428573,16.367796488982933,True,False,False,False,False,False,False,False,True,False,False,False
2023-06-17,38,30.400000000000002,5,True,6,17,46.0,54.0,41.285714285714285,21.357142857142858,10.578504710249081,True,False,False,False,False,False,False,False,True,False,False,False
2023-06-18,35,28.0,6,True,6,18,38.0,49.0,39.0,24.071428571428573,8.98146239020499,True,False,False,False,False,False,False,False,True,False,False,False
2023-06-19,45,36.0,0,False,6,19,35.0,27.0,37.0,26.571428571428573,7.874007874011818,True,False,False,False,False,False,False,False,True,False,False,False
2023-06-20,23,18.400000000000002,1,False,6,20,45.0,29.0,39.57142857142857,29.785714285714285,6.948792289723042,True,False,False,False,False,False,False,False,True,False,False,False
2023-06-21,43,34.4,2,False,6,21,23.0,36.0,38.714285714285715,31.428571428571427,8.635475005547098,True,False,False,False,False,False,False,False,True,False,False,False
2023-06-22,0,0.0,3,False,6,22,43.0,48.0,39.714285714285715,34.5,8.673989580239034,True,False,False,False,False,False,False,False,True,False,False,False
2023-06-23,0,0.0,4,False,6,23,0.0,46.0,32.857142857142854,34.285714285714285,16.486646833408056,True,False,False,False,False,False,False,False,True,False,False,False
2023-06-24,0,0.0,5,True,6,24,0.0,38.0,26.285714285714285,33.785714285714285,19.302109433205185,True,False,False,False,False,False,False,False,True,False,False,False
2023-06-25,0,0.0,6,True,6,25,0.0,35.0,20.857142857142858,29.928571428571427,20.747920148202578,True,False,False,False,False,False,False,False,True,False,False,False
2023-06-26,0,0.0,0,False,6,26,0.0,45.0,15.857142857142858,26.428571428571427,20.987524639084775,True,False,False,False,False,False,False,False,True,False,False,False
2023-06-27,0,0.0,1,False,6,27,0.0,23.0,9.428571428571429,24.5,17.10611141139469,True,False,False,False,False,False,False,False,True,False,False,False
2023-06-28,0,0.0,2,False,6,28,0.0,43.0,6.142857142857143,22.428571428571427,16.252472339396775,True,False,False,False,False,False,False,False,True,False,False,False
2023-06-29,0,0.0,3,False,6,29,0.0,0.0,0.0,19.857142857142858,0.0,True,False,False,False,False,False,False,False,True,False,False,False
2023-06-30,28,22.400000000000002,4,False,6,30,0.0,0.0,0.0,16.428571428571427,0.0,True,False,False,False,False,False,False,False,True,False,False,False
2023-01-15,2,17.9,6,True,1,15,2.0,5.0,2.5714285714285716,1.2857142857142858,1.8126539343499315,True,False,False,False,False,False,False,False,False,True,False,False
2023-01-16,3,27.95,0,False,1,16,2.0,4.0,2.142857142857143,1.4285714285714286,1.4638501094227998,True,False,False,False,False,False,False,False,False,True,False,False
2023-01-17,2,19.0,1,False,1,17,3.0,2.0,2.0,1.6428571428571428,1.2909944487358054,True,False,False,False,False,False,False,False,False,True,False,False
2023-01-18,4,36.099999999999994,2,False,1,18,2.0,1.0,2.0,1.7857142857142858,1.2909944487358054,True,False,False,False,False,False,False,False,False,True,False,False
2023-01-19,1,8.95,3,False,1,19,4.0,4.0,2.4285714285714284,2.0714285714285716,1.3972762620115438,True,False,False,False,False,False,False,False,False,True,False,False
2023-01-20,5,44.75,4,False,1,20,1.0,0.0,2.0,2.142857142857143,1.2909944487358054,True,False,False,False,False,False,False,False,False,True,False,False
2023-01-21,0,0.0,5,True,1,21,5.0,2.0,2.7142857142857144,2.5,1.3801311186847085,True,False,False,False,False,False,False,False,False,True,False,False
2023-01-22,0,0.0,6,True,1,22,0.0,2.0,2.4285714285714284,2.5,1.7182493859684491,True,False,False,False,False,False,False,False,False,True,False,False
2023-01-23,0,0.0,0,False,1,23,0.0,3.0,2.142857142857143,2.142857142857143,1.9518001458970664,True,False,False,False,False,False,False,False,False,True,False,False
2023-01-24,0,0.0,1,False,1,24,0.0,2.0,1.7142857142857142,1.8571428571428572,2.0586634591635513,True,False,False,False,False,False,False,False,False,True,False,False
2023-01-25,0,0.0,2,False,1,25,0.0,4.0,1.4285714285714286,1.7142857142857142,2.14919697074224,True,False,False,False,False,False,False,False,False,True,False,False
2023-01-26,0,0.0,3,False,1,26,0.0,1.0,0.8571428571428571,1.6428571428571428,1.864454471471609,True,False,False,False,False,False,False,False,False,True,False,False
2023-01-27,0,0.0,4,False,1,27,0.0,5.0,0.7142857142857143,1.3571428571428572,1.889822365046136,True,False,False,False,False,False,False,False,False,True,False,False
2023-01-28,0,0.0,5,True,1,28,0.0,0.0,0.0,1.3571428571428572,0.0,True,False,False,False,False,False,False,False,False,True,False,False
2023-01-29,0,0.0,6,True,1,29,0.0,0.0,0.0,1.2142857142857142,0.0,True,False,False,False,False,False,False,False,False,True,False,False
2023-01-30,1,8.95,0,False,1,30,0.0,0.0,0.0,1.0714285714285714,0.0,True,False,False,False,False,False,False,False,False,True,False,False
2023-01-31,7,62.949999999999996,1,False,1,31,1.0,0.0,0.14285714285714285,0.9285714285714286,0.37796447300922725,True,False,False,False,False,False,False,False,False,True,False,False
2023-02-01,0,0.0,2,False,2,1,7.0,0.0,1.1428571428571428,1.2857142857142858,2.6095064302514777,True,False,False,False,False,False,False,False,False,True,False,False
2023-02-02,0,0.0,3,False,2,2,0.0,0.0,1.1428571428571428,1.0,2.6095064302514777,True,False,False,False,False,False,False,False,False,True,False,False
2023-02-03,0,0.0,4,False,2,3,0.0,0.0,1.1428571428571428,0.9285714285714286,2.6095064302514777,True,False,False,False,False,False,False,False,False,True,False,False
2023-02-04,0,0.0,5,True,2,4,0.0,0.0,1.1428571428571428,0.5714285714285714,2.6095064302514777,True,False,False,False,False,False,False,False,False,True,False,False
2023-02-05,0,0.0,6,True,2,5,0.0,0.0,1.1428571428571428,0.5714285714285714,2.6095064302514777,True,False,False,False,False,False,False,False,False,True,False,False
2023-02-06,0,0.0,0,False,2,6,0.0,1.0,1.1428571428571428,0.5714285714285714,2.6095064302514777,True,False,False,False,False,False,False,False,False,True,False,False
2023-02-07,0,0.0,1,False,2,7,0.0,7.0,1.0,0.5714285714285714,2.6457513110645907,True,False,False,False,False,False,False,False,False,True,False,False
2023-02-08,3,29.4,2,False,2,8,0.0,0.0,0.0,0.5714285714285714,0.0,True,False,False,False,False,False,False,False,False,True,False,False
2023-02-09,1,8.95,3,False,2,9,3.0,0.0,0.42857142857142855,0.7857142857142857,1.1338934190276817,True,False,False,False,False,False,False,False,False,True,False,False
2023-02-10,1,9.25,4,False,2,10,1.0,0.0,0.5714285714285714,0.8571428571428571,1.1338934190276817,True,False,False,False,False,False,False,False,False,True,False,False
2023-02-11,2,18.45,5,True,2,11,1.0,0.0,0.7142857142857143,0.9285714285714286,1.1126972805283737,True,False,False,False,False,False,False,False,False,True,False,False
2023-02-12,7,63.199999999999996,6,True,2,12,2.0,0.0,1.0,1.0714285714285714,1.1547005383792515,True,False,False,False,False,False,False,False,False,True,False,False
2023-02-13,0,0.0,0,False,2,13,7.0,0.0,2.0,1.5714285714285714,2.449489742783178,True,False,False,False,False,False,False,False,False,True,False,False
2023-02-14,3,26.849999999999998,1,False,2,14,0.0,0.0,2.0,1.5,2.449489742783178,True,False,False,False,False,False,False,False,False,True,False,False
2023-02-15,2,19.9,2,False,2,15,3.0,3.0,2.4285714285714284,1.2142857142857142,2.29906813420444,True,False,False,False,False,False,False,False,False,True,False,False
2023-02-16,4,36.349999999999994,3,False,2,16,2.0,1.0,2.2857142857142856,1.3571428571428572,2.2886885410853175,True,False,False,False,False,False,False,False,False,True,False,False
2023-02-17,1,10.95,4,False,2,17,4.0,1.0,2.7142857142857144,1.6428571428571428,2.288688541085317,True,False,False,False,False,False,False,False,False,True,False,False
2023-02-18,2,17.9,5,True,2,18,1.0,2.0,2.7142857142857144,1.7142857142857142,2.288688541085317,True,False,False,False,False,False,False,False,False,True,False,False
2023-02-19,3,27.15,6,True,2,19,2.0,7.0,2.7142857142857144,1.8571428571428572,2.288688541085317,True,False,False,False,False,False,False,False,False,True,False,False
2023-02-20,6,54.55,0,False,2,20,3.0,0.0,2.142857142857143,2.0714285714285716,1.3451854182690988,True,False,False,False,False,False,False,False,False,True,False,False
2023-02-21,2,19.9,1,False,2,21,6.0,3.0,3.0,2.5,1.6329931618554518,True,False,False,False,False,False,False,False,False,True,False,False
2023-02-22,0,0.0,2,False,2,22,2.0,2.0,2.857142857142857,2.642857142857143,1.6761634196950512,True,False,False,False,False,False,False,False,False,True,False,False
2023-02-23,0,0.0,3,False,2,23,0.0,4.0,2.5714285714285716,2.4285714285714284,1.9880595947760096,True,False,False,False,False,False,False,False,False,True,False,False
2023-02-24,0,0.0,4,False,2,24,0.0,1.0,2.0,2.357142857142857,2.0816659994661326,True,False,False,False,False,False,False,False,False,True,False,False
2023-02-25,0,0.0,5,True,2,25,0.0,2.0,1.8571428571428572,2.2857142857142856,2.193062655175134,True,False,False,False,False,False,False,False,False,True,False,False
2023-02-26,0,0.0,6,True,2,26,0.0,3.0,1.5714285714285714,2.142857142857143,2.29906813420444,True,False,False,False,False,False,False,False,False,True,False,False
2023-02-27,0,0.0,0,False,2,27,0.0,6.0,1.1428571428571428,1.6428571428571428,2.2677868380553634,True,False,False,False,False,False,False,False,False,True,False,False
2023-02-28,0,0.0,1,False,2,28,0.0,2.0,0.2857142857142857,1.6428571428571428,0.7559289460184555,True,False,False,False,False,False,False,False,False,True,False,False
2023-03-01,0,0.0,2,False,3,1,0.0,0.0,0.0,1.4285714285714286,0.0,True,False,False,False,False,False,False,False,False,True,False,False
2023-03-02,0,0.0,3,False,3,2,0.0,0.0,0.0,1.2857142857142858,0.0,True,False,False,False,False,False,False,False,False,True,False,False
2023-03-03,0,0.0,4,False,3,3,0.0,0.0,0.0,1.0,0.0,True,False,False,False,False,False,False,False,False,True,False,False
2023-03-04,0,0.0,5,True,3,4,0.0,0.0,0.0,0.9285714285714286,0.0,True,False,False,False,False,False,False,False,False,True,False,False
2023-03-05,0,0.0,6,True,3,5,0.0,0.0,0.0,0.7857142857142857,0.0,True,False,False,False,False,False,False,False,False,True,False,False
2023-03-06,0,0.0,0,False,3,6,0.0,0.0,0.0,0.5714285714285714,0.0,True,False,False,False,False,False,False,False,False,True,False,False
2023-03-07,0,0.0,1,False,3,7,0.0,0.0,0.0,0.14285714285714285,0.0,True,False,False,False,False,False,False,False,False,True,False,False
2023-03-08,4,36.65,2,False,3,8,0.0,0.0,0.0,0.0,0.0,True,False,False,False,False,False,False,False,False,True,False,False
2023-03-09,3,29.4,3,False,3,9,4.0,0.0,0.5714285714285714,0.2857142857142857,1.511857892036909,True,False,False,False,False,False,False,False,False,True,False,False
2023-03-10,3,28.849999999999998,4,False,3,10,3.0,0.0,1.0,0.5,1.7320508075688772,True,False,False,False,False,False,False,False,False,True,False,False
2023-03-11,0,0.0,5,True,3,11,3.0,0.0,1.4285714285714286,0.7142857142857143,1.8126539343499313,True,False,False,False,False,False,False,False,False,True,False,False
2023-03-12,3,28.0,6,True,3,12,0.0,0.0,1.4285714285714286,0.7142857142857143,1.8126539343499313,True,False,False,False,False,False,False,False,False,True,False,False
2023-03-13,0,0.0,0,False,3,13,3.0,0.0,1.8571428571428572,0.9285714285714286,1.7728105208558365,True,False,False,False,False,False,False,False,False,True,False,False
2023-03-14,0,0.0,1,False,3,14,0.0,0.0,1.8571428571428572,0.9285714285714286,1.7728105208558365,True,False,False,False,False,False,False,False,False,True,False,False
2023-03-15,5,47.05,2,False,3,15,0.0,4.0,1.8571428571428572,0.9285714285714286,1.7728105208558365,True,False,False,False,False,False,False,False,False,True,False,False
2023-03-16,3,27.4,3,False,3,16,5.0,3.0,2.0,1.2857142857142858,1.9999999999999998,True,False,False,False,False,False,False,False,False,True,False,False
2023-03-17,6,57.099999999999994,4,False,3,17,3.0,3.0,2.0,1.5,1.9999999999999998,True,False,False,False,False,False,False,False,False,True,False,False
2023-03-18,4,36.349999999999994,5,True,3,18,6.0,0.0,2.4285714285714284,1.9285714285714286,2.5071326821120348,True,False,False,False,False,False,False,False,False,True,False,False
2023-03-19,2,17.9,6,True,3,19,4.0,3.0,3.0,2.2142857142857144,2.309401076758503,True,False,False,False,False,False,False,False,False,True,False,False
2023-03-20,10,90.94999999999999,0,False,3,20,2.0,0.0,2.857142857142857,2.357142857142857,2.3401261667248785,True,False,False,False,False,False,False,False,False,True,False,False
2023-03-21,2,19.9,1,False,3,21,10.0,0.0,4.285714285714286,3.0714285714285716,3.1997023671109215,True,False,False,False,False,False,False,False,False,True,False,False
2023-03-22,0,0.0,2,False,3,22,2.0,5.0,4.571428571428571,3.2142857142857144,2.8199966227605575,True,False,False,False,False,False,False,False,False,True,False,False
2023-03-23,0,0.0,3,False,3,23,0.0,3.0,3.857142857142857,2.9285714285714284,3.2877840272018792,True,False,False,False,False,False,False,False,False,True,False,False
2023-03-24,0,0.0,4,False,3,24,0.0,6.0,3.4285714285714284,2.7142857142857144,3.598941643369749,True,False,False,False,False,False,False,False,False,True,False,False
2023-03-25,0,0.0,5,True,3,25,0.0,4.0,2.5714285714285716,2.5,3.59894164336975,True,False,False,False,False,False,False,False,False,True,False,False
2023-03-26,0,0.0,6,True,3,26,0.0,2.0,2.0,2.5,3.6514837167011076,True,False,False,False,False,False,False,False,False,True,False,False
2023-03-27,0,0.0,0,False,3,27,0.0,10.0,1.7142857142857142,2.2857142857142856,3.728908942943218,True,False,False,False,False,False,False,False,False,True,False,False
2023-03-28,0,0.0,1,False,3,28,0.0,2.0,0.2857142857142857,2.2857142857142856,0.7559289460184586,True,False,False,False,False,False,False,False,False,True,False,False
2023-03-29,0,0.0,2,False,3,29,0.0,0.0,0.0,2.2857142857142856,0.0,True,False,False,False,False,False,False,False,False,True,False,False
2023-03-30,5,45.9,3,False,3,30,0.0,0.0,0.0,1.9285714285714286,0.0,True,False,False,False,False,False,False,False,False,True,False,False
2023-03-31,1,8.95,4,False,3,31,5.0,0.0,0.7142857142857143,2.0714285714285716,1.889822365046136,True,False,False,False,False,False,False,False,False,True,False,False
2023-04-01,0,0.0,5,True,4,1,1.0,0.0,0.8571428571428571,1.7142857142857142,1.864454471471609,True,False,False,False,False,False,False,False,False,True,False,False
2023-04-02,0,0.0,6,True,4,2,0.0,0.0,0.8571428571428571,1.4285714285714286,1.864454471471609,True,False,False,False,False,False,False,False,False,True,False,False
2023-04-03,0,0.0,0,False,4,3,0.0,0.0,0.8571428571428571,1.2857142857142858,1.864454471471609,True,False,False,False,False,False,False,False,False,True,False,False
2023-04-04,0,0.0,1,False,4,4,0.0,0.0,0.8571428571428571,0.5714285714285714,1.864454471471609,True,False,False,False,False,False,False,False,False,True,False,False
2023-04-05,0,0.0,2,False,4,5,0.0,0.0,0.8571428571428571,0.42857142857142855,1.864454471471609,True,False,False,False,False,False,False,False,False,True,False,False
2023-04-06,0,0.0,3,False,4,6,0.0,5.0,0.8571428571428571,0.42857142857142855,1.864454471471609,True,False,False,False,False,False,False,False,False,True,False,False
2023-04-07,0,0.0,4,False,4,7,0.0,1.0,0.14285714285714285,0.42857142857142855,0.37796447300922853,True,False,False,False,False,False,False,False,False,True,False,False
2023-04-08,6,55.699999999999996,5,True,4,8,0.0,0.0,0.0,0.42857142857142855,0.0,True,False,False,False,False,False,False,False,False,True,False,False
2023-04-09,6,56.25,6,True,4,9,6.0,0.0,0.8571428571428571,0.8571428571428571,2.2677868380553634,True,False,False,False,False,False,False,False,False,True,False,False
2023-04-10,2,20.45,0,False,4,10,6.0,0.0,1.7142857142857142,1.2857142857142858,2.9277002188455996,True,False,False,False,False,False,False,False,False,True,False,False
2023-04-11,3,31.4,1,False,4,11,2.0,0.0,2.0,1.4285714285714286,2.8284271247461903,True,False,False,False,False,False,False,False,False,True,False,False
2023-04-12,7,63.5,2,False,4,12,3.0,0.0,2.4285714285714284,1.6428571428571428,2.699206232527312,True,False,False,False,False,False,False,False,False,True,False,False
2023-04-13,0,0.0,3,False,4,13,7.0,0.0,3.4285714285714284,2.142857142857143,2.9358214555806383,True,False,False,False,False,False,False,False,False,True,False,False
2023-04-14,2,19.9,4,False,4,14,0.0,0.0,3.4285714285714284,1.7857142857142858,2.9358214555806383,True,False,False,False,False,False,False,False,False,True,False,False
2023-04-15,2,18.2,5,True,4,15,2.0,6.0,3.7142857142857144,1.8571428571428572,2.627691364061218,True,False,False,False,False,False,False,False,False,True,False,False
2023-04-16,6,54.8,6,True,4,16,2.0,6.0,3.142857142857143,2.0,2.4784787961282104,True,False,False,False,False,False,False,False,False,True,False,False
2023-04-17,2,18.45,0,False,4,17,6.0,2.0,3.142857142857143,2.4285714285714284,2.4784787961282104,True,False,False,False,False,False,False,False,False,True,False,False
2023-04-18,7,62.64999999999999,1,False,4,18,2.0,3.0,3.142857142857143,2.5714285714285716,2.4784787961282104,True,False,False,False,False,False,False,False,False,True,False,False
2023-04-19,3,29.15,2,False,4,19,7.0,7.0,3.7142857142857144,3.0714285714285716,2.870208222079931,True,False,False,False,False,False,False,False,False,True,False,False
2023-04-20,8,72.75,3,False,4,20,3.0,0.0,3.142857142857143,3.2857142857142856,2.4784787961282104,True,False,False,False,False,False,False,False,False,True,False,False
2023-04-21,3,28.849999999999998,4,False,4,21,8.0,2.0,4.285714285714286,3.857142857142857,2.627691364061218,True,False,False,False,False,False,False,False,False,True,False,False
2023-04-22,0,0.0,5,True,4,22,3.0,2.0,4.428571428571429,4.071428571428571,2.5071326821120348,True,False,False,False,False,False,False,False,False,True,False,False
2023-04-23,0,0.0,6,True,4,23,0.0,6.0,4.142857142857143,3.642857142857143,2.911389784311004,True,False,False,False,False,False,False,False,False,True,False,False
2023-04-24,0,0.0,0,False,4,24,0.0,2.0,3.2857142857142856,3.2142857142857144,3.147183169877772,True,False,False,False,False,False,False,False,False,True,False,False
2023-04-25,0,0.0,1,False,4,25,0.0,7.0,3.0,3.0714285714285716,3.366501646120692,True,False,False,False,False,False,False,False,False,True,False,False
2023-04-26,0,0.0,2,False,4,26,0.0,3.0,2.0,2.857142857142857,2.9999999999999987,True,False,False,False,False,False,False,False,False,True,False,False
2023-04-27,0,0.0,3,False,4,27,0.0,8.0,1.5714285714285714,2.357142857142857,3.047247001100219,True,False,False,False,False,False,False,False,False,True,False,False
2023-04-28,0,0.0,4,False,4,28,0.0,3.0,0.42857142857142855,2.357142857142857,1.1338934190276764,True,False,False,False,False,False,False,False,False,True,False,False
2023-04-29,0,0.0,5,True,4,29,0.0,0.0,0.0,2.2142857142857144,0.0,True,False,False,False,False,False,False,False,False,True,False,False
2023-04-30,3,27.15,6,True,4,30,0.0,0.0,0.0,2.0714285714285716,0.0,True,False,False,False,False,False,False,False,False,True,False,False
2023-05-01,0,0.0,0,False,5,1,3.0,0.0,0.42857142857142855,1.8571428571428572,1.1338934190276817,True,False,False,False,False,False,False,False,False,True,False,False
2023-05-02,0,0.0,1,False,5,2,0.0,0.0,0.42857142857142855,1.7142857142857142,1.1338934190276817,True,False,False,False,False,False,False,False,False,True,False,False
2023-05-03,0,0.0,2,False,5,3,0.0,0.0,0.42857142857142855,1.2142857142857142,1.1338934190276817,True,False,False,False,False,False,False,False,False,True,False,False
2023-05-04,0,0.0,3,False,5,4,0.0,0.0,0.42857142857142855,1.0,1.1338934190276817,True,False,False,False,False,False,False,False,False,True,False,False
2023-05-05,0,0.0,4,False,5,5,0.0,0.0,0.42857142857142855,0.42857142857142855,1.1338934190276817,True,False,False,False,False,False,False,False,False,True,False,False
2023-05-06,0,0.0,5,True,5,6,0.0,0.0,0.42857142857142855,0.21428571428571427,1.1338934190276817,True,False,False,False,False,False,False,False,False,True,False,False
2023-05-07,0,0.0,6,True,5,7,0.0,3.0,0.42857142857142855,0.21428571428571427,1.1338934190276817,True,False,False,False,False,False,False,False,False,True,False,False
2023-05-08,6,56.0,0,False,5,8,0.0,0.0,0.0,0.21428571428571427,0.0,True,False,False,False,False,False,False,False,False,True,False,False
2023-05-09,6,54.25,1,False,5,9,6.0,0.0,0.8571428571428571,0.6428571428571429,2.2677868380553634,True,False,False,False,False,False,False,False,False,True,False,False
2023-05-10,4,38.65,2,False,5,10,6.0,0.0,1.7142857142857142,1.0714285714285714,2.9277002188455996,True,False,False,False,False,False,False,False,False,True,False,False
2023-05-11,4,40.349999999999994,3,False,5,11,4.0,0.0,2.2857142857142856,1.3571428571428572,2.9277002188455996,True,False,False,False,False,False,False,False,False,True,False,False
2023-05-12,6,54.3,4,False,5,12,4.0,0.0,2.857142857142857,1.6428571428571428,2.7945525240230875,True,False,False,False,False,False,False,False,False,True,False,False
2023-05-13,0,0.0,5,True,5,13,6.0,0.0,3.7142857142857144,2.0714285714285716,2.690370836538197,True,False,False,False,False,False,False,False,False,True,False,False
2023-05-14,4,37.8,6,True,5,14,0.0,0.0,3.7142857142857144,2.0714285714285716,2.690370836538197,True,False,False,False,False,False,False,False,False,True,False,False
2023-05-15,4,35.8,0,False,5,15,4.0,6.0,4.285714285714286,2.142857142857143,2.138089935299395,True,False,False,False,False,False,False,False,False,True,False,False
2023-05-16,7,63.75,1,False,5,16,4.0,6.0,4.0,2.4285714285714284,2.0,True,False,False,False,False,False,False,False,False,True,False,False
2023-05-17,5,48.15,2,False,5,17,7.0,4.0,4.142857142857143,2.9285714285714284,2.193062655175134,True,False,False,False,False,False,False,False,False,True,False,False
2023-05-18,6,54.55,3,False,5,18,5.0,4.0,4.285714285714286,3.2857142857142856,2.2146697055682827,True,False,False,False,False,False,False,False,False,True,False,False
2023-05-19,4,38.099999999999994,4,False,5,19,6.0,6.0,4.571428571428571,3.7142857142857144,2.29906813420444,True,False,False,False,False,False,False,False,False,True,False,False
2023-05-20,13,118.89999999999999,5,True,5,20,4.0,0.0,4.285714285714286,4.0,2.2146697055682827,True,False,False,False,False,False,False,False,False,True,False,False
2023-05-21,2,19.9,6,True,5,21,13.0,4.0,6.142857142857143,4.928571428571429,3.2366943748507473,True,False,False,False,False,False,False,False,False,True,False,False
2023-05-22,0,0.0,0,False,5,22,2.0,4.0,5.857142857142857,5.071428571428571,3.5321651258386084,True,False,False,False,False,False,False,False,False,True,False,False
2023-05-23,0,0.0,1,False,5,23,0.0,7.0,5.285714285714286,4.642857142857143,4.15187851918806,True,False,False,False,False,False,False,False,False,True,False,False
2023-05-24,0,0.0,2,False,5,24,0.0,5.0,4.285714285714286,4.214285714285714,4.4986770542121866,True,False,False,False,False,False,False,False,False,True,False,False
2023-05-25,0,0.0,3,False,5,25,0.0,6.0,3.5714285714285716,3.9285714285714284,4.7559486560567095,True,False,False,False,False,False,False,False,False,True,False,False
2023-05-26,0,0.0,4,False,5,26,0.0,4.0,2.7142857142857144,3.642857142857143,4.785891965429423,True,False,False,False,False,False,False,False,False,True,False,False
2023-05-27,0,0.0,5,True,5,27,0.0,13.0,2.142857142857143,3.2142857142857144,4.8452234702013985,True,False,False,False,False,False,False,False,False,True,False,False
2023-05-28,0,0.0,6,True,5,28,0.0,2.0,0.2857142857142857,3.2142857142857144,0.7559289460184618,True,False,False,False,False,False,False,False,False,True,False,False
2023-05-29,0,0.0,0,False,5,29,0.0,0.0,0.0,2.9285714285714284,0.0,True,False,False,False,False,False,False,False,False,True,False,False
2023-05-30,1,9.5,1,False,5,30,0.0,0.0,0.0,2.642857142857143,0.0,True,False,False,False,False,False,False,False,False,True,False,False
2023-05-31,2,19.9,2,False,5,31,1.0,0.0,0.14285714285714285,2.2142857142857144,0.37796447300922725,True,False,False,False,False,False,False,False,False,True,False,False
2023-06-01,0,0.0,3,False,6,1,2.0,0.0,0.42857142857142855,2.0,0.7867957924694432,True,False,False,False,False,False,False,False,False,True,False,False
2023-06-02,0,0.0,4,False,6,2,0.0,0.0,0.42857142857142855,1.5714285714285714,0.7867957924694432,True,False,False,False,False,False,False,False,False,True,False,False
2023-06-03,0,0.0,5,True,6,3,0.0,0.0,0.42857142857142855,1.2857142857142858,0.7867957924694432,True,False,False,False,False,False,False,False,False,True,False,False
2023-06-04,0,0.0,6,True,6,4,0.0,0.0,0.42857142857142855,0.35714285714285715,0.7867957924694432,True,False,False,False,False,False,False,False,False,True,False,False
2023-06-05,0,0.0,0,False,6,5,0.0,0.0,0.42857142857142855,0.21428571428571427,0.7867957924694432,True,False,False,False,False,False,False,False,False,True,False,False
2023-06-06,0,0.0,1,False,6,6,0.0,1.0,0.42857142857142855,0.21428571428571427,0.7867957924694432,True,False,False,False,False,False,False,False,False,True,False,False
2023-06-07,0,0.0,2,False,6,7,0.0,2.0,0.2857142857142857,0.21428571428571427,0.7559289460184545,True,False,False,False,False,False,False,False,False,True,False,False
2023-06-08,10,92.35,3,False,6,8,0.0,0.0,0.0,0.21428571428571427,0.0,True,False,False,False,False,False,False,False,False,True,False,False
2023-06-09,7,65.19999999999999,4,False,6,9,10.0,0.0,1.4285714285714286,0.9285714285714286,3.779644730092272,True,False,False,False,False,False,False,False,False,True,False,False
2023-06-10,4,38.349999999999994,5,True,6,10,7.0,0.0,2.4285714285714284,1.4285714285714286,4.2370250120079485,True,False,False,False,False,False,False,False,False,True,False,False
2023-06-11,5,49.599999999999994,6,True,6,11,4.0,0.0,3.0,1.7142857142857142,4.123105625617661,True,False,False,False,False,False,False,False,False,True,False,False
2023-06-12,7,63.5,0,False,6,12,5.0,0.0,3.7142857142857144,2.0714285714285716,3.946064947695181,True,False,False,False,False,False,False,False,False,True,False,False
2023-06-13,0,0.0,1,False,6,13,7.0,0.0,4.714285714285714,2.5714285714285716,3.7289089429432174,True,False,False,False,False,False,False,False,False,True,False,False
2023-06-14,4,37.8,2,False,6,14,0.0,0.0,4.714285714285714,2.5,3.7289089429432174,True,False,False,False,False,False,False,False,False,True,False,False
2023-06-15,3,26.849999999999998,3,False,6,15,4.0,10.0,5.285714285714286,2.642857142857143,3.1471831698777724,True,False,False,False,False,False,False,False,False,True,False,False
2023-06-16,7,63.75,4,False,6,16,3.0,7.0,4.285714285714286,2.857142857142857,2.429971585175823,True,False,False,False,False,False,False,False,False,True,False,False
2023-06-17,4,37.2,5,True,6,17,7.0,4.0,4.285714285714286,3.357142857142857,2.429971585175823,True,False,False,False,False,False,False,False,False,True,False,False
2023-06-18,7,63.199999999999996,6,True,6,18,4.0,5.0,4.285714285714286,3.642857142857143,2.429971585175823,True,False,False,False,False,False,False,False,False,True,False,False
2023-06-19,6,56.0,0,False,6,19,7.0,7.0,4.571428571428571,4.142857142857143,2.6367367999823097,True,False,False,False,False,False,False,False,False,True,False,False
2023-06-20,9,81.94999999999999,1,False,6,20,6.0,0.0,4.428571428571429,4.571428571428571,2.5071326821120348,True,False,False,False,False,False,False,False,False,True,False,False
2023-06-21,2,17.9,2,False,6,21,9.0,4.0,5.714285714285714,5.214285714285714,2.138089935299395,True,False,False,False,False,False,False,False,False,True,False,False
2023-06-22,0,0.0,3,False,6,22,2.0,3.0,5.428571428571429,5.357142857142857,2.5071326821120348,True,False,False,False,False,False,False,False,False,True,False,False
2023-06-23,0,0.0,4,False,6,23,0.0,7.0,5.0,4.642857142857143,3.162277660168379,True,False,False,False,False,False,False,False,False,True,False,False
2023-06-24,0,0.0,5,True,6,24,0.0,4.0,4.0,4.142857142857143,3.5118845842842457,True,False,False,False,False,False,False,False,False,True,False,False
2023-06-25,0,0.0,6,True,6,25,0.0,7.0,3.4285714285714284,3.857142857142857,3.823486317361109,True,False,False,False,False,False,False,False,False,True,False,False
2023-06-26,0,0.0,0,False,6,26,0.0,6.0,2.4285714285714284,3.5,3.6449573777637343,True,False,False,False,False,False,False,False,False,True,False,False
2023-06-27,0,0.0,1,False,6,27,0.0,9.0,1.5714285714285714,3.0,3.3594217189442404,True,False,False,False,False,False,False,False,False,True,False,False
2023-06-28,0,0.0,2,False,6,28,0.0,2.0,0.2857142857142857,3.0,0.7559289460184461,True,False,False,False,False,False,False,False,False,True,False,False
2023-06-29,0,0.0,3,False,6,29,0.0,0.0,0.0,2.7142857142857144,0.0,True,False,False,False,False,False,False,False,False,True,False,False
2023-06-30,4,38.099999999999994,4,False,6,30,0.0,0.0,0.0,2.5,0.0,True,False,False,False,False,False,False,False,False,True,False,False
2023-01-15,2,20.93,6,True,1,15,1.0,0.0,0.8571428571428571,0.42857142857142855,1.4638501094227998,True,False,False,False,False,False,False,False,False,False,True,False
2023-01-16,2,20.93,0,False,1,16,2.0,4.0,1.1428571428571428,0.5714285714285714,1.4638501094227998,True,False,False,False,False,False,False,False,False,False,True,False
2023-01-17,0,0.0,1,False,1,17,2.0,0.0,0.8571428571428571,0.7142857142857143,0.8997354108424375,True,False,False,False,False,False,False,False,False,False,True,False
2023-01-18,1,13.33,2,False,1,18,0.0,0.0,0.8571428571428571,0.7142857142857143,0.8997354108424375,True,False,False,False,False,False,False,False,False,False,True,False
2023-01-19,2,20.93,3,False,1,19,1.0,1.0,1.0,0.7857142857142857,0.8164965809277261,True,False,False,False,False,False,False,False,False,False,True,False
2023-01-20,2,20.93,4,False,1,20,2.0,0.0,1.1428571428571428,0.9285714285714286,0.8997354108424375,True,False,False,False,False,False,False,False,False,False,True,False
2023-01-21,0,0.0,5,True,1,21,2.0,1.0,1.4285714285714286,1.0714285714285714,0.7867957924694434,True,False,False,False,False,False,False,False,False,False,True,False
2023-01-22,0,0.0,6,True,1,22,0.0,2.0,1.2857142857142858,1.0714285714285714,0.9511897312113421,True,False,False,False,False,False,False,False,False,False,True,False
2023-01-23,0,0.0,0,False,1,23,0.0,2.0,1.0,1.0714285714285714,1.0,True,False,False,False,False,False,False,False,False,False,True,False
2023-01-24,0,0.0,1,False,1,24,0.0,0.0,0.7142857142857143,0.7857142857142857,0.951189731211342,True,False,False,False,False,False,False,False,False,False,True,False
2023-01-25,0,0.0,2,False,1,25,0.0,1.0,0.7142857142857143,0.7857142857142857,0.951189731211342,True,False,False,False,False,False,False,False,False,False,True,False
2023-01-26,0,0.0,3,False,1,26,0.0,2.0,0.5714285714285714,0.7857142857142857,0.9759000729485333,True,False,False,False,False,False,False,False,False,False,True,False
2023-01-27,0,0.0,4,False,1,27,0.0,2.0,0.2857142857142857,0.7142857142857143,0.7559289460184545,True,False,False,False,False,False,False,False,False,False,True,False
2023-01-28,0,0.0,5,True,1,28,0.0,0.0,0.0,0.7142857142857143,0.0,True,False,False,False,False,False,False,False,False,False,True,False
2023-01-29,0,0.0,6,True,1,29,0.0,0.0,0.0,0.6428571428571429,0.0,True,False,False,False,False,False,False,False,False,False,True,False
2023-01-30,0,0.0,0,False,1,30,0.0,0.0,0.0,0.5,0.0,True,False,False,False,False,False,False,False,False,False,True,False
2023-01-31,0,0.0,1,False,1,31,0.0,0.0,0.0,0.35714285714285715,0.0,True,False,False,False,False,False,False,False,False,False,True,False
2023-02-01,0,0.0,2,False,2,1,0.0,0.0,0.0,0.35714285714285715,0.0,True,False,False,False,False,False,False,False,False,False,True,False
2023-02-02,0,0.0,3,False,2,2,0.0,0.0,0.0,0.2857142857142857,0.0,True,False,False,False,False,False,False,False,False,False,True,False
2023-02-03,0,0.0,4,False,2,3,0.0,0.0,0.0,0.14285714285714285,0.0,True,False,False,False,False,False,False,False,False,False,True,False
2023-02-04,0,0.0,5,True,2,4,0.0,0.0,0.0,0.0,0.0,True,False,False,False,False,False,False,False,False,False,True,False
2023-02-05,0,0.0,6,True,2,5,0.0,0.0,0.0,0.0,0.0,True,False,False,False,False,False,False,False,False,False,True,False
2023-02-06,0,0.0,0,False,2,6,0.0,0.0,0.0,0.0,0.0,True,False,False,False,False,False,False,False,False,False,True,False
2023-02-07,0,0.0,1,False,2,7,0.0,0.0,0.0,0.0,0.0,True,False,False,False,False,False,False,False,False,False,True,False
2023-02-08,1,6.4,2,False,2,8,0.0,0.0,0.0,0.0,0.0,True,False,False,False,False,False,False,False,False,False,True,False
2023-02-09,1,7.6,3,False,2,9,1.0,0.0,0.14285714285714285,0.07142857142857142,0.37796447300922725,True,False,False,False,False,False,False,False,False,False,True,False
2023-02-10,1,6.4,4,False,2,10,1.0,0.0,0.2857142857142857,0.14285714285714285,0.4879500364742666,True,False,False,False,False,False,False,False,False,False,True,False
2023-02-11,0,0.0,5,True,2,11,1.0,0.0,0.42857142857142855,0.21428571428571427,0.5345224838248488,True,False,False,False,False,False,False,False,False,False,True,False
2023-02-12,2,15.2,6,True,2,12,0.0,0.0,0.42857142857142855,0.21428571428571427,0.5345224838248488,True,False,False,False,False,False,False,False,False,False,True,False
2023-02-13,0,0.0,0,False,2,13,2.0,0.0,0.7142857142857143,0.35714285714285715,0.7559289460184544,True,False,False,False,False,False,False,False,False,False,True,False
2023-02-14,1,7.6,1,False,2,14,0.0,0.0,0.7142857142857143,0.35714285714285715,0.7559289460184544,True,False,False,False,False,False,False,False,False,False,True,False
2023-02-15,1,7.6,2,False,2,15,1.0,1.0,0.8571428571428571,0.42857142857142855,0.6900655593423541,True,False,False,False,False,False,False,False,False,False,True,False
2023-02-16,0,0.0,3,False,2,16,1.0,1.0,0.8571428571428571,0.5,0.6900655593423541,True,False,False,False,False,False,False,False,False,False,True,False
2023-02-17,0,0.0,4,False,2,17,0.0,1.0,0.7142857142857143,0.5,0.7559289460184544,True,False,False,False,False,False,False,False,False,False,True,False
2023-02-18,1,13.33,5,True,2,18,0.0,0.0,0.5714285714285714,0.5,0.7867957924694431,True,False,False,False,False,False,False,False,False,False,True,False
2023-02-19,0,0.0,6,True,2,19,1.0,2.0,0.7142857142857143,0.5714285714285714,0.7559289460184544,True,False,False,False,False,False,False,False,False,False,True,False
2023-02-20,1,13.33,0,False,2,20,0.0,0.0,0.42857142857142855,0.5714285714285714,0.5345224838248488,True,False,False,False,False,False,False,False,False,False,True,False
2023-02-21,2,20.93,1,False,2,21,1.0,1.0,0.5714285714285714,0.6428571428571429,0.5345224838248488,True,False,False,False,False,False,False,False,False,False,True,False
2023-02-22,0,0.0,2,False,2,22,2.0,1.0,0.7142857142857143,0.7857142857142857,0.7559289460184545,True,False,False,False,False,False,False,False,False,False,True,False
2023-02-23,0,0.0,3,False,2,23,0.0,0.0,0.5714285714285714,0.7142857142857143,0.7867957924694432,True,False,False,False,False,False,False,False,False,False,True,False
2023-02-24,0,0.0,4,False,2,24,0.0,0.0,0.5714285714285714,0.6428571428571429,0.7867957924694432,True,False,False,False,False,False,False,False,False,False,True,False
2023-02-25,0,0.0,5,True,2,25,0.0,1.0,0.5714285714285714,0.5714285714285714,0.7867957924694432,True,False,False,False,False,False,False,False,False,False,True,False
2023-02-26,0,0.0,6,True,2,26,0.0,0.0,0.42857142857142855,0.5714285714285714,0.7867957924694431,True,False,False,False,False,False,False,False,False,False,True,False
2023-02-27,0,0.0,0,False,2,27,0.0,1.0,0.42857142857142855,0.42857142857142855,0.7867957924694431,True,False,False,False,False,False,False,False,False,False,True,False
2023-02-28,0,0.0,1,False,2,28,0.0,2.0,0.2857142857142857,0.42857142857142855,0.7559289460184544,True,False,False,False,False,False,False,False,False,False,True,False
2023-03-01,0,0.0,2,False,3,1,0.0,0.0,0.0,0.35714285714285715,0.0,True,False,False,False,False,False,False,False,False,False,True,False
2023-03-02,0,0.0,3,False,3,2,0.0,0.0,0.0,0.2857142857142857,0.0,True,False,False,False,False,False,False,False,False,False,True,False
2023-03-03,0,0.0,4,False,3,3,0.0,0.0,0.0,0.2857142857142857,0.0,True,False,False,False,False,False,False,False,False,False,True,False
2023-03-04,0,0.0,5,True,3,4,0.0,0.0,0.0,0.2857142857142857,0.0,True,False,False,False,False,False,False,False,False,False,True,False
2023-03-05,0,0.0,6,True,3,5,0.0,0.0,0.0,0.21428571428571427,0.0,True,False,False,False,False,False,False,False,False,False,True,False
2023-03-06,0,0.0,0,False,3,6,0.0,0.0,0.0,0.21428571428571427,0.0,True,False,False,False,False,False,False,False,False,False,True,False
2023-03-07,0,0.0,1,False,3,7,0.0,0.0,0.0,0.14285714285714285,0.0,True,False,False,False,False,False,False,False,False,False,True,False
2023-03-08,1,13.33,2,False,3,8,0.0,0.0,0.0,0.0,0.0,True,False,False,False,False,False,False,False,False,False,True,False
2023-03-09,3,28.53,3,False,3,9,1.0,0.0,0.14285714285714285,0.07142857142857142,0.37796447300922725,True,False,False,False,False,False,False,False,False,False,True,False
2023-03-10,0,0.0,4,False,3,10,3.0,0.0,0.5714285714285714,0.2857142857142857,1.1338934190276817,True,False,False,False,False,False,False,False,False,False,True,False
2023-03-11,1,7.6,5,True,3,11,0.0,0.0,0.5714285714285714,0.2857142857142857,1.1338934190276817,True,False,False,False,False,False,False,False,False,False,True,False
2023-03-12,2,20.93,6,True,3,12,1.0,0.0,0.7142857142857143,0.35714285714285715,1.1126972805283737,True,False,False,False,False,False,False,False,False,False,True,False
2023-03-13,0,0.0,0,False,3,13,2.0,0.0,1.0,0.5,1.1547005383792515,True,False,False,False,False,False,False,False,False,False,True,False
2023-03-14,0,0.0,1,False,3,14,0.0,0.0,1.0,0.5,1.1547005383792515,True,False,False,False,False,False,False,False,False,False,True,False
2023-03-15,0,0.0,2,False,3,15,0.0,1.0,1.0,0.5,1.1547005383792515,True,False,False,False,False,False,False,False,False,False,True,False
2023-03-16,1,13.33,3,False,3,16,0.0,3.0,0.8571428571428571,0.5,1.2149857925879117,True,False,False,False,False,False,False,False,False,False,True,False
2023-03-17,0,0.0,4,False,3,17,1.0,0.0,0.5714285714285714,0.5714285714285714,0.7867957924694432,True,False,False,False,False,False,False,False,False,False,True,False
2023-03-18,1,13.33,5,True,3,18,0.0,1.0,0.5714285714285714,0.5714285714285714,0.7867957924694432,True,False,False,False,False,False,False,False,False,False,True,False
2023-03-19,1,7.6,6,True,3,19,1.0,2.0,0.5714285714285714,0.6428571428571429,0.7867957924694432,True,False,False,False,False,False,False,False,False,False,True,False
2023-03-20,3,27.33,0,False,3,20,1.0,0.0,0.42857142857142855,0.7142857142857143,0.5345224838248489,True,False,False,False,False,False,False,False,False,False,True,False
2023-03-21,0,0.0,1,False,3,21,3.0,0.0,0.8571428571428571,0.9285714285714286,1.0690449676496976,True,False,False,False,False,False,False,False,False,False,True,False
2023-03-22,0,0.0,2,False,3,22,0.0,0.0,0.8571428571428571,0.9285714285714286,1.0690449676496976,True,False,False,False,False,False,False,False,False,False,True,False
2023-03-23,0,0.0,3,False,3,23,0.0,1.0,0.8571428571428571,0.8571428571428571,1.0690449676496976,True,False,False,False,False,False,False,False,False,False,True,False
2023-03-24,0,0.0,4,False,3,24,0.0,0.0,0.7142857142857143,0.6428571428571429,1.1126972805283737,True,False,False,False,False,False,False,False,False,False,True,False
2023-03-25,0,0.0,5,True,3,25,0.0,1.0,0.7142857142857143,0.6428571428571429,1.1126972805283737,True,False,False,False,False,False,False,False,False,False,True,False
2023-03-26,0,0.0,6,True,3,26,0.0,1.0,0.5714285714285714,0.5714285714285714,1.1338934190276817,True,False,False,False,False,False,False,False,False,False,True,False
2023-03-27,0,0.0,0,False,3,27,0.0,3.0,0.42857142857142855,0.42857142857142855,1.1338934190276817,True,False,False,False,False,False,False,False,False,False,True,False
2023-03-28,0,0.0,1,False,3,28,0.0,0.0,0.0,0.42857142857142855,0.0,True,False,False,False,False,False,False,False,False,False,True,False
2023-03-29,0,0.0,2,False,3,29,0.0,0.0,0.0,0.42857142857142855,0.0,True,False,False,False,False,False,False,False,False,False,True,False
2023-03-30,0,0.0,3,False,3,30,0.0,0.0,0.0,0.42857142857142855,0.0,True,False,False,False,False,False,False,False,False,False,True,False
2023-03-31,0,0.0,4,False,3,31,0.0,0.0,0.0,0.35714285714285715,0.0,True,False,False,False,False,False,False,False,False,False,True,False
2023-04-01,0,0.0,5,True,4,1,0.0,0.0,0.0,0.35714285714285715,0.0,True,False,False,False,False,False,False,False,False,False,True,False
2023-04-02,0,0.0,6,True,4,2,0.0,0.0,0.0,0.2857142857142857,0.0,True,False,False,False,False,False,False,False,False,False,True,False
2023-04-03,0,0.0,0,False,4,3,0.0,0.0,0.0,0.21428571428571427,0.0,True,False,False,False,False,False,False,False,False,False,True,False
2023-04-04,0,0.0,1,False,4,4,0.0,0.0,0.0,0.0,0.0,True,False,False,False,False,False,False,False,False,False,True,False
2023-04-05,0,0.0,2,False,4,5,0.0,0.0,0.0,0.0,0.0,True,False,False,False,False,False,False,False,False,False,True,False
2023-04-06,0,0.0,3,False,4,6,0.0,0.0,0.0,0.0,0.0,True,False,False,False,False,False,False,False,False,False,True,False
2023-04-07,0,0.0,4,False,4,7,0.0,0.0,0.0,0.0,0.0,True,False,False,False,False,False,False,False,False,False,True,False
2023-04-08,2,19.73,5,True,4,8,0.0,0.0,0.0,0.0,0.0,True,False,False,False,False,False,False,False,False,False,True,False
2023-04-09,2,20.93,6,True,4,9,2.0,0.0,0.2857142857142857,0.14285714285714285,0.7559289460184545,True,False,False,False,False,False,False,False,False,False,True,False
2023-04-10,2,14.0,0,False,4,10,2.0,0.0,0.5714285714285714,0.2857142857142857,0.9759000729485332,True,False,False,False,False,False,False,False,False,False,True,False
2023-04-11,1,7.6,1,False,4,11,2.0,0.0,0.8571428571428571,0.42857142857142855,1.0690449676496976,True,False,False,False,False,False,False,False,False,False,True,False
2023-04-12,1,13.33,2,False,4,12,1.0,0.0,1.0,0.5,1.0,True,False,False,False,False,False,False,False,False,False,True,False
2023-04-13,0,0.0,3,False,4,13,1.0,0.0,1.1428571428571428,0.5714285714285714,0.8997354108424375,True,False,False,False,False,False,False,False,False,False,True,False
2023-04-14,1,13.33,4,False,4,14,0.0,0.0,1.1428571428571428,0.5714285714285714,0.8997354108424375,True,False,False,False,False,False,False,False,False,False,True,False
2023-04-15,3,34.26,5,True,4,15,1.0,2.0,1.2857142857142858,0.6428571428571429,0.7559289460184545,True,False,False,False,False,False,False,False,False,False,True,False
2023-04-16,2,20.93,6,True,4,16,3.0,2.0,1.4285714285714286,0.8571428571428571,0.9759000729485333,True,False,False,False,False,False,False,False,False,False,True,False
2023-04-17,0,0.0,0,False,4,17,2.0,2.0,1.4285714285714286,1.0,0.9759000729485333,True,False,False,False,False,False,False,False,False,False,True,False
2023-04-18,4,47.59,1,False,4,18,0.0,1.0,1.1428571428571428,1.0,1.0690449676496978,True,False,False,False,False,False,False,False,False,False,True,False
2023-04-19,2,20.93,2,False,4,19,4.0,1.0,1.5714285714285714,1.2857142857142858,1.511857892036909,True,False,False,False,False,False,False,False,False,False,True,False
2023-04-20,1,6.4,3,False,4,20,2.0,0.0,1.7142857142857142,1.4285714285714286,1.4960264830861913,True,False,False,False,False,False,False,False,False,False,True,False
2023-04-21,3,28.53,4,False,4,21,1.0,1.0,1.8571428571428572,1.5,1.3451854182690985,True,False,False,False,False,False,False,False,False,False,True,False
2023-04-22,0,0.0,5,True,4,22,3.0,3.0,2.142857142857143,1.7142857142857142,1.3451854182690983,True,False,False,False,False,False,False,False,False,False,True,False
2023-04-23,0,0.0,6,True,4,23,0.0,2.0,1.7142857142857142,1.5714285714285714,1.4960264830861913,True,False,False,False,False,False,False,False,False,False,True,False
2023-04-24,0,0.0,0,False,4,24,0.0,0.0,1.4285714285714286,1.4285714285714286,1.618347187425374,True,False,False,False,False,False,False,False,False,False,True,False
2023-04-25,0,0.0,1,False,4,25,0.0,4.0,1.4285714285714286,1.2857142857142858,1.618347187425374,True,False,False,False,False,False,False,False,False,False,True,False
2023-04-26,0,0.0,2,False,4,26,0.0,2.0,0.8571428571428571,1.2142857142857142,1.214985792587912,True,False,False,False,False,False,False,False,False,False,True,False
2023-04-27,0,0.0,3,False,4,27,0.0,1.0,0.5714285714285714,1.1428571428571428,1.133893419027682,True,False,False,False,False,False,False,False,False,False,True,False
2023-04-28,0,0.0,4,False,4,28,0.0,3.0,0.42857142857142855,1.1428571428571428,1.133893419027682,True,False,False,False,False,False,False,False,False,False,True,False
2023-04-29,0,0.0,5,True,4,29,0.0,0.0,0.0,1.0714285714285714,0.0,True,False,False,False,False,False,False,False,False,False,True,False
2023-04-30,0,0.0,6,True,4,30,0.0,0.0,0.0,0.8571428571428571,0.0,True,False,False,False,False,False,False,False,False,False,True,False
2023-05-01,0,0.0,0,False,5,1,0.0,0.0,0.0,0.7142857142857143,0.0,True,False,False,False,False,False,False,False,False,False,True,False
2023-05-02,0,0.0,1,False,5,2,0.0,0.0,0.0,0.7142857142857143,0.0,True,False,False,False,False,False,False,False,False,False,True,False
2023-05-03,0,0.0,2,False,5,3,0.0,0.0,0.0,0.42857142857142855,0.0,True,False,False,False,False,False,False,False,False,False,True,False
2023-05-04,0,0.0,3,False,5,4,0.0,0.0,0.0,0.2857142857142857,0.0,True,False,False,False,False,False,False,False,False,False,True,False
2023-05-05,0,0.0,4,False,5,5,0.0,0.0,0.0,0.21428571428571427,0.0,True,False,False,False,False,False,False,False,False,False,True,False
2023-05-06,0,0.0,5,True,5,6,0.0,0.0,0.0,0.0,0.0,True,False,False,False,False,False,False,False,False,False,True,False
2023-05-07,0,0.0,6,True,5,7,0.0,0.0,0.0,0.0,0.0,True,False,False,False,False,False,False,False,False,False,True,False
2023-05-08,3,26.130000000000003,0,False,5,8,0.0,0.0,0.0,0.0,0.0,True,False,False,False,False,False,False,False,False,False,True,False
2023-05-09,2,26.66,1,False,5,9,3.0,0.0,0.42857142857142855,0.21428571428571427,1.1338934190276817,True,False,False,False,False,False,False,False,False,False,True,False
2023-05-10,2,14.0,2,False,5,10,2.0,0.0,0.7142857142857143,0.35714285714285715,1.2535663410560174,True,False,False,False,False,False,False,False,False,False,True,False
2023-05-11,1,7.6,3,False,5,11,2.0,0.0,1.0,0.5,1.2909944487358056,True,False,False,False,False,False,False,False,False,False,True,False
2023-05-12,1,13.33,4,False,5,12,1.0,0.0,1.1428571428571428,0.5714285714285714,1.2149857925879117,True,False,False,False,False,False,False,False,False,False,True,False
2023-05-13,0,0.0,5,True,5,13,1.0,0.0,1.2857142857142858,0.6428571428571429,1.1126972805283737,True,False,False,False,False,False,False,False,False,False,True,False
2023-05-14,2,15.2,6,True,5,14,0.0,0.0,1.2857142857142858,0.6428571428571429,1.1126972805283737,True,False,False,False,False,False,False,False,False,False,True,False
2023-05-15,2,20.93,0,False,5,15,2.0,3.0,1.5714285714285714,0.7857142857142857,0.9759000729485332,True,False,False,False,False,False,False,False,False,False,True,False
2023-05-16,0,0.0,1,False,5,16,2.0,2.0,1.4285714285714286,0.9285714285714286,0.7867957924694432,True,False,False,False,False,False,False,False,False,False,True,False
2023-05-17,1,7.6,2,False,5,17,0.0,2.0,1.1428571428571428,0.9285714285714286,0.8997354108424375,True,False,False,False,False,False,False,False,False,False,True,False
2023-05-18,4,47.59,3,False,5,18,1.0,1.0,1.0,1.0,0.8164965809277261,True,False,False,False,False,False,False,False,False,False,True,False
2023-05-19,1,7.6,4,False,5,19,4.0,1.0,1.4285714285714286,1.2857142857142858,1.3972762620115438,True,False,False,False,False,False,False,False,False,False,True,False
2023-05-20,3,27.33,5,True,5,20,1.0,0.0,1.4285714285714286,1.3571428571428572,1.3972762620115438,True,False,False,False,False,False,False,False,False,False,True,False
2023-05-21,3,28.53,6,True,5,21,3.0,2.0,1.8571428571428572,1.5714285714285714,1.3451854182690985,True,False,False,False,False,False,False,False,False,False,True,False
2023-05-22,0,0.0,0,False,5,22,3.0,2.0,2.0,1.7857142857142858,1.4142135623730951,True,False,False,False,False,False,False,False,False,False,True,False
2023-05-23,0,0.0,1,False,5,23,0.0,0.0,1.7142857142857142,1.5714285714285714,1.6035674514745464,True,False,False,False,False,False,False,False,False,False,True,False
2023-05-24,0,0.0,2,False,5,24,0.0,1.0,1.7142857142857142,1.4285714285714286,1.6035674514745464,True,False,False,False,False,False,False,False,False,False,True,False
2023-05-25,0,0.0,3,False,5,25,0.0,4.0,1.5714285714285714,1.2857142857142858,1.7182493859684493,True,False,False,False,False,False,False,False,False,False,True,False
2023-05-26,0,0.0,4,False,5,26,0.0,1.0,1.0,1.2142857142857142,1.4142135623730956,True,False,False,False,False,False,False,False,False,False,True,False
2023-05-27,0,0.0,5,True,5,27,0.0,3.0,0.8571428571428571,1.1428571428571428,1.4638501094228002,True,False,False,False,False,False,False,False,False,False,True,False
2023-05-28,0,0.0,6,True,5,28,0.0,3.0,0.42857142857142855,1.1428571428571428,1.1338934190276824,True,False,False,False,False,False,False,False,False,False,True,False
2023-05-29,0,0.0,0,False,5,29,0.0,0.0,0.0,1.0,0.0,True,False,False,False,False,False,False,False,False,False,True,False
2023-05-30,1,7.6,1,False,5,30,0.0,0.0,0.0,0.8571428571428571,0.0,True,False,False,False,False,False,False,False,False,False,True,False
2023-05-31,2,26.66,2,False,5,31,1.0,0.0,0.14285714285714285,0.9285714285714286,0.37796447300922725,True,False,False,False,False,False,False,False,False,False,True,False
2023-06-01,0,0.0,3,False,6,1,2.0,0.0,0.42857142857142855,1.0,0.7867957924694432,True,False,False,False,False,False,False,False,False,False,True,False
2023-06-02,0,0.0,4,False,6,2,0.0,0.0,0.42857142857142855,0.7142857142857143,0.7867957924694432,True,False,False,False,False,False,False,False,False,False,True,False
2023-06-03,0,0.0,5,True,6,3,0.0,0.0,0.42857142857142855,0.6428571428571429,0.7867957924694432,True,False,False,False,False,False,False,False,False,False,True,False
2023-06-04,0,0.0,6,True,6,4,0.0,0.0,0.42857142857142855,0.42857142857142855,0.7867957924694432,True,False,False,False,False,False,False,False,False,False,True,False
2023-06-05,0,0.0,0,False,6,5,0.0,0.0,0.42857142857142855,0.21428571428571427,0.7867957924694432,True,False,False,False,False,False,False,False,False,False,True,False
2023-06-06,0,0.0,1,False,6,6,0.0,1.0,0.42857142857142855,0.21428571428571427,0.7867957924694432,True,False,False,False,False,False,False,False,False,False,True,False
2023-06-07,0,0.0,2,False,6,7,0.0,2.0,0.2857142857142857,0.21428571428571427,0.7559289460184545,True,False,False,False,False,False,False,False,False,False,True,False
2023-06-08,2,19.73,3,False,6,8,0.0,0.0,0.0,0.21428571428571427,0.0,True,False,False,False,False,False,False,False,False,False,True,False
2023-06-09,2,20.93,4,False,6,9,2.0,0.0,0.2857142857142857,0.35714285714285715,0.7559289460184545,True,False,False,False,False,False,False,False,False,False,True,False
2023-06-10,1,6.4,5,True,6,10,2.0,0.0,0.5714285714285714,0.5,0.9759000729485332,True,False,False,False,False,False,False,False,False,False,True,False
2023-06-11,1,7.6,6,True,6,11,1.0,0.0,0.7142857142857143,0.5714285714285714,0.9511897312113419,True,False,False,False,False,False,False,False,False,False,True,False
2023-06-12,1,7.6,0,False,6,12,1.0,0.0,0.8571428571428571,0.6428571428571429,0.8997354108424375,True,False,False,False,False,False,False,False,False,False,True,False
2023-06-13,0,0.0,1,False,6,13,1.0,0.0,1.0,0.7142857142857143,0.816496580927726,True,False,False,False,False,False,False,False,False,False,True,False
2023-06-14,0,0.0,2,False,6,14,0.0,0.0,1.0,0.6428571428571429,0.816496580927726,True,False,False,False,False,False,False,False,False,False,True,False
2023-06-15,3,34.26,3,False,6,15,0.0,2.0,1.0,0.5,0.816496580927726,True,False,False,False,False,False,False,False,False,False,True,False
2023-06-16,1,7.6,4,False,6,16,3.0,2.0,1.1428571428571428,0.7142857142857143,1.0690449676496976,True,False,False,False,False,False,False,False,False,False,True,False
2023-06-17,1,7.6,5,True,6,17,1.0,1.0,1.0,0.7857142857142857,1.0,True,False,False,False,False,False,False,False,False,False,True,False
2023-06-18,1,13.33,6,True,6,18,1.0,1.0,1.0,0.8571428571428571,1.0,True,False,False,False,False,False,False,False,False,False,True,False
2023-06-19,2,20.93,0,False,6,19,1.0,1.0,1.0,0.9285714285714286,1.0,True,False,False,False,False,False,False,False,False,False,True,False
2023-06-20,3,27.33,1,False,6,20,2.0,0.0,1.1428571428571428,1.0714285714285714,1.0690449676496976,True,False,False,False,False,False,False,False,False,False,True,False
2023-06-21,1,7.6,2,False,6,21,3.0,0.0,1.5714285714285714,1.2857142857142858,1.1338934190276817,True,False,False,False,False,False,False,False,False,False,True,False
2023-06-22,0,0.0,3,False,6,22,1.0,3.0,1.7142857142857142,1.3571428571428572,0.9511897312113419,True,False,False,False,False,False,False,False,False,False,True,False
2023-06-23,0,0.0,4,False,6,23,0.0,1.0,1.2857142857142858,1.2142857142857142,0.9511897312113419,True,False,False,False,False,False,False,False,False,False,True,False
2023-06-24,0,0.0,5,True,6,24,0.0,1.0,1.1428571428571428,1.0714285714285714,1.0690449676496976,True,False,False,False,False,False,False,False,False,False,True,False
2023-06-25,0,0.0,6,True,6,25,0.0,1.0,1.0,1.0,1.1547005383792517,True,False,False,False,False,False,False,False,False,False,True,False
2023-06-26,0,0.0,0,False,6,26,0.0,2.0,0.8571428571428571,0.9285714285714286,1.214985792587912,True,False,False,False,False,False,False,False,False,False,True,False
2023-06-27,0,0.0,1,False,6,27,0.0,3.0,0.5714285714285714,0.8571428571428571,1.133893419027682,True,False,False,False,False,False,False,False,False,False,True,False
2023-06-28,0,0.0,2,False,6,28,0.0,1.0,0.14285714285714285,0.8571428571428571,0.37796447300922814,True,False,False,False,False,False,False,False,False,False,True,False
2023-06-29,0,0.0,3,False,6,29,0.0,0.0,0.0,0.8571428571428571,0.0,True,False,False,False,False,False,False,False,False,False,True,False
2023-06-30,0,0.0,4,False,6,30,0.0,0.0,0.0,0.6428571428571429,0.0,True,False,False,False,False,False,False,False,False,False,True,False
2023-01-15,127,339.65,6,True,1,15,56.0,74.0,74.71428571428571,85.92857142857143,15.94484541280019,True,False,False,False,False,False,False,False,False,False,False,True
2023-01-16,92,257.8,0,False,1,16,127.0,75.0,82.28571428571429,87.92857142857143,25.355566684749167,True,False,False,False,False,False,False,False,False,False,False,True
2023-01-17,101,277.95,1,False,1,17,92.0,101.0,84.71428571428571,87.14285714285714,25.355566684749167,True,False,False,False,False,False,False,False,False,False,False,True
2023-01-18,98,277.65,2,False,1,18,101.0,69.0,84.71428571428571,87.42857142857143,25.355566684749167,True,False,False,False,False,False,False,False,False,False,False,True
2023-01-19,89,244.65,3,False,1,19,98.0,59.0,88.85714285714286,87.28571428571429,24.721303710420635,True,False,False,False,False,False,False,False,False,False,False,True
2023-01-20,61,175.35,4,False,1,20,89.0,89.0,93.14285714285714,86.42857142857143,21.003401085130406,True,False,False,False,False,False,False,False,False,False,False,True
2023-01-21,86,238.25,5,True,1,21,61.0,56.0,89.14285714285714,85.0,24.327135544685973,True,False,False,False,False,False,False,False,False,False,False,True
2023-01-22,92,262.55,6,True,1,22,86.0,127.0,93.42857142857143,84.07142857142857,19.72187569559196,True,False,False,False,False,False,False,False,False,False,False,True
2023-01-23,98,277.65,0,False,1,23,92.0,92.0,88.42857142857143,85.35714285714286,13.125765283811607,True,False,False,False,False,False,False,False,False,False,False,True
2023-01-24,104,290.85,1,False,1,24,98.0,101.0,89.28571428571429,87.0,13.585706774821407,True,False,False,False,False,False,False,False,False,False,False,True
2023-01-25,110,304.65,2,False,1,25,104.0,98.0,89.71428571428571,87.21428571428571,14.056010407346328,True,False,False,False,False,False,False,False,False,False,False,True
2023-01-26,99,276.55,3,False,1,26,110.0,89.0,91.42857142857143,90.14285714285714,15.851994016076148,True,False,False,False,False,False,False,False,False,False,False,True
2023-01-27,105,297.4,4,False,1,27,99.0,61.0,92.85714285714286,93.0,16.046064641406325,True,False,False,False,False,False,False,False,False,False,False,True
2023-01-28,80,218.85,5,True,1,28,105.0,86.0,99.14285714285714,94.14285714285714,8.173709305420868,True,False,False,False,False,False,False,False,False,False,False,True
2023-01-29,98,279.2,6,True,1,29,80.0,92.0,98.28571428571429,95.85714285714286,9.9115132668072,True,False,False,False,False,False,False,False,False,False,False,True
2023-01-30,80,231.0,0,False,1,30,98.0,98.0,99.14285714285714,93.78571428571429,9.529403119268473,True,False,False,False,False,False,False,False,False,False,False,True
2023-01-31,64,184.15,1,False,1,31,80.0,104.0,96.57142857142857,92.92857142857143,11.998015708957078,True,False,False,False,False,False,False,False,False,False,False,True
2023-02-01,106,289.0,2,False,2,1,64.0,110.0,90.85714285714286,90.28571428571429,16.53711554280825,True,False,False,False,False,False,False,False,False,False,False,True
2023-02-02,121,348.05,3,False,2,2,106.0,99.0,90.28571428571429,90.85714285714286,15.818915741544837,True,False,False,False,False,False,False,False,False,False,False,True
2023-02-03,104,302.1,4,False,2,3,121.0,105.0,93.42857142857143,93.14285714285714,19.577684088924155,True,False,False,False,False,False,False,False,False,False,False,True
2023-02-04,89,247.4,5,True,2,4,104.0,80.0,93.28571428571429,96.21428571428571,19.482592963243583,True,False,False,False,False,False,False,False,False,False,False,True
2023-02-05,92,255.65,6,True,2,5,89.0,98.0,94.57142857142857,96.42857142857143,18.742617594288,True,False,False,False,False,False,False,False,False,False,False,True
2023-02-06,80,223.85,0,False,2,6,92.0,80.0,93.71428571428571,96.42857142857143,18.696829372153676,True,False,False,False,False,False,False,False,False,False,False,True
2023-02-07,97,279.0,1,False,2,7,80.0,64.0,93.71428571428571,95.14285714285714,18.696829372153676,True,False,False,False,False,False,False,False,False,False,False,True
2023-02-08,94,271.0,2,False,2,8,97.0,106.0,98.42857142857143,94.64285714285714,13.352367366340477,True,False,False,False,False,False,False,False,False,False,False,True
2023-02-09,75,214.5,3,False,2,9,94.0,121.0,96.71428571428571,93.5,12.98350602000201,True,False,False,False,False,False,False,False,False,False,False,True
2023-02-10,103,283.85,4,False,2,10,75.0,104.0,90.14285714285714,91.78571428571429,9.923517041663716,True,False,False,False,False,False,False,False,False,False,False,True
2023-02-11,66,188.8,5,True,2,11,103.0,89.0,90.0,91.64285714285714,9.695359714832643,True,False,False,False,False,False,False,False,False,False,False,True
2023-02-12,44,118.9,6,True,2,12,66.0,92.0,86.71428571428571,90.64285714285714,13.31307985546902,True,False,False,False,False,False,False,False,False,False,False,True
2023-02-13,71,201.05,0,False,2,13,44.0,80.0,79.85714285714286,86.78571428571429,20.53800194297205,True,False,False,False,False,False,False,False,False,False,False,True
2023-02-14,64,183.2,1,False,2,14,71.0,97.0,78.57142857142857,86.14285714285714,20.807507802530818,True,False,False,False,False,False,False,False,False,False,False,True
2023-02-15,110,312.7,2,False,2,15,64.0,94.0,73.85714285714286,86.14285714285714,19.6420346148133,True,False,False,False,False,False,False,False,False,False,False,True
2023-02-16,105,303.8,3,False,2,16,110.0,75.0,76.14285714285714,86.42857142857143,23.017591616186166,True,False,False,False,False,False,False,False,False,False,False,True
2023-02-17,81,223.45,4,False,2,17,105.0,103.0,80.42857142857143,85.28571428571429,25.43525861776091,True,False,False,False,False,False,False,False,False,False,False,True
2023-02-18,85,242.15,5,True,2,18,81.0,66.0,77.28571428571429,83.64285714285714,23.46425853444827,True,False,False,False,False,False,False,False,False,False,False,True
2023-02-19,118,330.45,6,True,2,19,85.0,44.0,80.0,83.35714285714286,23.036203390894656,True,False,False,False,False,False,False,False,False,False,False,True
2023-02-20,49,141.55,0,False,2,20,118.0,71.0,90.57142857142857,85.21428571428571,20.61437316418766,True,False,False,False,False,False,False,False,False,False,False,True
2023-02-21,69,198.9,1,False,2,21,49.0,64.0,87.42857142857143,83.0,25.251119730004987,True,False,False,False,False,False,False,False,False,False,False,True
2023-02-22,127,361.9,2,False,2,22,69.0,110.0,88.14285714285714,81.0,24.53859933131589,True,False,False,False,False,False,False,False,False,False,False,True
2023-02-23,105,303.2,3,False,2,23,127.0,105.0,90.57142857142857,83.35714285714286,27.699922640428326,True,False,False,False,False,False,False,False,False,False,False,True
2023-02-24,80,229.0,4,False,2,24,105.0,81.0,90.57142857142857,85.5,27.699922640428326,True,False,False,False,False,False,False,False,False,False,False,True
2023-02-25,95,268.4,5,True,2,25,80.0,85.0,90.42857142857143,83.85714285714286,27.76002607381786,True,False,False,False,False,False,False,False,False,False,False,True
2023-02-26,123,344.25,6,True,2,26,95.0,118.0,91.85714285714286,85.92857142857143,27.69132578641773,True,False,False,False,False,False,False,False,False,False,False,True
2023-02-27,128,355.65,0,False,2,27,123.0,49.0,92.57142857142857,91.57142857142857,28.529850699791268,True,False,False,False,False,False,False,False,False,False,False,True
2023-02-28,100,281.4,1,False,2,28,128.0,69.0,103.85714285714286,95.64285714285714,23.62504724107141,True,False,False,False,False,False,False,False,False,False,False,True
2023-03-01,145,417.95,2,False,3,1,100.0,127.0,108.28571428571429,98.21428571428571,18.309508328682494,True,False,False,False,False,False,False,False,False,False,False,True
2023-03-02,137,388.05,3,False,3,2,145.0,105.0,110.85714285714286,100.71428571428571,22.221825393282206,True,False,False,False,False,False,False,False,False,False,False,True
2023-03-03,130,374.5,4,False,3,3,137.0,80.0,115.42857142857143,103.0,24.033706489408686,True,False,False,False,False,False,False,False,False,False,False,True
2023-03-04,133,369.2,5,True,3,4,130.0,95.0,122.57142857142857,106.5,18.554937733274965,True,False,False,False,False,False,False,False,False,False,False,True
2023-03-05,123,339.8,6,True,3,5,133.0,123.0,128.0,109.92857142857143,14.189197769195045,True,False,False,False,False,False,False,False,False,False,False,True
2023-03-06,78,224.85,0,False,3,6,123.0,128.0,128.0,110.28571428571429,14.189197769195045,True,False,False,False,False,False,False,False,False,False,False,True
2023-03-07,102,294.3,1,False,3,7,78.0,100.0,120.85714285714286,112.35714285714286,23.63210084770686,True,False,False,False,False,False,False,False,False,False,False,True
2023-03-08,103,293.8,2,False,3,8,102.0,145.0,121.14285714285714,114.71428571428571,23.34829452321633,True,False,False,False,False,False,False,False,False,False,False,True
2023-03-09,74,212.55,3,False,3,9,103.0,137.0,115.14285714285714,113.0,21.520754102560026,True,False,False,False,False,False,False,False,False,False,False,True
2023-03-10,118,333.3,4,False,3,10,74.0,130.0,106.14285714285714,110.78571428571429,23.898595296436454,True,False,False,False,False,False,False,False,False,False,False,True
2023-03-11,101,283.9,5,True,3,11,118.0,133.0,104.42857142857143,113.5,22.277471002914847,True,False,False,False,False,False,False,False,False,False,False,True
2023-03-12,42,112.7,6,True,3,12,101.0,123.0,99.85714285714286,113.92857142857143,18.37959531136422,True,False,False,False,False,False,False,False,False,False,False,True
2023-03-13,99,287.5,0,False,3,13,42.0,78.0,88.28571428571429,108.14285714285714,25.499766572227557,True,False,False,False,False,False,False,False,False,False,False,True
2023-03-14,92,259.6,1,False,3,14,99.0,102.0,91.28571428571429,106.07142857142857,25.32267946403172,True,False,False,False,False,False,False,False,False,False,False,True
2023-03-15,115,330.65,2,False,3,15,92.0,103.0,89.85714285714286,105.5,24.895974048217564,True,False,False,False,False,False,False,False,False,False,False,True
2023-03-16,118,333.4,3,False,3,16,115.0,74.0,91.57142857142857,103.35714285714286,26.323988697619125,True,False,False,False,False,False,False,False,False,False,False,True
2023-03-17,135,372.5,4,False,3,17,118.0,118.0,97.85714285714286,102.0,26.67975869099123,True,False,False,False,False,False,False,False,False,False,False,True
2023-03-18,110,310.85,5,True,3,18,135.0,101.0,100.28571428571429,102.35714285714286,29.4489065202444,True,False,False,False,False,False,False,False,False,False,False,True
2023-03-19,135,375.8,6,True,3,19,110.0,42.0,101.57142857142857,100.71428571428571,29.68084198523315,True,False,False,False,False,False,False,False,False,False,False,True
2023-03-20,73,213.5,0,False,3,20,135.0,99.0,114.85714285714286,101.57142857142857,16.42587969667139,True,False,False,False,False,False,False,False,False,False,False,True
2023-03-21,74,205.95,1,False,3,21,73.0,92.0,111.14285714285714,101.21428571428571,22.445701677816214,True,False,False,False,False,False,False,False,False,False,False,True
2023-03-22,145,400.25,2,False,3,22,74.0,115.0,108.57142857142857,99.21428571428571,25.78667060619457,True,False,False,False,False,False,False,False,False,False,False,True
2023-03-23,110,314.8,3,False,3,23,145.0,118.0,112.85714285714286,102.21428571428571,29.28838547632016,True,False,False,False,False,False,False,False,False,False,False,True
2023-03-24,113,318.05,4,False,3,24,110.0,135.0,111.71428571428571,104.78571428571429,29.2102395614636,True,False,False,False,False,False,False,False,False,False,False,True
2023-03-25,121,336.25,5,True,3,25,113.0,110.0,108.57142857142857,104.42857142857143,27.41567156972533,True,False,False,False,False,False,False,False,False,False,False,True
2023-03-26,134,378.15,6,True,3,26,121.0,135.0,110.14285714285714,105.85714285714286,27.823422815010648,True,False,False,False,False,False,False,False,False,False,False,True
2023-03-27,125,353.6,0,False,3,27,134.0,73.0,110.0,112.42857142857143,27.676705006196055,True,False,False,False,False,False,False,False,False,False,False,True
2023-03-28,122,339.8,1,False,3,28,125.0,74.0,117.42857142857143,114.28571428571429,22.60425581505346,True,False,False,False,False,False,False,False,False,False,False,True
2023-03-29,105,285.6,2,False,3,29,122.0,145.0,124.28571428571429,116.42857142857143,12.05147689032725,True,False,False,False,False,False,False,False,False,False,False,True
2023-03-30,112,319.1,3,False,3,30,105.0,110.0,118.57142857142857,115.71428571428571,9.880235200593381,True,False,False,False,False,False,False,False,False,False,False,True
2023-03-31,91,259.75,4,False,3,31,112.0,113.0,118.85714285714286,115.28571428571429,9.616454152970697,True,False,False,False,False,False,False,False,False,False,False,True
2023-04-01,159,441.85,5,True,4,1,91.0,121.0,115.71428571428571,112.14285714285714,14.302846869467128,True,False,False,False,False,False,False,False,False,False,False,True
2023-04-02,159,446.6,6,True,4,2,159.0,134.0,121.14285714285714,115.64285714285714,21.85885458594573,True,False,False,False,False,False,False,False,False,False,False,True
2023-04-03,140,394.05,0,False,4,3,159.0,125.0,124.71428571428571,117.35714285714286,25.966095109547986,True,False,False,False,False,False,False,False,False,False,False,True
2023-04-04,152,430.65,1,False,4,4,140.0,122.0,126.85714285714286,122.14285714285714,26.604689883731407,True,False,False,False,False,False,False,False,False,False,False,True
2023-04-05,132,369.55,2,False,4,5,152.0,105.0,131.14285714285714,127.71428571428571,28.067944773522694,True,False,False,False,False,False,False,False,False,False,False,True
2023-04-06,127,360.0,3,False,4,6,132.0,112.0,135.0,126.78571428571429,25.625508125043346,True,False,False,False,False,False,False,False,False,False,False,True
2023-04-07,131,361.45,4,False,4,7,127.0,91.0,137.14285714285714,128.0,23.95432161029653,True,False,False,False,False,False,False,False,False,False,False,True
2023-04-08,148,431.9,5,True,4,8,131.0,159.0,142.85714285714286,129.28571428571428,13.680016708427386,True,False,False,False,False,False,False,False,False,False,False,True
2023-04-09,107,301.8,6,True,4,9,148.0,159.0,141.28571428571428,131.21428571428572,12.051476890327205,True,False,False,False,False,False,False,False,False,False,False,True
2023-04-10,130,359.7,0,False,4,10,107.0,140.0,133.85714285714286,129.28571428571428,14.98252950860391,True,False,False,False,False,False,False,False,False,False,False,True
2023-04-11,143,401.05,1,False,4,11,130.0,152.0,132.42857142857142,129.64285714285714,14.774495398683197,True,False,False,False,False,False,False,False,False,False,False,True
2023-04-12,65,176.5,2,False,4,12,143.0,132.0,131.14285714285714,131.14285714285714,13.082157969649117,True,False,False,False,False,False,False,False,False,False,False,True
2023-04-13,113,322.8,3,False,4,13,65.0,127.0,121.57142857142857,128.28571428571428,28.16532822968183,True,False,False,False,False,False,False,False,False,False,False,True
2023-04-14,109,308.6,4,False,4,14,113.0,131.0,119.57142857142857,128.35714285714286,28.21262804051369,True,False,False,False,False,False,False,False,False,False,False,True
2023-04-15,149,418.25,5,True,4,15,109.0,148.0,116.42857142857143,129.64285714285714,27.951488588011067,True,False,False,False,False,False,False,False,False,False,False,True
2023-04-16,132,385.45,6,True,4,16,149.0,107.0,116.57142857142857,128.92857142857142,28.141648511634486,True,False,False,False,False,False,False,False,False,False,False,True
2023-04-17,151,426.25,0,False,4,17,132.0,130.0,120.14285714285714,127.0,28.31035482780441,True,False,False,False,False,False,False,False,False,False,False,True
2023-04-18,147,413.55,1,False,4,18,151.0,143.0,123.14285714285714,127.78571428571429,30.552842592403543,True,False,False,False,False,False,False,False,False,False,False,True
2023-04-19,156,438.8,2,False,4,19,147.0,65.0,123.71428571428571,127.42857142857143,31.019962850366095,True,False,False,False,False,False,False,False,False,False,False,True
2023-04-20,70,196.45,3,False,4,20,156.0,113.0,136.71428571428572,129.14285714285714,19.085022798993208,True,False,False,False,False,False,False,False,False,False,False,True
2023-04-21,102,286.1,4,False,4,21,70.0,109.0,130.57142857142858,125.07142857142857,31.117289635919622,True,False,False,False,False,False,False,False,False,False,False,True
2023-04-22,144,402.05,5,True,4,22,102.0,149.0,129.57142857142858,123.0,32.025287627420994,True,False,False,False,False,False,False,False,False,False,False,True
2023-04-23,141,405.95,6,True,4,23,144.0,132.0,128.85714285714286,122.71428571428571,31.57229044287919,True,False,False,False,False,False,False,False,False,False,False,True
2023-04-24,157,437.25,0,False,4,24,141.0,151.0,130.14285714285714,125.14285714285714,31.90312717915785,True,False,False,False,False,False,False,False,False,False,False,True
2023-04-25,145,409.3,1,False,4,25,157.0,147.0,131.0,127.07142857142857,32.629230249374,True,False,False,False,False,False,False,False,False,False,False,True
2023-04-26,149,416.5,2,False,4,26,145.0,156.0,130.71428571428572,127.21428571428571,32.474165556199054,True,False,False,False,False,False,False,False,False,False,False,True
2023-04-27,190,538.55,3,False,4,27,149.0,70.0,129.71428571428572,133.21428571428572,31.663408353672622,True,False,False,False,False,False,False,False,False,False,False,True
2023-04-28,138,379.5,4,False,4,28,190.0,102.0,146.85714285714286,138.71428571428572,25.906425016641165,True,False,False,False,False,False,False,False,False,False,False,True
2023-04-29,126,359.35,5,True,4,29,138.0,144.0,152.0,140.78571428571428,17.83255450012682,True,False,False,False,False,False,False,False,False,False,False,True
2023-04-30,138,382.1,6,True,4,30,126.0,141.0,149.42857142857142,139.14285714285714,20.304819976687995,True,False,False,False,False,False,False,False,False,False,False,True
2023-05-01,195,553.5,0,False,5,1,138.0,157.0,149.0,139.57142857142858,20.542638584173982,True,False,False,False,False,False,False,False,False,False,False,True
2023-05-02,213,603.9,1,False,5,2,195.0,145.0,154.42857142857142,142.71428571428572,27.01146141213098,True,False,False,False,False,False,False,False,False,False,False,True
2023-05-03,181,516.8,2,False,5,3,213.0,149.0,164.14285714285714,147.42857142857142,34.29979869439737,True,False,False,False,False,False,False,False,False,False,False,True
2023-05-04,191,544.5,3,False,5,4,181.0,190.0,168.71428571428572,149.21428571428572,34.076943748494934,True,False,False,False,False,False,False,False,False,False,False,True
2023-05-05,191,533.7,4,False,5,5,191.0,138.0,168.85714285714286,157.85714285714286,34.18298100628708,True,False,False,False,False,False,False,False,False,False,False,True
2023-05-06,151,430.8,5,True,5,6,191.0,126.0,176.42857142857142,164.21428571428572,32.0096711576211,True,False,False,False,False,False,False,False,False,False,False,True
2023-05-07,189,530.0,6,True,5,7,151.0,138.0,180.0,164.71428571428572,26.33755240463053,True,False,False,False,False,False,False,False,False,False,False,True
2023-05-08,180,516.55,0,False,5,8,189.0,195.0,187.28571428571428,168.14285714285714,18.741347209794935,True,False,False,False,False,False,False,False,False,False,False,True
2023-05-09,123,351.85,1,False,5,9,180.0,213.0,185.14285714285714,169.78571428571428,18.569047466402704,True,False,False,False,False,False,False,False,False,False,False,True
2023-05-10,181,509.55,2,False,5,10,123.0,181.0,172.28571428571428,168.21428571428572,25.811588390451426,True,False,False,False,False,False,False,False,False,False,False,True
2023-05-11,164,466.0,3,False,5,11,181.0,191.0,172.28571428571428,170.5,25.811588390451426,True,False,False,False,False,False,False,False,False,False,False,True
2023-05-12,81,219.6,4,False,5,12,164.0,191.0,168.42857142857142,168.64285714285714,24.534717869834417,True,False,False,False,False,False,False,False,False,False,False,True
2023-05-13,157,444.75,5,True,5,13,81.0,151.0,152.71428571428572,164.57142857142858,38.76731563965646,True,False,False,False,False,False,False,False,False,False,False,True
2023-05-14,146,410.75,6,True,5,14,157.0,189.0,153.57142857142858,166.78571428571428,38.789419274062844,True,False,False,False,False,False,False,False,False,False,False,True
2023-05-15,201,562.3,0,False,5,15,146.0,180.0,147.42857142857142,167.35714285714286,35.50989131146942,True,False,False,False,False,False,False,False,False,False,False,True
2023-05-16,191,540.1,1,False,5,16,201.0,123.0,150.42857142857142,167.78571428571428,39.39482682983099,True,False,False,False,False,False,False,False,False,False,False,True
2023-05-17,183,523.85,2,False,5,17,191.0,181.0,160.14285714285714,166.21428571428572,39.88495360169689,True,False,False,False,False,False,False,False,False,False,False,True
2023-05-18,171,486.15,3,False,5,18,183.0,164.0,160.42857142857142,166.35714285714286,40.06601695059923,True,False,False,False,False,False,False,False,False,False,False,True
2023-05-19,206,581.95,4,False,5,19,171.0,81.0,161.42857142857142,164.92857142857142,40.25691304135276,True,False,False,False,False,False,False,False,False,False,False,True
2023-05-20,101,288.5,5,True,5,20,206.0,157.0,179.28571428571428,166.0,22.395790420778177,True,False,False,False,False,False,False,False,False,False,False,True
2023-05-21,137,382.15,6,True,5,21,101.0,146.0,171.28571428571428,162.42857142857142,36.95363890838654,True,False,False,False,False,False,False,False,False,False,False,True
2023-05-22,240,671.75,0,False,5,22,137.0,201.0,170.0,158.71428571428572,38.118237105091715,True,False,False,False,False,False,False,False,False,False,False,True
2023-05-23,181,518.5,1,False,5,23,240.0,191.0,175.57142857142858,163.0,45.53334727741532,True,False,False,False,False,False,False,False,False,False,False,True
2023-05-24,190,525.55,2,False,5,24,181.0,183.0,174.14285714285714,167.14285714285714,45.12363967082939,True,False,False,False,False,False,False,False,False,False,False,True
2023-05-25,183,501.9,3,False,5,25,190.0,171.0,175.14285714285714,167.78571428571428,45.429170406353606,True,False,False,False,False,False,False,False,False,False,False,True
2023-05-26,200,564.7,4,False,5,26,183.0,206.0,176.85714285714286,169.14285714285714,45.47317367206202,True,False,False,False,False,False,False,False,False,False,False,True
2023-05-27,218,616.15,5,True,5,27,200.0,101.0,176.0,177.64285714285714,44.88503833870099,True,False,False,False,False,False,False,False,False,False,False,True
2023-05-28,187,525.9,6,True,5,28,218.0,137.0,192.71428571428572,182.0,32.33014220875137,True,False,False,False,False,False,False,False,False,False,False,True
2023-05-29,182,506.35,0,False,5,29,187.0,240.0,199.85714285714286,184.92857142857142,21.767166186932,True,False,False,False,False,False,False,False,False,False,False,True
2023-05-30,191,538.25,1,False,5,30,182.0,181.0,191.57142857142858,183.57142857142858,13.352367366340161,True,False,False,False,False,False,False,False,False,False,False,True
2023-05-31,170,475.6,2,False,5,31,191.0,190.0,193.0,183.57142857142858,12.54325848148418,True,False,False,False,False,False,False,False,False,False,False,True
2023-06-01,210,587.2,3,False,6,1,170.0,183.0,190.14285714285714,182.64285714285714,15.312615402869028,True,False,False,False,False,False,False,False,False,False,False,True
2023-06-02,241,680.95,4,False,6,2,210.0,200.0,194.0,185.42857142857142,16.563010998406206,True,False,False,False,False,False,False,False,False,False,False,True
2023-06-03,202,588.4,5,True,6,3,241.0,218.0,199.85714285714286,187.92857142857142,24.422862045144964,True,False,False,False,False,False,False,False,False,False,False,True
2023-06-04,212,589.65,6,True,6,4,202.0,187.0,197.57142857142858,195.14285714285714,23.15784347226024,True,False,False,False,False,False,False,False,False,False,False,True
2023-06-05,189,529.7,0,False,6,5,212.0,182.0,201.14285714285714,200.5,23.18353274365627,True,False,False,False,False,False,False,False,False,False,False,True
2023-06-06,154,438.9,1,False,6,6,189.0,191.0,202.14285714285714,196.85714285714286,22.35642019218452,True,False,False,False,False,False,False,False,False,False,False,True
2023-06-07,188,528.8,2,False,6,7,154.0,170.0,196.85714285714286,194.92857142857142,28.858439386243944,True,False,False,False,False,False,False,False,False,False,False,True
2023-06-08,187,545.45,3,False,6,8,188.0,210.0,199.42857142857142,194.78571428571428,26.794633435678364,True,False,False,False,False,False,False,False,False,False,False,True
2023-06-09,135,375.5,4,False,6,9,187.0,241.0,196.14285714285714,195.07142857142858,26.69224963310853,True,False,False,False,False,False,False,False,False,False,False,True
2023-06-10,179,510.95,5,True,6,10,135.0,202.0,181.0,190.42857142857142,27.067816067548918,True,False,False,False,False,False,False,False,False,False,False,True
2023-06-11,183,515.6,6,True,6,11,179.0,212.0,177.71428571428572,187.64285714285714,25.440874498296797,True,False,False,False,False,False,False,False,False,False,False,True
2023-06-12,103,278.1,0,False,6,12,183.0,189.0,173.57142857142858,187.35714285714286,20.87947271729759,True,False,False,False,False,False,False,False,False,False,False,True
2023-06-13,162,460.75,1,False,6,13,103.0,154.0,161.28571428571428,181.71428571428572,32.40737717307727,True,False,False,False,False,False,False,False,False,False,False,True
2023-06-14,142,395.25,2,False,6,14,162.0,188.0,162.42857142857142,179.64285714285714,32.24829268275106,True,False,False,False,False,False,False,False,False,False,False,True
2023-06-15,192,549.9,3,False,6,15,142.0,187.0,155.85714285714286,177.64285714285714,30.824387376602512,True,False,False,False,False,False,False,False,False,False,False,True
2023-06-16,209,603.5,4,False,6,16,192.0,135.0,156.57142857142858,176.35714285714286,31.711497088895733,True,False,False,False,False,False,False,False,False,False,False,True
2023-06-17,219,608.1,5,True,6,17,209.0,179.0,167.14285714285714,174.07142857142858,35.437402893122936,True,False,False,False,False,False,False,False,False,False,False,True
2023-06-18,203,567.1,6,True,6,18,219.0,183.0,172.85714285714286,175.28571428571428,40.52747451391689,True,False,False,False,False,False,False,False,False,False,False,True
2023-06-19,232,654.75,0,False,6,19,203.0,103.0,175.71428571428572,174.64285714285714,42.038531078500924,True,False,False,False,False,False,False,False,False,False,False,True
2023-06-20,110,318.85,1,False,6,20,232.0,162.0,194.14285714285714,177.71428571428572,31.903127179157753,True,False,False,False,False,False,False,False,False,False,False,True
2023-06-21,146,414.0,2,False,6,21,110.0,142.0,186.71428571428572,174.57142857142858,44.285867895278805,True,False,False,False,False,False,False,False,False,False,False,True
2023-06-22,252,706.3,3,False,6,22,146.0,192.0,187.28571428571428,171.57142857142858,43.633757137161055,True,False,False,False,False,False,False,False,False,False,False,True
2023-06-23,218,626.5,4,False,6,23,252.0,209.0,195.85714285714286,176.21428571428572,50.1246066366229,True,False,False,False,False,False,False,False,False,False,False,True
2023-06-24,217,607.7,5,True,6,24,218.0,219.0,197.14285714285714,182.14285714285714,50.63078303242189,True,False,False,False,False,False,False,False,False,False,False,True
2023-06-25,205,580.2,6,True,6,25,217.0,203.0,196.85714285714286,184.85714285714286,50.49233793830684,True,False,False,False,False,False,False,False,False,False,False,True
2023-06-26,215,602.85,0,False,6,26,205.0,232.0,197.14285714285714,186.42857142857142,50.53852844259365,True,False,False,False,False,False,False,False,False,False,False,True
2023-06-27,224,638.25,1,False,6,27,215.0,110.0,194.71428571428572,194.42857142857142,48.96840575212503,True,False,False,False,False,False,False,False,False,False,False,True
2023-06-28,214,604.5,2,False,6,28,224.0,146.0,211.0,198.85714285714286,32.17659604950967,True,False,False,False,False,False,False,False,False,False,False,True
2023-06-29,220,617.85,3,False,6,29,214.0,252.0,220.71428571428572,204.0,14.918827989202615,True,False,False,False,False,False,False,False,False,False,False,True
2023-06-30,177,499.45,4,False,6,30,220.0,218.0,216.14285714285714,206.0,5.928141120355067,True,False,False,False,False,False,False,False,False,False,False,True
2023-01-15,35,122.0,6,True,1,15,51.0,28.0,31.857142857142858,27.214285714285715,9.476788686550085,False,True,False,True,False,False,False,False,False,False,False,False
2023-01-16,37,135.0,0,False,1,16,35.0,25.0,32.857142857142854,28.428571428571427,9.370673604897553,False,True,False,True,False,False,False,False,False,False,False,False
2023-01-17,22,78.0,1,False,1,17,37.0,26.0,34.57142857142857,29.428571428571427,8.772250620700529,False,True,False,True,False,False,False,False,False,False,False,False
2023-01-18,26,94.25,2,False,1,18,22.0,34.0,34.0,28.928571428571427,9.52190457139046,False,True,False,True,False,False,False,False,False,False,False,False
2023-01-19,38,136.5,3,False,1,19,26.0,24.0,32.857142857142854,29.642857142857142,9.990471651004455,False,True,False,True,False,False,False,False,False,False,False,False
2023-01-20,26,93.25,4,False,1,20,38.0,35.0,34.857142857142854,31.142857142857142,9.299257522845053,False,True,False,True,False,False,False,False,False,False,False,False
2023-01-21,39,140.25,5,True,1,21,26.0,51.0,33.57142857142857,31.214285714285715,9.88023520059353,False,True,False,True,False,False,False,False,False,False,False,False
2023-01-22,26,89.0,6,True,1,22,39.0,35.0,31.857142857142858,31.857142857142858,6.962484504556571,False,True,False,True,False,False,False,False,False,False,False,False
2023-01-23,35,120.75,0,False,1,23,26.0,37.0,30.571428571428573,31.714285714285715,7.114706432386899,False,True,False,True,False,False,False,False,False,False,False,False
2023-01-24,24,82.8,1,False,1,24,35.0,22.0,30.285714285714285,32.42857142857143,6.848705126136021,False,True,False,True,False,False,False,False,False,False,False,False
2023-01-25,35,125.25,2,False,1,25,24.0,26.0,30.571428571428573,32.285714285714285,6.477065767180448,False,True,False,True,False,False,False,False,False,False,False,False
2023-01-26,36,126.0,3,False,1,26,35.0,38.0,31.857142857142858,32.357142857142854,6.309478885734041,False,True,False,True,False,False,False,False,False,False,False,False
2023-01-27,12,41.5,4,False,1,27,36.0,26.0,31.571428571428573,33.214285714285715,6.023762469230851,False,True,False,True,False,False,False,False,False,False,False,False
2023-01-28,24,88.5,5,True,1,28,12.0,39.0,29.571428571428573,31.571428571428573,9.50187951332336,False,True,False,True,False,False,False,False,False,False,False,False
2023-01-29,25,87.75,6,True,1,29,24.0,26.0,27.428571428571427,29.642857142857142,8.676734079462975,False,True,False,True,False,False,False,False,False,False,False,False
2023-01-30,25,88.25,0,False,1,30,25.0,35.0,27.285714285714285,28.928571428571427,8.71233389539002,False,True,False,True,False,False,False,False,False,False,False,False
2023-01-31,30,107.15,1,False,1,31,25.0,24.0,25.857142857142858,28.071428571428573,8.029706749078102,False,True,False,True,False,False,False,False,False,False,False,False
2023-02-01,20,70.5,2,False,2,1,30.0,35.0,26.714285714285715,28.642857142857142,8.11817478900041,False,True,False,True,False,False,False,False,False,False,False,False
2023-02-02,22,79.75,3,False,2,2,20.0,36.0,24.571428571428573,28.214285714285715,7.5245629520290125,False,True,False,True,False,False,False,False,False,False,False,False
2023-02-03,27,97.5,4,False,2,3,22.0,12.0,22.571428571428573,27.071428571428573,5.593363414414824,False,True,False,True,False,False,False,False,False,False,False,False
2023-02-04,22,79.5,5,True,2,4,27.0,24.0,24.714285714285715,27.142857142857142,3.2513733362117185,False,True,False,True,False,False,False,False,False,False,False,False
2023-02-05,16,57.5,6,True,2,5,22.0,25.0,24.428571428571427,25.928571428571427,3.40867241298538,False,True,False,True,False,False,False,False,False,False,False,False
2023-02-06,22,79.75,0,False,2,6,16.0,25.0,23.142857142857142,25.214285714285715,4.634241089562609,False,True,False,True,False,False,False,False,False,False,False,False
2023-02-07,29,104.0,1,False,2,7,22.0,30.0,22.714285714285715,24.285714285714285,4.572172558506719,False,True,False,True,False,False,False,False,False,False,False,False
2023-02-08,23,84.25,2,False,2,8,29.0,20.0,22.571428571428573,24.642857142857142,4.314979445958879,False,True,False,True,False,False,False,False,False,False,False,False
2023-02-09,37,134.75,3,False,2,9,23.0,22.0,23.0,23.785714285714285,4.163331998932262,False,True,False,True,False,False,False,False,False,False,False,False
2023-02-10,43,156.0,4,False,2,10,37.0,27.0,25.142857142857142,23.857142857142858,6.669047194029324,False,True,False,True,False,False,False,False,False,False,False,False
2023-02-11,39,141.5,5,True,2,11,43.0,22.0,27.428571428571427,26.071428571428573,9.53689577128642,False,True,False,True,False,False,False,False,False,False,False,False
2023-02-12,33,119.5,6,True,2,12,39.0,16.0,29.857142857142858,27.142857142857142,10.073539123673976,False,True,False,True,False,False,False,False,False,False,False,False
2023-02-13,34,126.0,0,False,2,13,33.0,22.0,32.285714285714285,27.714285714285715,8.014867137894111,False,True,False,True,False,False,False,False,False,False,False,False
2023-02-14,55,196.75,1,False,2,14,34.0,29.0,34.0,28.357142857142858,6.608075867199642,False,True,False,True,False,False,False,False,False,False,False,False
2023-02-15,30,103.25,2,False,2,15,55.0,23.0,37.714285714285715,30.142857142857142,9.844021632684552,False,True,False,True,False,False,False,False,False,False,False,False
2023-02-16,32,114.75,3,False,2,16,30.0,37.0,38.714285714285715,30.857142857142858,8.340948901139969,False,True,False,True,False,False,False,False,False,False,False,False
2023-02-17,27,96.25,4,False,2,17,32.0,43.0,38.0,31.571428571428573,8.717797887081318,False,True,False,True,False,False,False,False,False,False,False,False
2023-02-18,28,95.25,5,True,2,18,27.0,39.0,35.714285714285715,31.571428571428573,9.268482179125202,False,True,False,True,False,False,False,False,False,False,False,False
2023-02-19,48,169.25,6,True,2,19,28.0,33.0,34.142857142857146,32.0,9.546876826630621,False,True,False,True,False,False,False,False,False,False,False,False
2023-02-20,29,106.5,0,False,2,20,48.0,34.0,36.285714285714285,34.285714285714285,10.843035948083363,False,True,False,True,False,False,False,False,False,False,False,False
2023-02-21,33,119.5,1,False,2,21,29.0,55.0,35.57142857142857,34.785714285714285,11.17821009609233,False,True,False,True,False,False,False,False,False,False,False,False
2023-02-22,25,88.0,2,False,2,22,33.0,30.0,32.42857142857143,35.07142857142857,7.184639700016093,False,True,False,True,False,False,False,False,False,False,False,False
2023-02-23,34,118.5,3,False,2,23,25.0,32.0,31.714285714285715,35.214285714285715,7.696628822938974,False,True,False,True,False,False,False,False,False,False,False,False
2023-02-24,28,94.35,4,False,2,24,34.0,27.0,32.0,35.0,7.745966692414817,False,True,False,True,False,False,False,False,False,False,False,False
2023-02-25,31,109.25,5,True,2,25,28.0,28.0,32.142857142857146,33.92857142857143,7.646972634722201,False,True,False,True,False,False,False,False,False,False,False,False
2023-02-26,36,127.25,6,True,2,26,31.0,48.0,32.57142857142857,33.357142857142854,7.457817885886416,False,True,False,True,False,False,False,False,False,False,False,False
2023-02-27,13,44.0,0,False,2,27,36.0,29.0,30.857142857142858,33.57142857142857,3.804758924845339,False,True,False,True,False,False,False,False,False,False,False,False
2023-02-28,23,85.25,1,False,2,28,13.0,33.0,28.571428571428573,32.07142857142857,7.8072005835882585,False,True,False,True,False,False,False,False,False,False,False,False
2023-03-01,22,80.0,2,False,3,1,23.0,25.0,27.142857142857142,29.785714285714285,7.776643908280128,False,True,False,True,False,False,False,False,False,False,False,False
2023-03-02,28,96.0,3,False,3,2,22.0,34.0,26.714285714285715,29.214285714285715,7.994045402971007,False,True,False,True,False,False,False,False,False,False,False,False
2023-03-03,26,93.75,4,False,3,3,28.0,28.0,25.857142857142858,28.928571428571427,7.380798769522883,False,True,False,True,False,False,False,False,False,False,False,False
2023-03-04,20,71.75,5,True,3,4,26.0,31.0,25.571428571428573,28.857142857142858,7.322502824789326,False,True,False,True,False,False,False,False,False,False,False,False
2023-03-05,19,68.5,6,True,3,5,20.0,36.0,24.0,28.285714285714285,7.1414284285428575,False,True,False,True,False,False,False,False,False,False,False,False
2023-03-06,23,80.5,0,False,3,6,19.0,13.0,21.571428571428573,26.214285714285715,4.928053803045835,False,True,False,True,False,False,False,False,False,False,False,False
2023-03-07,40,144.25,1,False,3,7,23.0,23.0,23.0,25.785714285714285,3.162277660168404,False,True,False,True,False,False,False,False,False,False,False,False
2023-03-08,45,165.25,2,False,3,8,40.0,22.0,25.428571428571427,26.285714285714285,7.161404491139591,False,True,False,True,False,False,False,False,False,False,False,False
2023-03-09,40,146.0,3,False,3,9,45.0,28.0,28.714285714285715,27.714285714285715,10.02853072844813,False,True,False,True,False,False,False,False,False,False,False,False
2023-03-10,47,169.0,4,False,3,10,40.0,26.0,30.428571428571427,28.142857142857142,10.875923606099576,False,True,False,True,False,False,False,False,False,False,False,False
2023-03-11,38,135.0,5,True,3,11,47.0,20.0,33.42857142857143,29.5,12.259107401671372,False,True,False,True,False,False,False,False,False,False,False,False
2023-03-12,37,130.75,6,True,3,12,38.0,19.0,36.0,30.0,10.770329614268977,False,True,False,True,False,False,False,False,False,False,False,False
2023-03-13,36,132.5,0,False,3,13,37.0,23.0,38.57142857142857,30.071428571428573,7.764387566686342,False,True,False,True,False,False,False,False,False,False,False,False
2023-03-14,62,219.75,1,False,3,14,36.0,40.0,40.42857142857143,31.714285714285715,4.117326918326987,False,True,False,True,False,False,False,False,False,False,False,False
2023-03-15,39,137.0,2,False,3,15,62.0,45.0,43.57142857142857,34.5,9.107819769427795,False,True,False,True,False,False,False,False,False,False,False,False
2023-03-16,41,143.0,3,False,3,16,39.0,40.0,42.714285714285715,35.714285714285715,9.232447954800184,False,True,False,True,False,False,False,False,False,False,False,False
2023-03-17,27,96.5,4,False,3,17,41.0,47.0,42.857142857142854,36.642857142857146,9.191092996819766,False,True,False,True,False,False,False,False,False,False,False,False
2023-03-18,39,142.5,5,True,3,18,27.0,38.0,40.0,36.714285714285715,10.677078252031267,False,True,False,True,False,False,False,False,False,False,False,False
2023-03-19,48,171.25,6,True,3,19,39.0,37.0,40.142857142857146,38.07142857142857,10.652520381402212,False,True,False,True,False,False,False,False,False,False,False,False
2023-03-20,33,117.5,0,False,3,20,48.0,36.0,41.714285714285715,40.142857142857146,10.919619738713166,False,True,False,True,False,False,False,False,False,False,False,False
2023-03-21,49,172.75,1,False,3,21,33.0,62.0,41.285714285714285,40.857142857142854,11.235572759681379,False,True,False,True,False,False,False,False,False,False,False,False
2023-03-22,42,143.75,2,False,3,22,49.0,39.0,39.42857142857143,41.5,7.7858235029473075,False,True,False,True,False,False,False,False,False,False,False,False
2023-03-23,40,138.75,3,False,3,23,42.0,41.0,39.857142857142854,41.285714285714285,7.840675383931509,False,True,False,True,False,False,False,False,False,False,False,False
2023-03-24,41,137.3,4,False,3,24,40.0,27.0,39.714285714285715,41.285714285714285,7.8254773169497005,False,True,False,True,False,False,False,False,False,False,False,False
2023-03-25,34,120.75,5,True,3,25,41.0,39.0,41.714285714285715,40.857142857142854,5.468524655221078,False,True,False,True,False,False,False,False,False,False,False,False
2023-03-26,40,139.25,6,True,3,26,34.0,48.0,41.0,40.57142857142857,6.164414002968892,False,True,False,True,False,False,False,False,False,False,False,False
2023-03-27,30,103.5,0,False,3,27,40.0,33.0,39.857142857142854,40.785714285714285,5.336308693862219,False,True,False,True,False,False,False,False,False,False,False,False
2023-03-28,36,133.25,1,False,3,28,30.0,49.0,39.42857142857143,40.357142857142854,6.0513674172906295,False,True,False,True,False,False,False,False,False,False,False,False
2023-03-29,21,74.75,2,False,3,29,36.0,42.0,37.57142857142857,38.5,4.391550328268302,False,True,False,True,False,False,False,False,False,False,False,False
2023-03-30,41,152.15,3,False,3,30,21.0,40.0,34.57142857142857,37.214285714285715,7.16140449113954,False,True,False,True,False,False,False,False,False,False,False,False
2023-03-31,37,130.5,4,False,3,31,41.0,41.0,34.714285714285715,37.214285714285715,7.296444013222778,False,True,False,True,False,False,False,False,False,False,False,False
2023-04-01,31,112.75,5,True,4,1,37.0,34.0,34.142857142857146,37.92857142857143,6.8660656232559,False,True,False,True,False,False,False,False,False,False,False,False
2023-04-02,30,106.0,6,True,4,2,31.0,40.0,33.714285714285715,37.357142857142854,6.969320524371646,False,True,False,True,False,False,False,False,False,False,False,False
2023-04-03,31,112.0,0,False,4,3,30.0,30.0,32.285714285714285,36.07142857142857,6.4733887497014475,False,True,False,True,False,False,False,False,False,False,False,False
2023-04-04,27,96.25,1,False,4,4,31.0,36.0,32.42857142857143,35.92857142857143,6.425396041156813,False,True,False,True,False,False,False,False,False,False,False,False
2023-04-05,33,116.75,2,False,4,5,27.0,21.0,31.142857142857142,34.357142857142854,6.491753010000962,False,True,False,True,False,False,False,False,False,False,False,False
2023-04-06,28,97.5,3,False,4,6,33.0,41.0,32.857142857142854,33.714285714285715,4.70561974057153,False,True,False,True,False,False,False,False,False,False,False,False
2023-04-07,55,196.75,4,False,4,7,28.0,37.0,31.0,32.857142857142854,3.316624790355311,False,True,False,True,False,False,False,False,False,False,False,False
2023-04-08,50,186.75,5,True,4,8,55.0,31.0,33.57142857142857,33.857142857142854,9.658452996505888,False,True,False,True,False,False,False,False,False,False,False,False
2023-04-09,45,165.0,6,True,4,9,50.0,30.0,36.285714285714285,35.0,11.338934190276781,False,True,False,True,False,False,False,False,False,False,False,False
2023-04-10,54,193.5,0,False,4,10,45.0,31.0,38.42857142857143,35.357142857142854,11.37038760490219,False,True,False,True,False,False,False,False,False,False,False,False
2023-04-11,48,168.25,1,False,4,11,54.0,27.0,41.714285714285715,37.07142857142857,12.161610169083731,False,True,False,True,False,False,False,False,False,False,False,False
2023-04-12,43,154.75,2,False,4,12,48.0,33.0,44.714285714285715,37.92857142857143,10.38772168980093,False,True,False,True,False,False,False,False,False,False,False,False
2023-04-13,56,205.75,3,False,4,13,43.0,28.0,46.142857142857146,39.5,9.11827051270447,False,True,False,True,False,False,False,False,False,False,False,False
2023-04-14,72,258.25,4,False,4,14,56.0,55.0,50.142857142857146,40.57142857142857,5.080307452263327,False,True,False,True,False,False,False,False,False,False,False,False
2023-04-15,50,173.5,5,True,4,15,72.0,50.0,52.57142857142857,43.07142857142857,9.727232269204121,False,True,False,True,False,False,False,False,False,False,False,False
2023-04-16,57,206.75,6,True,4,16,50.0,45.0,52.57142857142857,44.42857142857143,9.727232269204121,False,True,False,True,False,False,False,False,False,False,False,False
2023-04-17,39,137.75,0,False,4,17,57.0,54.0,54.285714285714285,46.357142857142854,9.214377998799492,False,True,False,True,False,False,False,False,False,False,False,False
2023-04-18,46,163.75,1,False,4,18,39.0,48.0,52.142857142857146,46.92857142857143,10.884676865951915,False,True,False,True,False,False,False,False,False,False,False,False
2023-04-19,55,195.0,2,False,4,19,46.0,43.0,51.857142857142854,48.285714285714285,11.03673519703731,False,True,False,True,False,False,False,False,False,False,False,False
2023-04-20,32,117.0,3,False,4,20,55.0,56.0,53.57142857142857,49.857142857142854,10.341778423094318,False,True,False,True,False,False,False,False,False,False,False,False
2023-04-21,54,191.75,4,False,4,21,32.0,72.0,50.142857142857146,50.142857142857146,13.031098334734578,False,True,False,True,False,False,False,False,False,False,False,False
2023-04-22,37,129.5,5,True,4,22,54.0,50.0,47.57142857142857,50.07142857142857,9.2169615900458,False,True,False,True,False,False,False,False,False,False,False,False
2023-04-23,42,147.0,6,True,4,23,37.0,57.0,45.714285714285715,49.142857142857146,9.9283144879394,False,True,False,True,False,False,False,False,False,False,False,False
2023-04-24,43,147.95,0,False,4,24,42.0,39.0,43.57142857142857,48.92857142857143,8.618916073713288,False,True,False,True,False,False,False,False,False,False,False,False
2023-04-25,49,176.5,1,False,4,25,43.0,46.0,44.142857142857146,48.142857142857146,8.395009855633846,False,True,False,True,False,False,False,False,False,False,False,False
2023-04-26,56,196.0,2,False,4,26,49.0,55.0,44.57142857142857,48.214285714285715,8.580154288766987,False,True,False,True,False,False,False,False,False,False,False,False
2023-04-27,28,97.5,3,False,4,27,56.0,32.0,44.714285714285715,49.142857142857146,8.788520651286776,False,True,False,True,False,False,False,False,False,False,False,False
2023-04-28,31,112.25,4,False,4,28,28.0,54.0,44.142857142857146,47.142857142857146,9.822229404579666,False,True,False,True,False,False,False,False,False,False,False,False
2023-04-29,33,114.0,5,True,4,29,31.0,37.0,40.857142857142854,44.214285714285715,9.82222940457968,False,True,False,True,False,False,False,False,False,False,False,False
2023-04-30,54,194.0,6,True,4,30,33.0,42.0,40.285714285714285,43.0,10.193368525897666,False,True,False,True,False,False,False,False,False,False,False,False
2023-05-01,47,168.75,0,False,5,1,54.0,43.0,42.0,42.785714285714285,11.460075625114017,False,True,False,True,False,False,False,False,False,False,False,False
2023-05-02,36,126.75,1,False,5,2,47.0,49.0,42.57142857142857,43.357142857142854,11.616900660347406,False,True,False,True,False,False,False,False,False,False,False,False
2023-05-03,38,135.25,2,False,5,3,36.0,56.0,40.714285714285715,42.642857142857146,11.455919659202156,False,True,False,True,False,False,False,False,False,False,False,False
2023-05-04,38,136.5,3,False,5,4,38.0,28.0,38.142857142857146,41.42857142857143,9.263343014782688,False,True,False,True,False,False,False,False,False,False,False,False
2023-05-05,33,117.0,4,False,5,5,38.0,31.0,39.57142857142857,41.857142857142854,8.141603913585676,False,True,False,True,False,False,False,False,False,False,False,False
2023-05-06,40,139.5,5,True,5,6,33.0,33.0,39.857142857142854,40.357142857142854,7.819389819087959,False,True,False,True,False,False,False,False,False,False,False,False
2023-05-07,68,246.75,6,True,5,7,40.0,54.0,40.857142857142854,40.57142857142857,7.221001117771437,False,True,False,True,False,False,False,False,False,False,False,False
2023-05-08,62,226.75,0,False,5,8,68.0,47.0,42.857142857142854,42.42857142857143,11.894376422334611,False,True,False,True,False,False,False,False,False,False,False,False
2023-05-09,59,215.0,1,False,5,9,62.0,36.0,45.0,43.785714285714285,13.940349110884279,False,True,False,True,False,False,False,False,False,False,False,False
2023-05-10,71,254.25,2,False,5,10,59.0,38.0,48.285714285714285,44.5,14.17408769215008,False,True,False,True,False,False,False,False,False,False,False,False
2023-05-11,65,232.5,3,False,5,11,71.0,38.0,53.0,45.57142857142857,15.599145275730056,False,True,False,True,False,False,False,False,False,False,False,False
2023-05-12,52,186.0,4,False,5,12,65.0,33.0,56.857142857142854,48.214285714285715,14.576563054307009,False,True,False,True,False,False,False,False,False,False,False,False
2023-05-13,76,279.5,5,True,5,13,52.0,40.0,59.57142857142857,49.714285714285715,10.627905765125051,False,True,False,True,False,False,False,False,False,False,False,False
2023-05-14,86,308.5,6,True,5,14,76.0,68.0,64.71428571428571,52.785714285714285,7.952238379103843,False,True,False,True,False,False,False,False,False,False,False,False
2023-05-15,55,194.25,0,False,5,15,86.0,62.0,67.28571428571429,55.07142857142857,11.368293418015384,False,True,False,True,False,False,False,False,False,False,False,False
2023-05-16,66,239.75,1,False,5,16,55.0,59.0,66.28571428571429,55.642857142857146,12.188988004400747,False,True,False,True,False,False,False,False,False,False,False,False
2023-05-17,43,153.25,2,False,5,17,66.0,71.0,67.28571428571429,57.785714285714285,11.77163661397281,False,True,False,True,False,False,False,False,False,False,False,False
2023-05-18,65,227.0,3,False,5,18,43.0,65.0,63.285714285714285,58.142857142857146,14.693698033672769,False,True,False,True,False,False,False,False,False,False,False,False
2023-05-19,75,269.5,4,False,5,19,65.0,52.0,63.285714285714285,60.07142857142857,14.693698033672769,False,True,False,True,False,False,False,False,False,False,False,False
2023-05-20,48,175.75,5,True,5,20,75.0,76.0,66.57142857142857,63.07142857142857,14.316158037419736,False,True,False,True,False,False,False,False,False,False,False,False
2023-05-21,65,229.75,6,True,5,21,48.0,86.0,62.57142857142857,63.642857142857146,15.131172490999434,False,True,False,True,False,False,False,False,False,False,False,False
2023-05-22,58,199.75,0,False,5,22,65.0,55.0,59.57142857142857,63.42857142857143,11.311603818750827,False,True,False,True,False,False,False,False,False,False,False,False
2023-05-23,71,245.75,1,False,5,23,58.0,66.0,60.0,63.142857142857146,11.16542281629603,False,True,False,True,False,False,False,False,False,False,False,False
2023-05-24,56,192.5,2,False,5,24,71.0,43.0,60.714285714285715,64.0,11.757469763435179,False,True,False,True,False,False,False,False,False,False,False,False
2023-05-25,63,223.5,3,False,5,25,56.0,65.0,62.57142857142857,62.92857142857143,9.253056123197606,False,True,False,True,False,False,False,False,False,False,False,False
2023-05-26,66,235.5,4,False,5,26,63.0,75.0,62.285714285714285,62.785714285714285,9.196272536817602,False,True,False,True,False,False,False,False,False,False,False,False
2023-05-27,38,132.75,5,True,5,27,66.0,48.0,61.0,63.785714285714285,7.615773105863724,False,True,False,True,False,False,False,False,False,False,False,False
2023-05-28,46,166.75,6,True,5,28,38.0,65.0,59.57142857142857,61.07142857142857,10.752629800148656,False,True,False,True,False,False,False,False,False,False,False,False
2023-05-29,39,140.75,0,False,5,29,46.0,58.0,56.857142857142854,58.214285714285715,11.524301445620091,False,True,False,True,False,False,False,False,False,False,False,False
2023-05-30,51,182.0,1,False,5,30,39.0,71.0,54.142857142857146,57.07142857142857,13.309502512973761,False,True,False,True,False,False,False,False,False,False,False,False
2023-05-31,50,185.75,2,False,5,31,51.0,56.0,51.285714285714285,56.0,11.041048949477574,False,True,False,True,False,False,False,False,False,False,False,False
2023-06-01,51,184.75,3,False,6,1,50.0,63.0,50.42857142857143,56.5,10.845231561338174,False,True,False,True,False,False,False,False,False,False,False,False
2023-06-02,39,137.0,4,False,6,2,51.0,66.0,48.714285714285715,55.5,9.375753937938008,False,True,False,True,False,False,False,False,False,False,False,False
2023-06-03,37,133.75,5,True,6,3,39.0,38.0,44.857142857142854,52.92857142857143,6.039552175135917,False,True,False,True,False,False,False,False,False,False,False,False
2023-06-04,40,143.5,6,True,6,4,37.0,46.0,44.714285714285715,52.142857142857146,6.2373681873655995,False,True,False,True,False,False,False,False,False,False,False,False
2023-06-05,41,148.0,0,False,6,5,40.0,39.0,43.857142857142854,50.357142857142854,6.440201120787228,False,True,False,True,False,False,False,False,False,False,False,False
2023-06-06,37,130.5,1,False,6,6,41.0,51.0,44.142857142857146,49.142857142857146,6.229729031789614,False,True,False,True,False,False,False,False,False,False,False,False
2023-06-07,74,269.75,2,False,6,7,37.0,50.0,42.142857142857146,46.714285714285715,5.8999596447367795,False,True,False,True,False,False,False,False,False,False,False,False
2023-06-08,69,256.75,3,False,6,8,74.0,51.0,45.57142857142857,48.0,13.414633090486648,False,True,False,True,False,False,False,False,False,False,False,False
2023-06-09,70,253.75,4,False,6,9,69.0,39.0,48.142857142857146,48.42857142857143,16.087558043703275,False,True,False,True,False,False,False,False,False,False,False,False
2023-06-10,65,232.5,5,True,6,10,70.0,37.0,52.57142857142857,48.714285714285715,17.36718306516763,False,True,False,True,False,False,False,False,False,False,False,False
2023-06-11,76,266.5,6,True,6,11,65.0,40.0,56.57142857142857,50.642857142857146,16.379429608069742,False,True,False,True,False,False,False,False,False,False,False,False
2023-06-12,59,211.0,0,False,6,12,76.0,41.0,61.714285714285715,52.785714285714285,15.955294687702434,False,True,False,True,False,False,False,False,False,False,False,False
2023-06-13,72,263.25,1,False,6,13,59.0,37.0,64.28571428571429,54.214285714285715,13.288018233409574,False,True,False,True,False,False,False,False,False,False,False,False
2023-06-14,97,348.5,2,False,6,14,72.0,74.0,69.28571428571429,55.714285714285715,5.765248931146995,False,True,False,True,False,False,False,False,False,False,False,False
2023-06-15,61,210.0,3,False,6,15,97.0,69.0,72.57142857142857,59.07142857142857,12.039617143097907,False,True,False,True,False,False,False,False,False,False,False,False
2023-06-16,72,259.0,4,False,6,16,61.0,70.0,71.42857142857143,59.785714285714285,12.791366135759063,False,True,False,True,False,False,False,False,False,False,False,False
2023-06-17,49,171.5,5,True,6,17,72.0,65.0,71.71428571428571,62.142857142857146,12.77646646135352,False,True,False,True,False,False,False,False,False,False,False,False
2023-06-18,72,255.5,6,True,6,18,49.0,76.0,69.42857142857143,63.0,15.349887544182332,False,True,False,True,False,False,False,False,False,False,False,False
2023-06-19,84,294.75,0,False,6,19,72.0,59.0,68.85714285714286,65.28571428571429,15.137465347370856,False,True,False,True,False,False,False,False,False,False,False,False
2023-06-20,49,178.5,1,False,6,20,84.0,72.0,72.42857142857143,68.35714285714286,15.37158789083647,False,True,False,True,False,False,False,False,False,False,False,False
2023-06-21,77,273.25,2,False,6,21,49.0,97.0,69.14285714285714,69.21428571428571,17.752263437174804,False,True,False,True,False,False,False,False,False,False,False,False
2023-06-22,58,199.75,3,False,6,22,77.0,61.0,66.28571428571429,69.42857142857143,13.659115219201608,False,True,False,True,False,False,False,False,False,False,False,False
2023-06-23,62,217.0,4,False,6,23,58.0,72.0,65.85714285714286,68.64285714285714,13.89758457944594,False,True,False,True,False,False,False,False,False,False,False,False
2023-06-24,60,207.0,5,True,6,24,62.0,49.0,64.42857142857143,68.07142857142857,13.673053095500562,False,True,False,True,False,False,False,False,False,False,False,False
2023-06-25,75,268.5,6,True,6,25,60.0,72.0,66.0,67.71428571428571,12.151817422371977,False,True,False,True,False,False,False,False,False,False,False,False
2023-06-26,71,254.0,0,False,6,26,75.0,84.0,66.42857142857143,67.64285714285714,12.447987024108654,False,True,False,True,False,False,False,False,False,False,False,False
2023-06-27,37,127.75,1,False,6,27,71.0,49.0,64.57142857142857,68.5,10.14654527178475,False,True,False,True,False,False,False,False,False,False,False,False
2023-06-28,50,179.25,2,False,6,28,37.0,77.0,62.857142857142854,66.0,13.631196712303746,False,True,False,True,False,False,False,False,False,False,False,False
2023-06-29,38,135.0,3,False,6,29,50.0,58.0,59.0,62.642857142857146,12.754084313139202,False,True,False,True,False,False,False,False,False,False,False,False
2023-06-30,65,234.75,4,False,6,30,38.0,62.0,56.142857142857146,61.0,15.04912590405793,False,True,False,True,False,False,False,False,False,False,False,False
2023-01-15,2,40.0,6,True,1,15,0.0,0.0,0.5714285714285714,0.2857142857142857,0.7867957924694432,False,True,False,False,True,False,False,False,False,False,False,False
2023-01-16,0,0.0,0,False,1,16,2.0,0.0,0.8571428571428571,0.42857142857142855,0.8997354108424375,False,True,False,False,True,False,False,False,False,False,False,False
2023-01-17,0,0.0,1,False,1,17,0.0,1.0,0.8571428571428571,0.42857142857142855,0.8997354108424375,False,True,False,False,True,False,False,False,False,False,False,False
2023-01-18,1,14.0,2,False,1,18,0.0,2.0,0.7142857142857143,0.42857142857142855,0.9511897312113419,False,True,False,False,True,False,False,False,False,False,False,False
2023-01-19,1,12.0,3,False,1,19,1.0,1.0,0.5714285714285714,0.5,0.7867957924694432,False,True,False,False,True,False,False,False,False,False,False,False
2023-01-20,1,14.0,4,False,1,20,1.0,0.0,0.5714285714285714,0.5714285714285714,0.7867957924694432,False,True,False,False,True,False,False,False,False,False,False,False
2023-01-21,2,42.0,5,True,1,21,1.0,0.0,0.7142857142857143,0.6428571428571429,0.7559289460184545,False,True,False,False,True,False,False,False,False,False,False,False
2023-01-22,0,0.0,6,True,1,22,2.0,2.0,1.0,0.7857142857142857,0.816496580927726,False,True,False,False,True,False,False,False,False,False,False,False
2023-01-23,0,0.0,0,False,1,23,0.0,0.0,0.7142857142857143,0.7857142857142857,0.7559289460184545,False,True,False,False,True,False,False,False,False,False,False,False
2023-01-24,0,0.0,1,False,1,24,0.0,0.0,0.7142857142857143,0.7857142857142857,0.7559289460184545,False,True,False,False,True,False,False,False,False,False,False,False
2023-01-25,0,0.0,2,False,1,25,0.0,1.0,0.7142857142857143,0.7142857142857143,0.7559289460184545,False,True,False,False,True,False,False,False,False,False,False,False
2023-01-26,0,0.0,3,False,1,26,0.0,1.0,0.5714285714285714,0.5714285714285714,0.7867957924694432,False,True,False,False,True,False,False,False,False,False,False,False
2023-01-27,0,0.0,4,False,1,27,0.0,1.0,0.42857142857142855,0.5,0.7867957924694432,False,True,False,False,True,False,False,False,False,False,False,False
2023-01-28,0,0.0,5,True,1,28,0.0,2.0,0.2857142857142857,0.5,0.7559289460184545,False,True,False,False,True,False,False,False,False,False,False,False
2023-01-29,0,0.0,6,True,1,29,0.0,0.0,0.0,0.5,0.0,False,True,False,False,True,False,False,False,False,False,False,False
2023-01-30,0,0.0,0,False,1,30,0.0,0.0,0.0,0.35714285714285715,0.0,False,True,False,False,True,False,False,False,False,False,False,False
2023-01-31,0,0.0,1,False,1,31,0.0,0.0,0.0,0.35714285714285715,0.0,False,True,False,False,True,False,False,False,False,False,False,False
2023-02-01,0,0.0,2,False,2,1,0.0,0.0,0.0,0.35714285714285715,0.0,False,True,False,False,True,False,False,False,False,False,False,False
2023-02-02,0,0.0,3,False,2,2,0.0,0.0,0.0,0.2857142857142857,0.0,False,True,False,False,True,False,False,False,False,False,False,False
2023-02-03,0,0.0,4,False,2,3,0.0,0.0,0.0,0.21428571428571427,0.0,False,True,False,False,True,False,False,False,False,False,False,False
2023-02-04,0,0.0,5,True,2,4,0.0,0.0,0.0,0.14285714285714285,0.0,False,True,False,False,True,False,False,False,False,False,False,False
2023-02-05,0,0.0,6,True,2,5,0.0,0.0,0.0,0.0,0.0,False,True,False,False,True,False,False,False,False,False,False,False
2023-02-06,0,0.0,0,False,2,6,0.0,0.0,0.0,0.0,0.0,False,True,False,False,True,False,False,False,False,False,False,False
2023-02-07,0,0.0,1,False,2,7,0.0,0.0,0.0,0.0,0.0,False,True,False,False,True,False,False,False,False,False,False,False
2023-02-08,0,0.0,2,False,2,8,0.0,0.0,0.0,0.0,0.0,False,True,False,False,True,False,False,False,False,False,False,False
2023-02-09,0,0.0,3,False,2,9,0.0,0.0,0.0,0.0,0.0,False,True,False,False,True,False,False,False,False,False,False,False
2023-02-10,0,0.0,4,False,2,10,0.0,0.0,0.0,0.0,0.0,False,True,False,False,True,False,False,False,False,False,False,False
2023-02-11,1,28.0,5,True,2,11,0.0,0.0,0.0,0.0,0.0,False,True,False,False,True,False,False,False,False,False,False,False
2023-02-12,3,40.0,6,True,2,12,1.0,0.0,0.14285714285714285,0.07142857142857142,0.37796447300922725,False,True,False,False,True,False,False,False,False,False,False,False
2023-02-13,0,0.0,0,False,2,13,3.0,0.0,0.5714285714285714,0.2857142857142857,1.1338934190276817,False,True,False,False,True,False,False,False,False,False,False,False
2023-02-14,0,0.0,1,False,2,14,0.0,0.0,0.5714285714285714,0.2857142857142857,1.1338934190276817,False,True,False,False,True,False,False,False,False,False,False,False
2023-02-15,1,12.0,2,False,2,15,0.0,0.0,0.5714285714285714,0.2857142857142857,1.1338934190276817,False,True,False,False,True,False,False,False,False,False,False,False
2023-02-16,2,28.0,3,False,2,16,1.0,0.0,0.7142857142857143,0.35714285714285715,1.1126972805283737,False,True,False,False,True,False,False,False,False,False,False,False
2023-02-17,0,0.0,4,False,2,17,2.0,0.0,1.0,0.5,1.1547005383792515,False,True,False,False,True,False,False,False,False,False,False,False
2023-02-18,1,14.0,5,True,2,18,0.0,1.0,1.0,0.5,1.1547005383792515,False,True,False,False,True,False,False,False,False,False,False,False
2023-02-19,1,12.0,6,True,2,19,1.0,3.0,1.0,0.5714285714285714,1.1547005383792515,False,True,False,False,True,False,False,False,False,False,False,False
2023-02-20,4,84.0,0,False,2,20,1.0,0.0,0.7142857142857143,0.6428571428571429,0.7559289460184545,False,True,False,False,True,False,False,False,False,False,False,False
2023-02-21,1,14.0,1,False,2,21,4.0,0.0,1.2857142857142858,0.9285714285714286,1.3801311186847085,False,True,False,False,True,False,False,False,False,False,False,False
2023-02-22,0,0.0,2,False,2,22,1.0,1.0,1.4285714285714286,1.0,1.2724180205607034,False,True,False,False,True,False,False,False,False,False,False,False
2023-02-23,0,0.0,3,False,2,23,0.0,2.0,1.2857142857142858,1.0,1.3801311186847085,False,True,False,False,True,False,False,False,False,False,False,False
2023-02-24,0,0.0,4,False,2,24,0.0,0.0,1.0,1.0,1.4142135623730951,False,True,False,False,True,False,False,False,False,False,False,False
2023-02-25,0,0.0,5,True,2,25,0.0,1.0,1.0,1.0,1.4142135623730951,False,True,False,False,True,False,False,False,False,False,False,False
2023-02-26,0,0.0,6,True,2,26,0.0,1.0,0.8571428571428571,0.9285714285714286,1.4638501094227998,False,True,False,False,True,False,False,False,False,False,False,False
2023-02-27,0,0.0,0,False,2,27,0.0,4.0,0.7142857142857143,0.7142857142857143,1.4960264830861913,False,True,False,False,True,False,False,False,False,False,False,False
2023-02-28,0,0.0,1,False,2,28,0.0,1.0,0.14285714285714285,0.7142857142857143,0.37796447300922775,False,True,False,False,True,False,False,False,False,False,False,False
2023-03-01,0,0.0,2,False,3,1,0.0,0.0,0.0,0.7142857142857143,0.0,False,True,False,False,True,False,False,False,False,False,False,False
2023-03-02,0,0.0,3,False,3,2,0.0,0.0,0.0,0.6428571428571429,0.0,False,True,False,False,True,False,False,False,False,False,False,False
2023-03-03,0,0.0,4,False,3,3,0.0,0.0,0.0,0.5,0.0,False,True,False,False,True,False,False,False,False,False,False,False
2023-03-04,0,0.0,5,True,3,4,0.0,0.0,0.0,0.5,0.0,False,True,False,False,True,False,False,False,False,False,False,False
2023-03-05,0,0.0,6,True,3,5,0.0,0.0,0.0,0.42857142857142855,0.0,False,True,False,False,True,False,False,False,False,False,False,False
2023-03-06,0,0.0,0,False,3,6,0.0,0.0,0.0,0.35714285714285715,0.0,False,True,False,False,True,False,False,False,False,False,False,False
2023-03-07,0,0.0,1,False,3,7,0.0,0.0,0.0,0.07142857142857142,0.0,False,True,False,False,True,False,False,False,False,False,False,False
2023-03-08,0,0.0,2,False,3,8,0.0,0.0,0.0,0.0,0.0,False,True,False,False,True,False,False,False,False,False,False,False
2023-03-09,0,0.0,3,False,3,9,0.0,0.0,0.0,0.0,0.0,False,True,False,False,True,False,False,False,False,False,False,False
2023-03-10,1,12.0,4,False,3,10,0.0,0.0,0.0,0.0,0.0,False,True,False,False,True,False,False,False,False,False,False,False
2023-03-11,2,56.0,5,True,3,11,1.0,0.0,0.14285714285714285,0.07142857142857142,0.37796447300922725,False,True,False,False,True,False,False,False,False,False,False,False
2023-03-12,2,26.0,6,True,3,12,2.0,0.0,0.42857142857142855,0.21428571428571427,0.7867957924694432,False,True,False,False,True,False,False,False,False,False,False,False
2023-03-13,0,0.0,0,False,3,13,2.0,0.0,0.7142857142857143,0.35714285714285715,0.9511897312113419,False,True,False,False,True,False,False,False,False,False,False,False
2023-03-14,0,0.0,1,False,3,14,0.0,0.0,0.7142857142857143,0.35714285714285715,0.9511897312113419,False,True,False,False,True,False,False,False,False,False,False,False
2023-03-15,1,12.0,2,False,3,15,0.0,0.0,0.7142857142857143,0.35714285714285715,0.9511897312113419,False,True,False,False,True,False,False,False,False,False,False,False
2023-03-16,1,14.0,3,False,3,16,1.0,0.0,0.8571428571428571,0.42857142857142855,0.8997354108424375,False,True,False,False,True,False,False,False,False,False,False,False
2023-03-17,0,0.0,4,False,3,17,1.0,1.0,1.0,0.5,0.816496580927726,False,True,False,False,True,False,False,False,False,False,False,False
2023-03-18,1,14.0,5,True,3,18,0.0,2.0,0.8571428571428571,0.5,0.8997354108424375,False,True,False,False,True,False,False,False,False,False,False,False
2023-03-19,0,0.0,6,True,3,19,1.0,2.0,0.7142857142857143,0.5714285714285714,0.7559289460184545,False,True,False,False,True,False,False,False,False,False,False,False
2023-03-20,2,42.0,0,False,3,20,0.0,0.0,0.42857142857142855,0.5714285714285714,0.5345224838248489,False,True,False,False,True,False,False,False,False,False,False,False
2023-03-21,2,42.0,1,False,3,21,2.0,0.0,0.7142857142857143,0.7142857142857143,0.7559289460184545,False,True,False,False,True,False,False,False,False,False,False,False
2023-03-22,0,0.0,2,False,3,22,2.0,1.0,1.0,0.8571428571428571,0.816496580927726,False,True,False,False,True,False,False,False,False,False,False,False
2023-03-23,0,0.0,3,False,3,23,0.0,1.0,0.8571428571428571,0.8571428571428571,0.8997354108424375,False,True,False,False,True,False,False,False,False,False,False,False
2023-03-24,0,0.0,4,False,3,24,0.0,0.0,0.7142857142857143,0.8571428571428571,0.9511897312113419,False,True,False,False,True,False,False,False,False,False,False,False
2023-03-25,0,0.0,5,True,3,25,0.0,1.0,0.7142857142857143,0.7857142857142857,0.9511897312113419,False,True,False,False,True,False,False,False,False,False,False,False
2023-03-26,0,0.0,6,True,3,26,0.0,0.0,0.5714285714285714,0.6428571428571429,0.9759000729485333,False,True,False,False,True,False,False,False,False,False,False,False
2023-03-27,0,0.0,0,False,3,27,0.0,2.0,0.5714285714285714,0.5,0.9759000729485333,False,True,False,False,True,False,False,False,False,False,False,False
2023-03-28,0,0.0,1,False,3,28,0.0,2.0,0.2857142857142857,0.5,0.7559289460184546,False,True,False,False,True,False,False,False,False,False,False,False
2023-03-29,0,0.0,2,False,3,29,0.0,0.0,0.0,0.5,0.0,False,True,False,False,True,False,False,False,False,False,False,False
2023-03-30,1,14.0,3,False,3,30,0.0,0.0,0.0,0.42857142857142855,0.0,False,True,False,False,True,False,False,False,False,False,False,False
2023-03-31,0,0.0,4,False,3,31,1.0,0.0,0.14285714285714285,0.42857142857142855,0.37796447300922725,False,True,False,False,True,False,False,False,False,False,False,False
2023-04-01,0,0.0,5,True,4,1,0.0,0.0,0.14285714285714285,0.42857142857142855,0.37796447300922725,False,True,False,False,True,False,False,False,False,False,False,False
2023-04-02,0,0.0,6,True,4,2,0.0,0.0,0.14285714285714285,0.35714285714285715,0.37796447300922725,False,True,False,False,True,False,False,False,False,False,False,False
2023-04-03,0,0.0,0,False,4,3,0.0,0.0,0.14285714285714285,0.35714285714285715,0.37796447300922725,False,True,False,False,True,False,False,False,False,False,False,False
2023-04-04,0,0.0,1,False,4,4,0.0,0.0,0.14285714285714285,0.21428571428571427,0.37796447300922725,False,True,False,False,True,False,False,False,False,False,False,False
2023-04-05,0,0.0,2,False,4,5,0.0,0.0,0.14285714285714285,0.07142857142857142,0.37796447300922725,False,True,False,False,True,False,False,False,False,False,False,False
2023-04-06,0,0.0,3,False,4,6,0.0,1.0,0.14285714285714285,0.07142857142857142,0.37796447300922725,False,True,False,False,True,False,False,False,False,False,False,False
2023-04-07,0,0.0,4,False,4,7,0.0,0.0,0.0,0.07142857142857142,0.0,False,True,False,False,True,False,False,False,False,False,False,False
2023-04-08,0,0.0,5,True,4,8,0.0,0.0,0.0,0.07142857142857142,0.0,False,True,False,False,True,False,False,False,False,False,False,False
2023-04-09,0,0.0,6,True,4,9,0.0,0.0,0.0,0.07142857142857142,0.0,False,True,False,False,True,False,False,False,False,False,False,False
2023-04-10,1,12.0,0,False,4,10,0.0,0.0,0.0,0.07142857142857142,0.0,False,True,False,False,True,False,False,False,False,False,False,False
2023-04-11,4,66.0,1,False,4,11,1.0,0.0,0.14285714285714285,0.14285714285714285,0.37796447300922725,False,True,False,False,True,False,False,False,False,False,False,False
2023-04-12,3,54.0,2,False,4,12,4.0,0.0,0.7142857142857143,0.42857142857142855,1.4960264830861913,False,True,False,False,True,False,False,False,False,False,False,False
2023-04-13,0,0.0,3,False,4,13,3.0,0.0,1.1428571428571428,0.6428571428571429,1.6761634196950517,False,True,False,False,True,False,False,False,False,False,False,False
2023-04-14,0,0.0,4,False,4,14,0.0,0.0,1.1428571428571428,0.5714285714285714,1.6761634196950517,False,True,False,False,True,False,False,False,False,False,False,False
2023-04-15,2,26.0,5,True,4,15,0.0,0.0,1.1428571428571428,0.5714285714285714,1.6761634196950517,False,True,False,False,True,False,False,False,False,False,False,False
2023-04-16,3,42.0,6,True,4,16,2.0,0.0,1.4285714285714286,0.7142857142857143,1.618347187425374,False,True,False,False,True,False,False,False,False,False,False,False
2023-04-17,1,14.0,0,False,4,17,3.0,1.0,1.8571428571428572,0.9285714285714286,1.5735915849388864,False,True,False,False,True,False,False,False,False,False,False,False
2023-04-18,3,42.0,1,False,4,18,1.0,4.0,1.8571428571428572,1.0,1.5735915849388864,False,True,False,False,True,False,False,False,False,False,False,False
2023-04-19,1,14.0,2,False,4,19,3.0,3.0,1.7142857142857142,1.2142857142857142,1.3801311186847085,False,True,False,False,True,False,False,False,False,False,False,False
2023-04-20,4,56.0,3,False,4,20,1.0,0.0,1.4285714285714286,1.2857142857142858,1.2724180205607034,False,True,False,False,True,False,False,False,False,False,False,False
2023-04-21,2,28.0,4,False,4,21,4.0,0.0,2.0,1.5714285714285714,1.414213562373095,False,True,False,False,True,False,False,False,False,False,False,False
2023-04-22,0,0.0,5,True,4,22,2.0,2.0,2.2857142857142856,1.7142857142857142,1.1126972805283735,False,True,False,False,True,False,False,False,False,False,False,False
2023-04-23,0,0.0,6,True,4,23,0.0,3.0,2.0,1.7142857142857142,1.4142135623730951,False,True,False,False,True,False,False,False,False,False,False,False
2023-04-24,0,0.0,0,False,4,24,0.0,1.0,1.5714285714285714,1.7142857142857142,1.511857892036909,False,True,False,False,True,False,False,False,False,False,False,False
2023-04-25,0,0.0,1,False,4,25,0.0,3.0,1.4285714285714286,1.6428571428571428,1.6183471874253743,False,True,False,False,True,False,False,False,False,False,False,False
2023-04-26,0,0.0,2,False,4,26,0.0,1.0,1.0,1.3571428571428572,1.527525231651947,False,True,False,False,True,False,False,False,False,False,False,False
2023-04-27,0,0.0,3,False,4,27,0.0,4.0,0.8571428571428571,1.1428571428571428,1.5735915849388868,False,True,False,False,True,False,False,False,False,False,False,False
2023-04-28,0,0.0,4,False,4,28,0.0,2.0,0.2857142857142857,1.1428571428571428,0.755928946018456,False,True,False,False,True,False,False,False,False,False,False,False
2023-04-29,0,0.0,5,True,4,29,0.0,0.0,0.0,1.1428571428571428,0.0,False,True,False,False,True,False,False,False,False,False,False,False
2023-04-30,0,0.0,6,True,4,30,0.0,0.0,0.0,1.0,0.0,False,True,False,False,True,False,False,False,False,False,False,False
2023-05-01,0,0.0,0,False,5,1,0.0,0.0,0.0,0.7857142857142857,0.0,False,True,False,False,True,False,False,False,False,False,False,False
2023-05-02,0,0.0,1,False,5,2,0.0,0.0,0.0,0.7142857142857143,0.0,False,True,False,False,True,False,False,False,False,False,False,False
2023-05-03,0,0.0,2,False,5,3,0.0,0.0,0.0,0.5,0.0,False,True,False,False,True,False,False,False,False,False,False,False
2023-05-04,0,0.0,3,False,5,4,0.0,0.0,0.0,0.42857142857142855,0.0,False,True,False,False,True,False,False,False,False,False,False,False
2023-05-05,0,0.0,4,False,5,5,0.0,0.0,0.0,0.14285714285714285,0.0,False,True,False,False,True,False,False,False,False,False,False,False
2023-05-06,0,0.0,5,True,5,6,0.0,0.0,0.0,0.0,0.0,False,True,False,False,True,False,False,False,False,False,False,False
2023-05-07,0,0.0,6,True,5,7,0.0,0.0,0.0,0.0,0.0,False,True,False,False,True,False,False,False,False,False,False,False
2023-05-08,0,0.0,0,False,5,8,0.0,0.0,0.0,0.0,0.0,False,True,False,False,True,False,False,False,False,False,False,False
2023-05-09,0,0.0,1,False,5,9,0.0,0.0,0.0,0.0,0.0,False,True,False,False,True,False,False,False,False,False,False,False
2023-05-10,2,24.0,2,False,5,10,0.0,0.0,0.0,0.0,0.0,False,True,False,False,True,False,False,False,False,False,False,False
2023-05-11,5,96.0,3,False,5,11,2.0,0.0,0.2857142857142857,0.14285714285714285,0.7559289460184545,False,True,False,False,True,False,False,False,False,False,False,False
2023-05-12,2,42.0,4,False,5,12,5.0,0.0,1.0,0.5,1.9148542155126762,False,True,False,False,True,False,False,False,False,False,False,False
2023-05-13,0,0.0,5,True,5,13,2.0,0.0,1.2857142857142858,0.6428571428571429,1.889822365046136,False,True,False,False,True,False,False,False,False,False,False,False
2023-05-14,0,0.0,6,True,5,14,0.0,0.0,1.2857142857142858,0.6428571428571429,1.889822365046136,False,True,False,False,True,False,False,False,False,False,False,False
2023-05-15,2,42.0,0,False,5,15,0.0,0.0,1.2857142857142858,0.6428571428571429,1.889822365046136,False,True,False,False,True,False,False,False,False,False,False,False
2023-05-16,1,14.0,1,False,5,16,2.0,0.0,1.5714285714285714,0.7857142857142857,1.8126539343499315,False,True,False,False,True,False,False,False,False,False,False,False
2023-05-17,0,0.0,2,False,5,17,1.0,2.0,1.7142857142857142,0.8571428571428571,1.7043362064926935,False,True,False,False,True,False,False,False,False,False,False,False
2023-05-18,3,42.0,3,False,5,18,0.0,5.0,1.4285714285714286,0.8571428571428571,1.8126539343499315,False,True,False,False,True,False,False,False,False,False,False,False
2023-05-19,2,26.0,4,False,5,19,3.0,2.0,1.1428571428571428,1.0714285714285714,1.2149857925879117,False,True,False,False,True,False,False,False,False,False,False,False
2023-05-20,5,98.0,5,True,5,20,2.0,0.0,1.1428571428571428,1.2142857142857142,1.2149857925879117,False,True,False,False,True,False,False,False,False,False,False,False
2023-05-21,4,68.0,6,True,5,21,5.0,0.0,1.8571428571428572,1.5714285714285714,1.7728105208558367,False,True,False,False,True,False,False,False,False,False,False,False
2023-05-22,0,0.0,0,False,5,22,4.0,2.0,2.4285714285714284,1.8571428571428572,1.7182493859684491,False,True,False,False,True,False,False,False,False,False,False,False
2023-05-23,0,0.0,1,False,5,23,0.0,1.0,2.142857142857143,1.8571428571428572,1.9518001458970662,False,True,False,False,True,False,False,False,False,False,False,False
2023-05-24,0,0.0,2,False,5,24,0.0,0.0,2.0,1.8571428571428572,2.0816659994661326,False,True,False,False,True,False,False,False,False,False,False,False
2023-05-25,0,0.0,3,False,5,25,0.0,3.0,2.0,1.7142857142857142,2.0816659994661326,False,True,False,False,True,False,False,False,False,False,False,False
2023-05-26,0,0.0,4,False,5,26,0.0,2.0,1.5714285714285714,1.3571428571428572,2.14919697074224,False,True,False,False,True,False,False,False,False,False,False,False
2023-05-27,0,0.0,5,True,5,27,0.0,5.0,1.2857142857142858,1.2142857142857142,2.214669705568283,False,True,False,False,True,False,False,False,False,False,False,False
2023-05-28,0,0.0,6,True,5,28,0.0,4.0,0.5714285714285714,1.2142857142857142,1.5118578920369092,False,True,False,False,True,False,False,False,False,False,False,False
2023-05-29,0,0.0,0,False,5,29,0.0,0.0,0.0,1.2142857142857142,0.0,False,True,False,False,True,False,False,False,False,False,False,False
2023-05-30,1,14.0,1,False,5,30,0.0,0.0,0.0,1.0714285714285714,0.0,False,True,False,False,True,False,False,False,False,False,False,False
2023-05-31,3,52.0,2,False,5,31,1.0,0.0,0.14285714285714285,1.0714285714285714,0.37796447300922725,False,True,False,False,True,False,False,False,False,False,False,False
2023-06-01,0,0.0,3,False,6,1,3.0,0.0,0.5714285714285714,1.2857142857142858,1.1338934190276817,False,True,False,False,True,False,False,False,False,False,False,False
2023-06-02,0,0.0,4,False,6,2,0.0,0.0,0.5714285714285714,1.0714285714285714,1.1338934190276817,False,True,False,False,True,False,False,False,False,False,False,False
2023-06-03,0,0.0,5,True,6,3,0.0,0.0,0.5714285714285714,0.9285714285714286,1.1338934190276817,False,True,False,False,True,False,False,False,False,False,False,False
2023-06-04,0,0.0,6,True,6,4,0.0,0.0,0.5714285714285714,0.5714285714285714,1.1338934190276817,False,True,False,False,True,False,False,False,False,False,False,False
2023-06-05,0,0.0,0,False,6,5,0.0,0.0,0.5714285714285714,0.2857142857142857,1.1338934190276817,False,True,False,False,True,False,False,False,False,False,False,False
2023-06-06,0,0.0,1,False,6,6,0.0,1.0,0.5714285714285714,0.2857142857142857,1.1338934190276817,False,True,False,False,True,False,False,False,False,False,False,False
2023-06-07,0,0.0,2,False,6,7,0.0,3.0,0.42857142857142855,0.2857142857142857,1.1338934190276817,False,True,False,False,True,False,False,False,False,False,False,False
2023-06-08,0,0.0,3,False,6,8,0.0,0.0,0.0,0.2857142857142857,0.0,False,True,False,False,True,False,False,False,False,False,False,False
2023-06-09,0,0.0,4,False,6,9,0.0,0.0,0.0,0.2857142857142857,0.0,False,True,False,False,True,False,False,False,False,False,False,False
2023-06-10,2,26.0,5,True,6,10,0.0,0.0,0.0,0.2857142857142857,0.0,False,True,False,False,True,False,False,False,False,False,False,False
2023-06-11,4,66.0,6,True,6,11,2.0,0.0,0.2857142857142857,0.42857142857142855,0.7559289460184545,False,True,False,False,True,False,False,False,False,False,False,False
2023-06-12,3,40.0,0,False,6,12,4.0,0.0,0.8571428571428571,0.7142857142857143,1.5735915849388864,False,True,False,False,True,False,False,False,False,False,False,False
2023-06-13,0,0.0,1,False,6,13,3.0,0.0,1.2857142857142858,0.9285714285714286,1.7043362064926935,False,True,False,False,True,False,False,False,False,False,False,False
2023-06-14,0,0.0,2,False,6,14,0.0,0.0,1.2857142857142858,0.8571428571428571,1.7043362064926935,False,True,False,False,True,False,False,False,False,False,False,False
2023-06-15,3,54.0,3,False,6,15,0.0,0.0,1.2857142857142858,0.6428571428571429,1.7043362064926935,False,True,False,False,True,False,False,False,False,False,False,False
2023-06-16,3,42.0,4,False,6,16,3.0,0.0,1.7142857142857142,0.8571428571428571,1.7043362064926935,False,True,False,False,True,False,False,False,False,False,False,False
2023-06-17,0,0.0,5,True,6,17,3.0,2.0,2.142857142857143,1.0714285714285714,1.5735915849388864,False,True,False,False,True,False,False,False,False,False,False,False
2023-06-18,3,42.0,6,True,6,18,0.0,4.0,1.8571428571428572,1.0714285714285714,1.7728105208558367,False,True,False,False,True,False,False,False,False,False,False,False
2023-06-19,2,26.0,0,False,6,19,3.0,3.0,1.7142857142857142,1.2857142857142858,1.6035674514745464,False,True,False,False,True,False,False,False,False,False,False,False
2023-06-20,3,56.0,1,False,6,20,2.0,0.0,1.5714285714285714,1.4285714285714286,1.5118578920369088,False,True,False,False,True,False,False,False,False,False,False,False
2023-06-21,4,68.0,2,False,6,21,3.0,0.0,2.0,1.6428571428571428,1.414213562373095,False,True,False,False,True,False,False,False,False,False,False,False
2023-06-22,0,0.0,3,False,6,22,4.0,3.0,2.5714285714285716,1.9285714285714286,1.2724180205607034,False,True,False,False,True,False,False,False,False,False,False,False
2023-06-23,0,0.0,4,False,6,23,0.0,3.0,2.142857142857143,1.9285714285714286,1.5735915849388862,False,True,False,False,True,False,False,False,False,False,False,False
2023-06-24,0,0.0,5,True,6,24,0.0,0.0,1.7142857142857142,1.9285714285714286,1.704336206492693,False,True,False,False,True,False,False,False,False,False,False,False
2023-06-25,0,0.0,6,True,6,25,0.0,3.0,1.7142857142857142,1.7857142857142858,1.704336206492693,False,True,False,False,True,False,False,False,False,False,False,False
2023-06-26,0,0.0,0,False,6,26,0.0,2.0,1.2857142857142858,1.5,1.704336206492693,False,True,False,False,True,False,False,False,False,False,False,False
2023-06-27,0,0.0,1,False,6,27,0.0,3.0,1.0,1.2857142857142858,1.7320508075688772,False,True,False,False,True,False,False,False,False,False,False,False
2023-06-28,0,0.0,2,False,6,28,0.0,4.0,0.5714285714285714,1.2857142857142858,1.5118578920369088,False,True,False,False,True,False,False,False,False,False,False,False
2023-06-29,0,0.0,3,False,6,29,0.0,0.0,0.0,1.2857142857142858,0.0,False,True,False,False,True,False,False,False,False,False,False,False
2023-06-30,0,0.0,4,False,6,30,0.0,0.0,0.0,1.0714285714285714,0.0,False,True,False,False,True,False,False,False,False,False,False,False
2023-01-15,84,259.55,6,True,1,15,128.0,122.0,119.42857142857143,124.35714285714286,22.419166969783856,False,True,False,False,False,True,False,False,False,False,False,False
2023-01-16,120,360.45,0,False,1,16,84.0,100.0,114.0,120.85714285714286,26.00640946638603,False,True,False,False,False,True,False,False,False,False,False,False
2023-01-17,79,239.85,1,False,1,17,120.0,111.0,116.85714285714286,119.85714285714286,25.301044586001918,False,True,False,False,False,True,False,False,False,False,False,False
2023-01-18,88,267.2,2,False,1,18,79.0,113.0,112.28571428571429,117.35714285714286,29.135970241348776,False,True,False,False,False,True,False,False,False,False,False,False
2023-01-19,120,353.35,3,False,1,19,88.0,98.0,108.71428571428571,114.35714285714286,30.532574330345852,False,True,False,False,False,True,False,False,False,False,False,False
2023-01-20,122,362.75,4,False,1,20,120.0,164.0,111.85714285714286,115.14285714285714,30.377780100091634,False,True,False,False,False,True,False,False,False,False,False,False
2023-01-21,121,358.7,5,True,1,21,122.0,128.0,105.85714285714286,114.14285714285714,21.090507907813006,False,True,False,False,False,True,False,False,False,False,False,False
2023-01-22,81,243.05,6,True,1,22,121.0,84.0,104.85714285714286,112.14285714285714,20.003571109750784,False,True,False,False,False,True,False,False,False,False,False,False
2023-01-23,130,388.0,0,False,1,23,81.0,120.0,104.42857142857143,109.21428571428571,20.549591584401703,False,True,False,False,False,True,False,False,False,False,False,False
2023-01-24,95,275.6,1,False,1,24,130.0,79.0,105.85714285714286,111.35714285714286,22.101497471352246,False,True,False,False,False,True,False,False,False,False,False,False
2023-01-25,114,330.0,2,False,1,25,95.0,88.0,108.14285714285714,110.21428571428571,19.539946873252322,False,True,False,False,False,True,False,False,False,False,False,False
2023-01-26,111,335.6,3,False,1,26,114.0,120.0,111.85714285714286,110.28571428571429,17.430132638896453,False,True,False,False,False,True,False,False,False,False,False,False
2023-01-27,119,353.75,4,False,1,27,111.0,122.0,110.57142857142857,111.21428571428571,17.057326313123653,False,True,False,False,False,True,False,False,False,False,False,False
2023-01-28,99,299.75,5,True,1,28,119.0,121.0,110.14285714285714,108.0,16.75737222268227,False,True,False,False,False,True,False,False,False,False,False,False
2023-01-29,99,299.05,6,True,1,29,99.0,81.0,107.0,105.92857142857143,16.441816606851344,False,True,False,False,False,True,False,False,False,False,False,False
2023-01-30,99,292.05,0,False,1,30,99.0,130.0,109.57142857142857,107.0,12.673557023150488,False,True,False,False,False,True,False,False,False,False,False,False
2023-01-31,84,246.15,1,False,1,31,99.0,95.0,105.14285714285714,105.5,9.317162862670317,False,True,False,False,False,True,False,False,False,False,False,False
2023-02-01,119,371.3,2,False,2,1,84.0,114.0,103.57142857142857,105.85714285714286,11.886366740333788,False,True,False,False,False,True,False,False,False,False,False,False
2023-02-02,131,390.65,3,False,2,2,119.0,111.0,104.28571428571429,108.07142857142857,12.737271891503859,False,True,False,False,False,True,False,False,False,False,False,False
2023-02-03,111,332.1,4,False,2,3,131.0,119.0,107.14285714285714,108.85714285714286,16.252472339396743,False,True,False,False,False,True,False,False,False,False,False,False
2023-02-04,143,410.90000000000003,5,True,2,4,111.0,99.0,106.0,108.07142857142857,15.545631755147996,False,True,False,False,False,True,False,False,False,False,False,False
2023-02-05,84,244.3,6,True,2,5,143.0,99.0,112.28571428571429,109.64285714285714,20.385569125521805,False,True,False,False,False,True,False,False,False,False,False,False
2023-02-06,138,407.45,0,False,2,6,84.0,99.0,110.14285714285714,109.85714285714286,22.674718457852048,False,True,False,False,False,True,False,False,False,False,False,False
2023-02-07,123,355.05,1,False,2,7,138.0,84.0,115.71428571428571,110.42857142857143,24.21923674626077,False,True,False,False,False,True,False,False,False,False,False,False
2023-02-08,144,441.95,2,False,2,8,123.0,119.0,121.28571428571429,112.42857142857143,19.788163850429083,False,True,False,False,False,True,False,False,False,False,False,False
2023-02-09,114,344.4,3,False,2,9,144.0,131.0,124.85714285714286,114.57142857142857,21.489753926220832,False,True,False,False,False,True,False,False,False,False,False,False
2023-02-10,135,399.6,4,False,2,10,114.0,111.0,122.42857142857143,114.78571428571429,21.639910218984596,False,True,False,False,False,True,False,False,False,False,False,False
2023-02-11,116,377.0,5,True,2,11,135.0,143.0,125.85714285714286,115.92857142857143,21.427619026454085,False,True,False,False,False,True,False,False,False,False,False,False
2023-02-12,112,334.35,6,True,2,12,116.0,84.0,122.0,117.14285714285714,20.223748416156674,False,True,False,False,False,True,False,False,False,False,False,False
2023-02-13,168,488.7,0,False,2,13,112.0,138.0,126.0,118.07142857142857,12.897028081435398,False,True,False,False,False,True,False,False,False,False,False,False
2023-02-14,136,437.15,1,False,2,14,168.0,123.0,130.28571428571428,123.0,20.369211126225824,False,True,False,False,False,True,False,False,False,False,False,False
2023-02-15,84,252.75,2,False,2,15,136.0,144.0,132.14285714285714,126.71428571428571,20.186039494566298,False,True,False,False,False,True,False,False,False,False,False,False
2023-02-16,89,264.3,3,False,2,16,84.0,114.0,123.57142857142857,124.21428571428571,26.165225923332812,False,True,False,False,False,True,False,False,False,False,False,False
2023-02-17,84,246.55,4,False,2,17,89.0,135.0,120.0,121.21428571428571,29.217574619852797,False,True,False,False,False,True,False,False,False,False,False,False
2023-02-18,121,354.1,5,True,2,18,84.0,116.0,112.71428571428571,119.28571428571429,31.148645158948646,False,True,False,False,False,True,False,False,False,False,False,False
2023-02-19,137,407.4,6,True,2,19,121.0,112.0,113.42857142857143,117.71428571428571,31.293541095339688,False,True,False,False,False,True,False,False,False,False,False,False
2023-02-20,115,357.85,0,False,2,20,137.0,168.0,117.0,121.5,32.50640962435972,False,True,False,False,False,True,False,False,False,False,False,False
2023-02-21,136,412.9,1,False,2,21,115.0,136.0,109.42857142857143,119.85714285714286,23.599838578947534,False,True,False,False,False,True,False,False,False,False,False,False
2023-02-22,116,354.0,2,False,2,22,136.0,84.0,109.42857142857143,120.78571428571429,23.599838578947534,False,True,False,False,False,True,False,False,False,False,False,False
2023-02-23,102,314.75,3,False,2,23,116.0,89.0,114.0,118.78571428571429,20.784609690826514,False,True,False,False,False,True,False,False,False,False,False,False
2023-02-24,104,300.8,4,False,2,24,102.0,84.0,115.85714285714286,117.92857142857143,18.64965210961114,False,True,False,False,False,True,False,False,False,False,False,False
2023-02-25,104,311.95,5,True,2,25,104.0,121.0,118.71428571428571,115.71428571428571,13.877010793806715,False,True,False,False,False,True,False,False,False,False,False,False
2023-02-26,122,361.35,6,True,2,26,104.0,137.0,116.28571428571429,114.85714285714286,14.862865198364727,False,True,False,False,False,True,False,False,False,False,False,False
2023-02-27,119,342.25,0,False,2,27,122.0,115.0,114.14285714285714,115.57142857142857,12.226045578035029,False,True,False,False,False,True,False,False,False,False,False,False
2023-02-28,106,328.5,1,False,2,28,119.0,136.0,114.71428571428571,112.07142857142857,12.36546650574742,False,True,False,False,False,True,False,False,False,False,False,False
2023-03-01,152,486.3,2,False,3,1,106.0,116.0,110.42857142857143,109.92857142857143,8.28366148626602,False,True,False,False,False,True,False,False,False,False,False,False
2023-03-02,159,478.95,3,False,3,2,152.0,102.0,115.57142857142857,114.78571428571429,17.905838366830164,False,True,False,False,False,True,False,False,False,False,False,False
2023-03-03,126,392.05,4,False,3,3,159.0,104.0,123.71428571428571,119.78571428571429,22.95440615447853,False,True,False,False,False,True,False,False,False,False,False,False
2023-03-04,132,403.6,5,True,3,4,126.0,104.0,126.85714285714286,122.78571428571429,21.247969090625823,False,True,False,False,False,True,False,False,False,False,False,False
2023-03-05,138,406.35,6,True,3,5,132.0,122.0,130.85714285714286,123.57142857142857,18.71210456209716,False,True,False,False,False,True,False,False,False,False,False,False
2023-03-06,143,420.75,0,False,3,6,138.0,119.0,133.14285714285714,123.64285714285714,18.42487965974787,False,True,False,False,False,True,False,False,False,False,False,False
2023-03-07,180,547.6,1,False,3,7,143.0,106.0,136.57142857142858,125.64285714285714,17.567556677553313,False,True,False,False,False,True,False,False,False,False,False,False
2023-03-08,153,458.65,2,False,3,8,180.0,152.0,147.14285714285714,128.78571428571428,18.35237106778096,False,True,False,False,False,True,False,False,False,False,False,False
2023-03-09,159,476.25,3,False,3,9,153.0,159.0,147.28571428571428,131.42857142857142,18.400310556385413,False,True,False,False,False,True,False,False,False,False,False,False
2023-03-10,145,445.9,4,False,3,10,159.0,126.0,147.28571428571428,135.5,18.400310556385413,False,True,False,False,False,True,False,False,False,False,False,False
2023-03-11,150,458.85,5,True,3,11,145.0,132.0,150.0,138.42857142857142,15.979153085609171,False,True,False,False,False,True,False,False,False,False,False,False
2023-03-12,150,449.15,6,True,3,12,150.0,138.0,152.57142857142858,141.71428571428572,13.914706163589917,False,True,False,False,False,True,False,False,False,False,False,False
2023-03-13,205,608.4,0,False,3,13,150.0,143.0,154.28571428571428,143.71428571428572,12.486182839633635,False,True,False,False,False,True,False,False,False,False,False,False
2023-03-14,142,447.5,1,False,3,14,205.0,180.0,163.14285714285714,149.85714285714286,21.721176851393746,False,True,False,False,False,True,False,False,False,False,False,False
2023-03-15,112,343.05,2,False,3,15,142.0,153.0,157.71428571428572,152.42857142857142,21.55391910004833,False,True,False,False,False,True,False,False,False,False,False,False
2023-03-16,147,443.75,3,False,3,16,112.0,159.0,151.85714285714286,149.57142857142858,27.733424908273705,False,True,False,False,False,True,False,False,False,False,False,False
2023-03-17,102,316.35,4,False,3,17,147.0,145.0,150.14285714285714,148.71428571428572,27.588817610453265,False,True,False,False,False,True,False,False,False,False,False,False
2023-03-18,129,388.0,5,True,3,18,102.0,150.0,144.0,147.0,33.15116890850153,False,True,False,False,False,True,False,False,False,False,False,False
2023-03-19,131,392.35,6,True,3,19,129.0,150.0,141.0,146.78571428571428,33.466401061363,False,True,False,False,False,True,False,False,False,False,False,False
2023-03-20,135,417.75,0,False,3,20,131.0,205.0,138.28571428571428,146.28571428571428,33.38519774647781,False,True,False,False,False,True,False,False,False,False,False,False
2023-03-21,146,446.1,1,False,3,21,135.0,142.0,128.28571428571428,145.71428571428572,16.059413498156136,False,True,False,False,False,True,False,False,False,False,False,False
2023-03-22,112,333.25,2,False,3,22,146.0,112.0,128.85714285714286,143.28571428571428,16.68760589408163,False,True,False,False,False,True,False,False,False,False,False,False
2023-03-23,135,404.6,3,False,3,23,112.0,147.0,128.85714285714286,140.35714285714286,16.68760589408163,False,True,False,False,False,True,False,False,False,False,False,False
2023-03-24,126,368.8,4,False,3,24,135.0,102.0,127.14285714285714,138.64285714285714,15.049125904057949,False,True,False,False,False,True,False,False,False,False,False,False
2023-03-25,141,426.3,5,True,3,25,126.0,129.0,130.57142857142858,137.28571428571428,10.37396007410118,False,True,False,False,False,True,False,False,False,False,False,False
2023-03-26,118,365.7,6,True,3,26,141.0,131.0,132.28571428571428,136.64285714285714,11.041048949477574,False,True,False,False,False,True,False,False,False,False,False,False
2023-03-27,161,454.2,0,False,3,27,118.0,135.0,130.42857142857142,134.35714285714286,12.313368654395326,False,True,False,False,False,True,False,False,False,False,False,False
2023-03-28,137,424.2,1,False,3,28,161.0,146.0,134.14285714285714,131.21428571428572,16.96494986168606,False,True,False,False,False,True,False,False,False,False,False,False
2023-03-29,117,346.9,2,False,3,29,137.0,112.0,132.85714285714286,130.85714285714286,16.242214252050786,False,True,False,False,False,True,False,False,False,False,False,False
2023-03-30,133,416.15,3,False,3,30,117.0,135.0,133.57142857142858,131.21428571428572,15.251853907608924,False,True,False,False,False,True,False,False,False,False,False,False
2023-03-31,114,347.4,4,False,3,31,133.0,126.0,133.28571428571428,130.21428571428572,15.239360066554408,False,True,False,False,False,True,False,False,False,False,False,False
2023-04-01,193,591.25,5,True,4,1,114.0,141.0,131.57142857142858,131.07142857142858,16.79143772737698,False,True,False,False,False,True,False,False,False,False,False,False
2023-04-02,197,589.6,6,True,4,2,193.0,118.0,139.0,135.64285714285714,28.838631497813218,False,True,False,False,False,True,False,False,False,False,False,False
2023-04-03,154,458.3,0,False,4,3,197.0,161.0,150.28571428571428,140.35714285714286,34.208742964892664,False,True,False,False,False,True,False,False,False,False,False,False
2023-04-04,163,490.5,1,False,4,4,154.0,137.0,149.28571428571428,141.71428571428572,33.944632789854914,False,True,False,False,False,True,False,False,False,False,False,False
2023-04-05,140,416.95,2,False,4,5,163.0,117.0,153.0,142.92857142857142,33.79842205389671,False,True,False,False,False,True,False,False,False,False,False,False
2023-04-06,182,531.05,3,False,4,6,140.0,133.0,156.28571428571428,144.92857142857142,30.690466954817747,False,True,False,False,False,True,False,False,False,False,False,False
2023-04-07,217,657.3,4,False,4,7,182.0,114.0,163.28571428571428,148.28571428571428,30.076093971315945,False,True,False,False,False,True,False,False,False,False,False,False
2023-04-08,199,604.35,5,True,4,8,217.0,193.0,178.0,154.78571428571428,26.98147512646409,False,True,False,False,False,True,False,False,False,False,False,False
2023-04-09,195,587.15,6,True,4,9,199.0,197.0,178.85714285714286,158.92857142857142,27.625040400746162,False,True,False,False,False,True,False,False,False,False,False,False
2023-04-10,169,526.25,0,False,4,10,195.0,154.0,178.57142857142858,164.42857142857142,27.415671569725376,False,True,False,False,False,True,False,False,False,False,False,False
2023-04-11,179,539.75,1,False,4,11,169.0,163.0,180.71428571428572,165.0,25.708068031354724,False,True,False,False,False,True,False,False,False,False,False,False
2023-04-12,187,566.9,2,False,4,12,179.0,140.0,183.0,168.0,24.556058315617378,False,True,False,False,False,True,False,False,False,False,False,False
2023-04-13,224,673.75,3,False,4,13,187.0,182.0,189.71428571428572,173.0,15.649433277430994,False,True,False,False,False,True,False,False,False,False,False,False
2023-04-14,182,561.1,4,False,4,14,224.0,217.0,195.71428571428572,179.5,19.720668393965898,False,True,False,False,False,True,False,False,False,False,False,False
2023-04-15,133,402.45,5,True,4,15,182.0,199.0,190.71428571428572,184.35714285714286,17.764330231433757,False,True,False,False,False,True,False,False,False,False,False,False
2023-04-16,182,555.9,6,True,4,16,133.0,195.0,181.28571428571428,180.07142857142858,27.487659568821602,False,True,False,False,False,True,False,False,False,False,False,False
2023-04-17,111,336.05,0,False,4,17,182.0,169.0,179.42857142857142,179.0,26.8381391733055,False,True,False,False,False,True,False,False,False,False,False,False
2023-04-18,195,587.05,1,False,4,18,111.0,179.0,171.14285714285714,175.92857142857142,37.449648736352515,False,True,False,False,False,True,False,False,False,False,False,False
2023-04-19,170,502.0,2,False,4,19,195.0,187.0,173.42857142857142,178.21428571428572,38.48314411469495,False,True,False,False,False,True,False,False,False,False,False,False
2023-04-20,163,494.15,3,False,4,20,170.0,224.0,171.0,180.35714285714286,38.017539811688664,False,True,False,False,False,True,False,False,False,False,False,False
2023-04-21,182,539.75,4,False,4,21,163.0,182.0,162.28571428571428,179.0,29.98729889866862,False,True,False,False,False,True,False,False,False,False,False,False
2023-04-22,130,396.4,5,True,4,22,182.0,133.0,162.28571428571428,176.5,29.98729889866862,False,True,False,False,False,True,False,False,False,False,False,False
2023-04-23,161,476.45,6,True,4,23,130.0,182.0,161.85714285714286,171.57142857142858,30.492778223860164,False,True,False,False,False,True,False,False,False,False,False,False
2023-04-24,142,422.7,0,False,4,24,161.0,111.0,158.85714285714286,169.14285714285714,29.185776052891246,False,True,False,False,False,True,False,False,False,False,False,False
2023-04-25,160,487.65,1,False,4,25,142.0,195.0,163.28571428571428,167.21428571428572,22.238961949052964,False,True,False,False,False,True,False,False,False,False,False,False
2023-04-26,186,565.1,2,False,4,26,160.0,170.0,158.28571428571428,165.85714285714286,17.308131862550173,False,True,False,False,False,True,False,False,False,False,False,False
2023-04-27,199,588.95,3,False,4,27,186.0,163.0,160.57142857142858,165.78571428571428,19.96544634159337,False,True,False,False,False,True,False,False,False,False,False,False
2023-04-28,170,510.85,4,False,4,28,199.0,182.0,165.71428571428572,164.0,24.756913416352205,False,True,False,False,False,True,False,False,False,False,False,False
2023-04-29,155,460.4,5,True,4,29,170.0,130.0,164.0,163.14285714285714,23.839742727918242,False,True,False,False,False,True,False,False,False,False,False,False
2023-04-30,130,391.55,6,True,4,30,155.0,161.0,167.57142857142858,164.71428571428572,19.34646516254875,False,True,False,False,False,True,False,False,False,False,False,False
2023-05-01,226,695.85,0,False,5,1,130.0,142.0,163.14285714285714,161.0,24.072311697803094,False,True,False,False,False,True,False,False,False,False,False,False
2023-05-02,234,702.55,1,False,5,2,226.0,160.0,175.14285714285714,169.21428571428572,31.551167814776523,False,True,False,False,False,True,False,False,False,False,False,False
2023-05-03,217,653.05,2,False,5,3,234.0,186.0,185.71428571428572,172.0,37.47316500161278,False,True,False,False,False,True,False,False,False,False,False,False
2023-05-04,221,675.4,3,False,5,4,217.0,199.0,190.14285714285714,175.35714285714286,39.299824305920154,False,True,False,False,False,True,False,False,False,False,False,False
2023-05-05,203,607.05,4,False,5,5,221.0,170.0,193.28571428571428,179.5,40.97037257057143,False,True,False,False,False,True,False,False,False,False,False,False
2023-05-06,230,679.55,5,True,5,6,203.0,155.0,198.0,181.0,39.72404813208246,False,True,False,False,False,True,False,False,False,False,False,False
2023-05-07,268,820.85,6,True,5,7,230.0,130.0,208.71428571428572,188.14285714285714,36.146527199323515,False,True,False,False,False,True,False,False,False,False,False,False
2023-05-08,245,736.9,0,False,5,8,268.0,226.0,228.42857142857142,195.78571428571428,20.15653031366568,False,True,False,False,False,True,False,False,False,False,False,False
2023-05-09,250,765.75,1,False,5,9,245.0,234.0,231.14285714285714,203.14285714285714,21.03511802857783,False,True,False,False,False,True,False,False,False,False,False,False
2023-05-10,221,672.15,2,False,5,10,250.0,217.0,233.42857142857142,209.57142857142858,22.232537288526565,False,True,False,False,False,True,False,False,False,False,False,False
2023-05-11,227,682.9,3,False,5,11,221.0,221.0,234.0,212.07142857142858,21.786846184491154,False,True,False,False,False,True,False,False,False,False,False,False
2023-05-12,219,656.05,4,False,5,12,227.0,203.0,234.85714285714286,214.07142857142858,21.30280553846216,False,True,False,False,False,True,False,False,False,False,False,False
2023-05-13,282,843.5,5,True,5,13,219.0,230.0,237.14285714285714,217.57142857142858,17.90184880050664,False,True,False,False,False,True,False,False,False,False,False,False
2023-05-14,227,718.25,6,True,5,14,282.0,268.0,244.57142857142858,226.64285714285714,24.144406825440818,False,True,False,False,False,True,False,False,False,False,False,False
2023-05-15,157,474.2,0,False,5,15,227.0,245.0,238.71428571428572,233.57142857142858,22.425538163102633,False,True,False,False,False,True,False,False,False,False,False,False
2023-05-16,212,643.85,1,False,5,16,157.0,250.0,226.14285714285714,228.64285714285714,37.746649173264785,False,True,False,False,False,True,False,False,False,False,False,False
2023-05-17,138,420.8,2,False,5,17,212.0,221.0,220.71428571428572,227.07142857142858,36.45414601804256,False,True,False,False,False,True,False,False,False,False,False,False
2023-05-18,232,709.75,3,False,5,18,138.0,227.0,208.85714285714286,221.42857142857142,48.01190328598585,False,True,False,False,False,True,False,False,False,False,False,False
2023-05-19,218,667.3,4,False,5,19,232.0,219.0,209.57142857142858,222.21428571428572,48.362716848336625,False,True,False,False,False,True,False,False,False,False,False,False
2023-05-20,226,692.2,5,True,5,20,218.0,282.0,209.42857142857142,223.28571428571428,48.33169126931504,False,True,False,False,False,True,False,False,False,False,False,False
2023-05-21,235,702.6,6,True,5,21,226.0,227.0,201.42857142857142,223.0,37.805895231904174,False,True,False,False,False,True,False,False,False,False,False,False
2023-05-22,197,600.65,0,False,5,22,235.0,157.0,202.57142857142858,220.64285714285714,38.81519093884569,False,True,False,False,False,True,False,False,False,False,False,False
2023-05-23,235,700.5,1,False,5,23,197.0,212.0,208.28571428571428,217.21428571428572,33.57933037705533,False,True,False,False,False,True,False,False,False,False,False,False
2023-05-24,188,548.0,2,False,5,24,235.0,138.0,211.57142857142858,216.14285714285714,35.09443043588328,False,True,False,False,False,True,False,False,False,False,False,False
2023-05-25,180,526.8,3,False,5,25,188.0,232.0,218.71428571428572,213.78571428571428,19.041308478448485,False,True,False,False,False,True,False,False,False,False,False,False
2023-05-26,199,606.0,4,False,5,26,180.0,218.0,211.28571428571428,210.42857142857142,22.772163458297758,False,True,False,False,False,True,False,False,False,False,False,False
2023-05-27,237,713.1,5,True,5,27,199.0,226.0,208.57142857142858,209.0,22.96995967821994,False,True,False,False,False,True,False,False,False,False,False,False
2023-05-28,193,597.55,6,True,5,28,237.0,235.0,210.14285714285714,205.78571428571428,24.67406581432267,False,True,False,False,False,True,False,False,False,False,False,False
2023-05-29,173,524.6,0,False,5,29,193.0,197.0,204.14285714285714,203.35714285714286,22.645298050799077,False,True,False,False,False,True,False,False,False,False,False,False
2023-05-30,179,562.9,1,False,5,30,173.0,235.0,200.71428571428572,204.5,25.53895250863071,False,True,False,False,False,True,False,False,False,False,False,False
2023-05-31,172,522.7,2,False,5,31,179.0,188.0,192.71428571428572,202.14285714285714,21.453160495323115,False,True,False,False,False,True,False,False,False,False,False,False
2023-06-01,275,849.65,3,False,6,1,172.0,180.0,190.42857142857142,204.57142857142858,22.84627717927753,False,True,False,False,False,True,False,False,False,False,False,False
2023-06-02,254,757.6,4,False,6,2,275.0,199.0,204.0,207.64285714285714,38.48376280978773,False,True,False,False,False,True,False,False,False,False,False,False
2023-06-03,216,644.05,5,True,6,3,254.0,237.0,211.85714285714286,210.21428571428572,42.678755727834826,False,True,False,False,False,True,False,False,False,False,False,False
2023-06-04,272,829.8,6,True,6,4,216.0,193.0,208.85714285714286,209.5,41.33371735612698,False,True,False,False,False,True,False,False,False,False,False,False
2023-06-05,214,638.45,0,False,6,5,272.0,173.0,220.14285714285714,212.14285714285714,46.716979680585055,False,True,False,False,False,True,False,False,False,False,False,False
2023-06-06,263,768.8,1,False,6,6,214.0,179.0,226.0,213.35714285714286,42.170289699423954,False,True,False,False,False,True,False,False,False,False,False,False
2023-06-07,296,901.15,2,False,6,7,263.0,172.0,238.0,215.35714285714286,38.34492578338555,False,True,False,False,False,True,False,False,False,False,False,False
2023-06-08,268,797.5,3,False,6,8,296.0,275.0,255.71428571428572,223.07142857142858,30.641552863795596,False,True,False,False,False,True,False,False,False,False,False,False
2023-06-09,275,845.5,4,False,6,9,268.0,254.0,254.71428571428572,229.35714285714286,30.015075577195866,False,True,False,False,False,True,False,False,False,False,False,False
2023-06-10,244,739.15,5,True,6,10,275.0,216.0,257.7142857142857,234.78571428571428,30.966187396978352,False,True,False,False,False,True,False,False,False,False,False,False
2023-06-11,258,787.55,6,True,6,11,244.0,272.0,261.7142857142857,235.28571428571428,26.1069230008335,False,True,False,False,False,True,False,False,False,False,False,False
2023-06-12,236,712.6,0,False,6,12,258.0,214.0,259.7142857142857,239.92857142857142,25.721030861368064,False,True,False,False,False,True,False,False,False,False,False,False
2023-06-13,344,1024.4,1,False,6,13,236.0,263.0,262.85714285714283,244.42857142857142,19.886583177514726,False,True,False,False,False,True,False,False,False,False,False,False
2023-06-14,267,856.7,2,False,6,14,344.0,296.0,274.42857142857144,256.2142857142857,36.55980097893139,False,True,False,False,False,True,False,False,False,False,False,False
2023-06-15,203,614.25,3,False,6,15,267.0,268.0,270.2857142857143,263.0,35.33041317672522,False,True,False,False,False,True,False,False,False,False,False,False
2023-06-16,237,719.9,4,False,6,16,203.0,275.0,261.0,257.85714285714283,43.604281135381115,False,True,False,False,False,True,False,False,False,False,False,False
2023-06-17,164,490.55,5,True,6,17,237.0,244.0,255.57142857142858,256.64285714285717,43.93501694873614,False,True,False,False,False,True,False,False,False,False,False,False
2023-06-18,263,785.75,6,True,6,18,164.0,258.0,244.14285714285714,252.92857142857142,56.15285261803597,False,True,False,False,False,True,False,False,False,False,False,False
2023-06-19,236,726.15,0,False,6,19,263.0,236.0,244.85714285714286,252.28571428571428,56.38979982061948,False,True,False,False,False,True,False,False,False,False,False,False
2023-06-20,231,704.8,1,False,6,20,236.0,344.0,244.85714285714286,253.85714285714286,56.38979982061948,False,True,False,False,False,True,False,False,False,False,False,False
2023-06-21,252,756.9,2,False,6,21,231.0,267.0,228.71428571428572,251.57142857142858,35.6310458528996,False,True,False,False,False,True,False,False,False,False,False,False
2023-06-22,200,620.95,3,False,6,22,252.0,203.0,226.57142857142858,248.42857142857142,33.32095008077828,False,True,False,False,False,True,False,False,False,False,False,False
2023-06-23,266,808.9,4,False,6,23,200.0,237.0,226.14285714285714,243.57142857142858,33.691881175482926,False,True,False,False,False,True,False,False,False,False,False,False
2023-06-24,228,676.15,5,True,6,24,266.0,164.0,230.28571428571428,242.92857142857142,36.88140581970949,False,True,False,False,False,True,False,False,False,False,False,False
2023-06-25,228,672.7,6,True,6,25,228.0,263.0,239.42857142857142,241.78571428571428,23.04963588184692,False,True,False,False,False,True,False,False,False,False,False,False
2023-06-26,241,732.6,0,False,6,26,228.0,236.0,234.42857142857142,239.64285714285714,20.76741953844344,False,True,False,False,False,True,False,False,False,False,False,False
2023-06-27,247,729.15,1,False,6,27,241.0,231.0,235.14285714285714,240.0,20.91593149912762,False,True,False,False,False,True,False,False,False,False,False,False
2023-06-28,205,614.05,2,False,6,28,247.0,252.0,237.42857142857142,233.07142857142858,21.259171690176235,False,True,False,False,False,True,False,False,False,False,False,False
2023-06-29,218,652.0,3,False,6,29,205.0,200.0,230.71428571428572,228.64285714285714,23.221500710292197,False,True,False,False,False,True,False,False,False,False,False,False
2023-06-30,179,556.15,4,False,6,30,218.0,266.0,233.28571428571428,229.71428571428572,20.03092846670125,False,True,False,False,False,True,False,False,False,False,False,False
2023-01-15,3,57.7,6,True,1,15,7.0,2.0,3.2857142857142856,1.8571428571428572,2.8115408417381924,False,True,False,False,False,False,True,False,False,False,False,False
2023-01-16,4,104.45,0,False,1,16,3.0,4.0,3.4285714285714284,2.0714285714285716,2.7602622373694166,False,True,False,False,False,False,True,False,False,False,False,False
2023-01-17,21,850.5,1,False,1,17,4.0,0.0,3.4285714285714284,2.357142857142857,2.7602622373694166,False,True,False,False,False,False,True,False,False,False,False,False
2023-01-18,4,53.0,2,False,1,18,21.0,1.0,6.428571428571429,3.857142857142857,6.827814263660635,False,True,False,False,False,False,True,False,False,False,False,False
2023-01-19,8,152.75,3,False,1,19,4.0,2.0,6.857142857142857,4.142857142857143,6.51737604225738,False,True,False,False,False,False,True,False,False,False,False,False
2023-01-20,4,108.95,4,False,1,20,8.0,7.0,7.714285714285714,4.714285714285714,6.156684327197709,False,True,False,False,False,False,True,False,False,False,False,False
2023-01-21,5,113.5,5,True,1,21,4.0,7.0,7.285714285714286,5.0,6.317021600783229,False,True,False,False,False,False,True,False,False,False,False,False
2023-01-22,2,29.75,6,True,1,22,5.0,3.0,7.0,5.142857142857143,6.377042156569663,False,True,False,False,False,False,True,False,False,False,False,False
2023-01-23,6,125.5,0,False,1,23,2.0,4.0,6.857142857142857,5.142857142857143,6.491753010001008,False,True,False,False,False,False,True,False,False,False,False,False
2023-01-24,6,111.7,1,False,1,24,6.0,21.0,7.142857142857143,5.285714285714286,6.3882332306768355,False,True,False,False,False,False,True,False,False,False,False,False
2023-01-25,1,45.0,2,False,1,25,6.0,4.0,5.0,5.714285714285714,1.9148542155126778,False,True,False,False,False,False,True,False,False,False,False,False
2023-01-26,3,53.2,3,False,1,26,1.0,8.0,4.571428571428571,5.714285714285714,2.4397501823713346,False,True,False,False,False,False,True,False,False,False,False,False
2023-01-27,1,15.0,4,False,1,27,3.0,4.0,3.857142857142857,5.785714285714286,1.9518001458970684,False,True,False,False,False,False,True,False,False,False,False,False
2023-01-28,0,0.0,5,True,1,28,1.0,5.0,3.4285714285714284,5.357142857142857,2.2253945610567496,False,True,False,False,False,False,True,False,False,False,False,False
2023-01-29,0,0.0,6,True,1,29,0.0,2.0,2.7142857142857144,4.857142857142857,2.4299715851758257,False,True,False,False,False,False,True,False,False,False,False,False
2023-01-30,6,140.75,0,False,1,30,0.0,6.0,2.4285714285714284,4.642857142857143,2.636736799982312,False,True,False,False,False,False,True,False,False,False,False,False
2023-01-31,5,118.4,1,False,1,31,6.0,6.0,2.4285714285714284,4.785714285714286,2.636736799982312,False,True,False,False,False,False,True,False,False,False,False,False
2023-02-01,0,0.0,2,False,2,1,5.0,1.0,2.2857142857142856,3.642857142857143,2.4299715851758257,False,True,False,False,False,False,True,False,False,False,False,False
2023-02-02,0,0.0,3,False,2,2,0.0,3.0,2.142857142857143,3.357142857142857,2.5448360411214095,False,True,False,False,False,False,True,False,False,False,False,False
2023-02-03,0,0.0,4,False,2,3,0.0,1.0,1.7142857142857142,2.7857142857142856,2.6276913640612203,False,True,False,False,False,False,True,False,False,False,False,False
2023-02-04,0,0.0,5,True,2,4,0.0,0.0,1.5714285714285714,2.5,2.6992062325273145,False,True,False,False,False,False,True,False,False,False,False,False
2023-02-05,0,0.0,6,True,2,5,0.0,0.0,1.5714285714285714,2.142857142857143,2.6992062325273145,False,True,False,False,False,False,True,False,False,False,False,False
2023-02-06,0,0.0,0,False,2,6,0.0,6.0,1.5714285714285714,2.0,2.6992062325273145,False,True,False,False,False,False,True,False,False,False,False,False
2023-02-07,3,58.9,1,False,2,7,0.0,5.0,0.7142857142857143,1.5714285714285714,1.8898223650461399,False,True,False,False,False,False,True,False,False,False,False,False
2023-02-08,4,68.2,2,False,2,8,3.0,0.0,0.42857142857142855,1.3571428571428572,1.1338934190276817,False,True,False,False,False,False,True,False,False,False,False,False
2023-02-09,0,0.0,3,False,2,9,4.0,0.0,1.0,1.5714285714285714,1.7320508075688772,False,True,False,False,False,False,True,False,False,False,False,False
2023-02-10,6,98.25,4,False,2,10,0.0,0.0,1.0,1.3571428571428572,1.7320508075688772,False,True,False,False,False,False,True,False,False,False,False,False
2023-02-11,4,74.45,5,True,2,11,6.0,0.0,1.8571428571428572,1.7142857142857142,2.47847879612821,False,True,False,False,False,False,True,False,False,False,False,False
2023-02-12,6,162.0,6,True,2,12,4.0,0.0,2.4285714285714284,2.0,2.4397501823713323,False,True,False,False,False,False,True,False,False,False,False,False
2023-02-13,7,129.45,0,False,2,13,6.0,0.0,3.2857142857142856,2.4285714285714284,2.4976179127511147,False,True,False,False,False,False,True,False,False,False,False,False
2023-02-14,6,108.75,1,False,2,14,7.0,3.0,4.285714285714286,2.5,2.3603873774083284,False,True,False,False,False,False,True,False,False,False,False,False
2023-02-15,3,65.45,2,False,2,15,6.0,4.0,4.714285714285714,2.5714285714285716,2.3603873774083284,False,True,False,False,False,False,True,False,False,False,False,False
2023-02-16,5,81.45,3,False,2,16,3.0,0.0,4.571428571428571,2.7857142857142856,2.439750182371332,False,True,False,False,False,False,True,False,False,False,False,False
2023-02-17,1,19.75,4,False,2,17,5.0,6.0,5.285714285714286,3.142857142857143,1.3801311186847058,False,True,False,False,False,False,True,False,False,False,False,False
2023-02-18,8,162.7,5,True,2,18,1.0,4.0,4.571428571428571,3.2142857142857144,2.0701966780270618,False,True,False,False,False,False,True,False,False,False,False,False
2023-02-19,7,166.2,6,True,2,19,8.0,6.0,5.142857142857143,3.7857142857142856,2.4102953780654777,False,True,False,False,False,False,True,False,False,False,False,False
2023-02-20,4,82.5,0,False,2,20,7.0,7.0,5.285714285714286,4.285714285714286,2.4976179127511138,False,True,False,False,False,False,True,False,False,False,False,False
2023-02-21,2,67.5,1,False,2,21,4.0,6.0,4.857142857142857,4.571428571428571,2.4102953780654777,False,True,False,False,False,False,True,False,False,False,False,False
2023-02-22,2,37.25,2,False,2,22,2.0,3.0,4.285714285714286,4.5,2.5634797778466227,False,True,False,False,False,False,True,False,False,False,False,False
2023-02-23,6,152.5,3,False,2,23,2.0,5.0,4.142857142857143,4.357142857142857,2.6726124191242437,False,True,False,False,False,False,True,False,False,False,False,False
2023-02-24,2,40.2,4,False,2,24,6.0,1.0,4.285714285714286,4.785714285714286,2.751622897751174,False,True,False,False,False,False,True,False,False,False,False,False
2023-02-25,2,35.75,5,True,2,25,2.0,8.0,4.428571428571429,4.5,2.572750982712399,False,True,False,False,False,False,True,False,False,False,False,False
2023-02-26,4,97.75,6,True,2,26,2.0,7.0,3.5714285714285716,4.357142857142857,2.1491969707422403,False,True,False,False,False,False,True,False,False,False,False,False
2023-02-27,0,0.0,0,False,2,27,4.0,4.0,3.142857142857143,4.214285714285714,1.573591584938888,False,True,False,False,False,False,True,False,False,False,False,False
2023-02-28,0,0.0,1,False,2,28,0.0,2.0,2.5714285714285716,3.7142857142857144,1.902379462422686,False,True,False,False,False,False,True,False,False,False,False,False
2023-03-01,0,0.0,2,False,3,1,0.0,2.0,2.2857142857142856,3.2857142857142856,2.138089935299398,False,True,False,False,False,False,True,False,False,False,False,False
2023-03-02,0,0.0,3,False,3,2,0.0,6.0,2.0,3.0714285714285716,2.309401076758506,False,True,False,False,False,False,True,False,False,False,False,False
2023-03-03,0,0.0,4,False,3,3,0.0,2.0,1.1428571428571428,2.7142857142857144,1.5735915849388922,False,True,False,False,False,False,True,False,False,False,False,False
2023-03-04,0,0.0,5,True,3,4,0.0,2.0,0.8571428571428571,2.642857142857143,1.5735915849388926,False,True,False,False,False,False,True,False,False,False,False,False
2023-03-05,0,0.0,6,True,3,5,0.0,4.0,0.5714285714285714,2.0714285714285716,1.5118578920369161,False,True,False,False,False,False,True,False,False,False,False,False
2023-03-06,0,0.0,0,False,3,6,0.0,0.0,0.0,1.5714285714285714,0.0,False,True,False,False,False,False,True,False,False,False,False,False
2023-03-07,2,38.45,1,False,3,7,0.0,0.0,0.0,1.2857142857142858,0.0,False,True,False,False,False,False,True,False,False,False,False,False
2023-03-08,5,91.95,2,False,3,8,2.0,0.0,0.2857142857142857,1.2857142857142858,0.7559289460184545,False,True,False,False,False,False,True,False,False,False,False,False
2023-03-09,6,106.0,3,False,3,9,5.0,0.0,1.0,1.5,1.9148542155126762,False,True,False,False,False,False,True,False,False,False,False,False
2023-03-10,5,72.5,4,False,3,10,6.0,0.0,1.8571428571428572,1.5,2.609506430251477,False,True,False,False,False,False,True,False,False,False,False,False
2023-03-11,2,38.45,5,True,3,11,5.0,0.0,2.5714285714285716,1.7142857142857142,2.699206232527312,False,True,False,False,False,False,True,False,False,False,False,False
2023-03-12,8,200.2,6,True,3,12,2.0,0.0,2.857142857142857,1.7142857142857142,2.4784787961282095,False,True,False,False,False,False,True,False,False,False,False,False
2023-03-13,9,192.0,0,False,3,13,8.0,0.0,4.0,2.0,2.768874620972691,False,True,False,False,False,False,True,False,False,False,False,False
2023-03-14,9,228.0,1,False,3,14,9.0,2.0,5.285714285714286,2.642857142857143,2.690370836538196,False,True,False,False,False,False,True,False,False,False,False,False
2023-03-15,0,0.0,2,False,3,15,9.0,5.0,6.285714285714286,3.2857142857142856,2.563479777846622,False,True,False,False,False,False,True,False,False,False,False,False
2023-03-16,3,86.45,3,False,3,16,0.0,6.0,5.571428571428571,3.2857142857142856,3.505098327538656,False,True,False,False,False,False,True,False,False,False,False,False
2023-03-17,6,121.5,4,False,3,17,3.0,5.0,5.142857142857143,3.5,3.6253078686998625,False,True,False,False,False,False,True,False,False,False,False,False
2023-03-18,7,121.65,5,True,3,18,6.0,2.0,5.285714285714286,3.9285714285714284,3.6384193323605842,False,True,False,False,False,False,True,False,False,False,False,False
2023-03-19,4,49.75,6,True,3,19,7.0,8.0,6.0,4.428571428571429,3.366501646120693,False,True,False,False,False,False,True,False,False,False,False,False
2023-03-20,1,22.5,0,False,3,20,4.0,9.0,5.428571428571429,4.714285714285714,3.309438162646487,False,True,False,False,False,False,True,False,False,False,False,False
2023-03-21,4,129.0,1,False,3,21,1.0,9.0,4.285714285714286,4.785714285714286,3.251373336211727,False,True,False,False,False,False,True,False,False,False,False,False
2023-03-22,4,65.65,2,False,3,22,4.0,0.0,3.5714285714285716,4.928571428571429,2.507132682112036,False,True,False,False,False,False,True,False,False,False,False,False
2023-03-23,6,151.0,3,False,3,23,4.0,3.0,4.142857142857143,4.857142857142857,1.951800145897068,False,True,False,False,False,False,True,False,False,False,False,False
2023-03-24,5,91.75,4,False,3,24,6.0,6.0,4.571428571428571,4.857142857142857,1.9880595947760111,False,True,False,False,False,False,True,False,False,False,False,False
2023-03-25,3,79.75,5,True,3,25,5.0,7.0,4.428571428571429,4.857142857142857,1.9023794624226853,False,True,False,False,False,False,True,False,False,False,False,False
2023-03-26,5,80.65,6,True,3,26,3.0,4.0,3.857142857142857,4.928571428571429,1.5735915849388886,False,True,False,False,False,False,True,False,False,False,False,False
2023-03-27,0,0.0,0,False,3,27,5.0,1.0,4.0,4.714285714285714,1.6329931618554543,False,True,False,False,False,False,True,False,False,False,False,False
2023-03-28,0,0.0,1,False,3,28,0.0,4.0,3.857142857142857,4.071428571428571,1.951800145897068,False,True,False,False,False,False,True,False,False,False,False,False
2023-03-29,0,0.0,2,False,3,29,0.0,4.0,3.2857142857142856,3.4285714285714284,2.4299715851758252,False,True,False,False,False,False,True,False,False,False,False,False
2023-03-30,3,80.75,3,False,3,30,0.0,6.0,2.7142857142857144,3.4285714285714284,2.6903708365381984,False,True,False,False,False,False,True,False,False,False,False,False
2023-03-31,1,45.0,4,False,3,31,3.0,5.0,2.2857142857142856,3.4285714285714284,2.288688541085319,False,True,False,False,False,False,True,False,False,False,False,False
2023-04-01,0,0.0,5,True,4,1,1.0,3.0,1.7142857142857142,3.0714285714285716,1.9760470401187098,False,True,False,False,False,False,True,False,False,False,False,False
2023-04-02,0,0.0,6,True,4,2,0.0,5.0,1.2857142857142858,2.5714285714285716,1.9760470401187098,False,True,False,False,False,False,True,False,False,False,False,False
2023-04-03,0,0.0,0,False,4,3,0.0,0.0,0.5714285714285714,2.2857142857142856,1.1338934190276864,False,True,False,False,False,False,True,False,False,False,False,False
2023-04-04,0,0.0,1,False,4,4,0.0,0.0,0.5714285714285714,2.2142857142857144,1.1338934190276864,False,True,False,False,False,False,True,False,False,False,False,False
2023-04-05,0,0.0,2,False,4,5,0.0,0.0,0.5714285714285714,1.9285714285714286,1.1338934190276864,False,True,False,False,False,False,True,False,False,False,False,False
2023-04-06,0,0.0,3,False,4,6,0.0,3.0,0.5714285714285714,1.6428571428571428,1.1338934190276864,False,True,False,False,False,False,True,False,False,False,False,False
2023-04-07,4,76.9,4,False,4,7,0.0,1.0,0.14285714285714285,1.2142857142857142,0.3779644730092423,False,True,False,False,False,False,True,False,False,False,False,False
2023-04-08,4,90.75,5,True,4,8,4.0,0.0,0.5714285714285714,1.1428571428571428,1.511857892036909,False,True,False,False,False,False,True,False,False,False,False,False
2023-04-09,4,69.75,6,True,4,9,4.0,0.0,1.1428571428571428,1.2142857142857142,1.9518001458970664,False,True,False,False,False,False,True,False,False,False,False,False
2023-04-10,5,92.75,0,False,4,10,4.0,0.0,1.7142857142857142,1.1428571428571428,2.138089935299395,False,True,False,False,False,False,True,False,False,False,False,False
2023-04-11,4,76.2,1,False,4,11,5.0,0.0,2.4285714285714284,1.5,2.29906813420444,False,True,False,False,False,False,True,False,False,False,False,False
2023-04-12,6,142.75,2,False,4,12,4.0,0.0,3.0,1.7857142857142858,2.081665999466133,False,True,False,False,False,False,True,False,False,False,False,False
2023-04-13,7,162.0,3,False,4,13,6.0,0.0,3.857142857142857,2.2142857142857144,1.8644544714716094,False,True,False,False,False,False,True,False,False,False,False,False
2023-04-14,15,343.2,4,False,4,14,7.0,4.0,4.857142857142857,2.5,1.2149857925879128,False,True,False,False,False,False,True,False,False,False,False,False
2023-04-15,2,42.95,5,True,4,15,15.0,4.0,6.428571428571429,3.5,3.952094080237415,False,True,False,False,False,False,True,False,False,False,False,False
2023-04-16,5,125.45,6,True,4,16,2.0,4.0,6.142857142857143,3.642857142857143,4.220133150686577,False,True,False,False,False,False,True,False,False,False,False,False
2023-04-17,20,802.75,0,False,4,17,5.0,5.0,6.285714285714286,4.0,4.1518785191880605,False,True,False,False,False,False,True,False,False,False,False,False
2023-04-18,6,126.2,1,False,4,18,20.0,4.0,8.428571428571429,5.428571428571429,6.553806600166117,False,True,False,False,False,False,True,False,False,False,False,False
2023-04-19,10,191.45,2,False,4,19,6.0,6.0,8.714285714285714,5.857142857142857,6.369570517030844,False,True,False,False,False,False,True,False,False,False,False,False
2023-04-20,2,45.0,3,False,4,20,10.0,7.0,9.285714285714286,6.571428571428571,6.26403186758299,False,True,False,False,False,False,True,False,False,False,False,False
2023-04-21,6,136.75,4,False,4,21,2.0,15.0,8.571428571428571,6.714285714285714,6.827814263660635,False,True,False,False,False,False,True,False,False,False,False,False
2023-04-22,4,68.2,5,True,4,22,6.0,2.0,7.285714285714286,6.857142857142857,6.2373681873657185,False,True,False,False,False,False,True,False,False,False,False,False
2023-04-23,8,217.5,6,True,4,23,4.0,5.0,7.571428571428571,6.857142857142857,5.99603043290984,False,True,False,False,False,False,True,False,False,False,False,False
2023-04-24,6,98.5,0,False,4,24,8.0,20.0,8.0,7.142857142857143,5.8878405775518985,False,True,False,False,False,False,True,False,False,False,False,False
2023-04-25,5,98.0,1,False,4,25,6.0,6.0,6.0,7.214285714285714,2.581988897471612,False,True,False,False,False,False,True,False,False,False,False,False
2023-04-26,8,160.95,2,False,4,26,5.0,10.0,5.857142857142857,7.285714285714286,2.6095064302514785,False,True,False,False,False,False,True,False,False,False,False,False
2023-04-27,1,15.0,3,False,4,27,8.0,2.0,5.571428571428571,7.428571428571429,2.1491969707422407,False,True,False,False,False,False,True,False,False,False,False,False
2023-04-28,0,0.0,4,False,4,28,1.0,6.0,5.428571428571429,7.0,2.4397501823713337,False,True,False,False,False,False,True,False,False,False,False,False
2023-04-29,0,0.0,5,True,4,29,0.0,4.0,4.571428571428571,5.928571428571429,3.154739442867026,False,True,False,False,False,False,True,False,False,False,False,False
2023-04-30,2,40.75,6,True,4,30,0.0,8.0,4.0,5.785714285714286,3.605551275463989,False,True,False,False,False,False,True,False,False,False,False,False
2023-05-01,0,0.0,0,False,5,1,2.0,6.0,3.142857142857143,5.571428571428571,3.1847852585154217,False,True,False,False,False,False,True,False,False,False,False,False
2023-05-02,0,0.0,1,False,5,2,0.0,5.0,2.2857142857142856,4.142857142857143,3.093772546815387,False,True,False,False,False,False,True,False,False,False,False,False
2023-05-03,0,0.0,2,False,5,3,0.0,8.0,1.5714285714285714,3.7142857142857144,2.9358214555806375,False,True,False,False,False,False,True,False,False,False,False,False
2023-05-04,0,0.0,3,False,5,4,0.0,1.0,0.42857142857142855,3.0,0.7867957924694354,False,True,False,False,False,False,True,False,False,False,False,False
2023-05-05,0,0.0,4,False,5,5,0.0,0.0,0.2857142857142857,2.857142857142857,0.7559289460184462,False,True,False,False,False,False,True,False,False,False,False,False
2023-05-06,0,0.0,5,True,5,6,0.0,0.0,0.2857142857142857,2.4285714285714284,0.7559289460184462,False,True,False,False,False,False,True,False,False,False,False,False
2023-05-07,4,76.9,6,True,5,7,0.0,2.0,0.2857142857142857,2.142857142857143,0.7559289460184462,False,True,False,False,False,False,True,False,False,False,False,False
2023-05-08,4,91.0,0,False,5,8,4.0,0.0,0.5714285714285714,1.8571428571428572,1.511857892036909,False,True,False,False,False,False,True,False,False,False,False,False
2023-05-09,7,128.5,1,False,5,9,4.0,0.0,1.1428571428571428,1.7142857142857142,1.9518001458970664,False,True,False,False,False,False,True,False,False,False,False,False
2023-05-10,8,136.0,2,False,5,10,7.0,0.0,2.142857142857143,1.8571428571428572,2.853569193634026,False,True,False,False,False,False,True,False,False,False,False,False
2023-05-11,7,149.2,3,False,5,11,8.0,0.0,3.2857142857142856,1.8571428571428572,3.4016802570830453,False,True,False,False,False,False,True,False,False,False,False,False
2023-05-12,8,177.95,4,False,5,12,7.0,0.0,4.285714285714286,2.2857142857142856,3.3022358947782497,False,True,False,False,False,False,True,False,False,False,False,False
2023-05-13,13,269.45,5,True,5,13,8.0,0.0,5.428571428571429,2.857142857142857,2.9358214555806392,False,True,False,False,False,False,True,False,False,False,False,False
2023-05-14,12,267.5,6,True,5,14,13.0,4.0,7.285714285714286,3.7857142857142856,3.0394235042348474,False,True,False,False,False,False,True,False,False,False,False,False
2023-05-15,4,78.15,0,False,5,15,12.0,4.0,8.428571428571429,4.5,3.101458950082625,False,True,False,False,False,False,True,False,False,False,False,False
2023-05-16,9,183.45,1,False,5,16,4.0,7.0,8.428571428571429,4.785714285714286,3.101458950082625,False,True,False,False,False,False,True,False,False,False,False,False
2023-05-17,18,760.5,2,False,5,17,9.0,8.0,8.714285714285714,5.428571428571429,3.039423504234847,False,True,False,False,False,False,True,False,False,False,False,False
2023-05-18,7,107.25,3,False,5,18,18.0,7.0,10.142857142857142,6.714285714285714,4.59813626840888,False,True,False,False,False,False,True,False,False,False,False,False
2023-05-19,9,214.15,4,False,5,19,7.0,8.0,10.142857142857142,7.214285714285714,4.59813626840888,False,True,False,False,False,False,True,False,False,False,False,False
2023-05-20,5,121.25,5,True,5,20,9.0,13.0,10.285714285714286,7.857142857142857,4.535573676110726,False,True,False,False,False,False,True,False,False,False,False,False
2023-05-21,9,245.75,6,True,5,21,5.0,12.0,9.142857142857142,8.214285714285714,4.740906081772816,False,True,False,False,False,False,True,False,False,False,False,False
2023-05-22,8,149.2,0,False,5,22,9.0,4.0,8.714285714285714,8.571428571428571,4.572172558506722,False,True,False,False,False,False,True,False,False,False,False,False
2023-05-23,10,191.5,1,False,5,23,8.0,9.0,9.285714285714286,8.857142857142858,4.111540089159036,False,True,False,False,False,False,True,False,False,False,False,False
2023-05-24,11,212.15,2,False,5,24,10.0,18.0,9.428571428571429,9.071428571428571,4.117326918327102,False,True,False,False,False,False,True,False,False,False,False,False
2023-05-25,8,185.0,3,False,5,25,11.0,7.0,8.428571428571429,9.285714285714286,1.988059594776008,False,True,False,False,False,False,True,False,False,False,False,False
2023-05-26,6,103.65,4,False,5,26,8.0,9.0,8.571428571428571,9.357142857142858,1.9023794624226817,False,True,False,False,False,False,True,False,False,False,False,False
2023-05-27,1,15.0,5,True,5,27,6.0,5.0,8.142857142857142,9.214285714285714,2.115700942049814,False,True,False,False,False,False,True,False,False,False,False,False
2023-05-28,0,0.0,6,True,5,28,1.0,9.0,7.571428571428571,8.357142857142858,3.309438162646486,False,True,False,False,False,False,True,False,False,False,False,False
2023-05-29,0,0.0,0,False,5,29,0.0,8.0,6.285714285714286,7.5,4.270608298368657,False,True,False,False,False,False,True,False,False,False,False,False
2023-05-30,7,151.5,1,False,5,30,0.0,10.0,5.142857142857143,7.214285714285714,4.775931721614517,False,True,False,False,False,False,True,False,False,False,False,False
2023-05-31,4,69.0,2,False,5,31,7.0,11.0,4.714285714285714,7.071428571428571,4.386125310350268,False,True,False,False,False,False,True,False,False,False,False,False
2023-06-01,0,0.0,3,False,6,1,4.0,8.0,3.7142857142857144,6.071428571428571,3.4016802570830453,False,True,False,False,False,False,True,False,False,False,False,False
2023-06-02,0,0.0,4,False,6,2,0.0,6.0,2.5714285714285716,5.571428571428571,3.047247001100221,False,True,False,False,False,False,True,False,False,False,False,False
2023-06-03,0,0.0,5,True,6,3,0.0,1.0,1.7142857142857142,4.928571428571429,2.751622897751175,False,True,False,False,False,False,True,False,False,False,False,False
2023-06-04,0,0.0,6,True,6,4,0.0,0.0,1.5714285714285714,4.571428571428571,2.8199966227605584,False,True,False,False,False,False,True,False,False,False,False,False
2023-06-05,0,0.0,0,False,6,5,0.0,0.0,1.5714285714285714,3.9285714285714284,2.8199966227605584,False,True,False,False,False,False,True,False,False,False,False,False
2023-06-06,0,0.0,1,False,6,6,0.0,7.0,1.5714285714285714,3.357142857142857,2.8199966227605584,False,True,False,False,False,False,True,False,False,False,False,False
2023-06-07,5,97.35,2,False,6,7,0.0,4.0,0.5714285714285714,2.642857142857143,1.51185789203691,False,True,False,False,False,False,True,False,False,False,False,False
2023-06-08,8,156.25,3,False,6,8,5.0,0.0,0.7142857142857143,2.2142857142857144,1.889822365046136,False,True,False,False,False,False,True,False,False,False,False,False
2023-06-09,7,125.25,4,False,6,9,8.0,0.0,1.8571428571428572,2.2142857142857144,3.2877840272018797,False,True,False,False,False,False,True,False,False,False,False,False
2023-06-10,7,125.75,5,True,6,10,7.0,0.0,2.857142857142857,2.2857142857142856,3.670993118515816,False,True,False,False,False,False,True,False,False,False,False,False
2023-06-11,4,65.75,6,True,6,11,7.0,0.0,3.857142857142857,2.7142857142857144,3.7161167647860323,False,True,False,False,False,False,True,False,False,False,False,False
2023-06-12,9,224.45,0,False,6,12,4.0,0.0,4.428571428571429,3.0,3.309438162646486,False,True,False,False,False,False,True,False,False,False,False,False
2023-06-13,14,283.15,1,False,6,13,9.0,0.0,5.714285714285714,3.642857142857143,3.039423504234846,False,True,False,False,False,False,True,False,False,False,False,False
2023-06-14,19,428.95,2,False,6,14,14.0,5.0,7.714285714285714,4.142857142857143,3.2513733362117248,False,True,False,False,False,False,True,False,False,False,False,False
2023-06-15,3,57.7,3,False,6,15,19.0,8.0,9.714285714285714,5.214285714285714,5.089672082242813,False,True,False,False,False,False,True,False,False,False,False,False
2023-06-16,7,158.45,4,False,6,16,3.0,7.0,9.0,5.428571428571429,5.686240703077326,False,True,False,False,False,False,True,False,False,False,False,False
2023-06-17,31,1248.25,5,True,6,17,7.0,7.0,9.0,5.928571428571429,5.686240703077326,False,True,False,False,False,False,True,False,False,False,False,False
2023-06-18,10,188.25,6,True,6,18,31.0,4.0,12.428571428571429,8.142857142857142,9.930712341974647,False,True,False,False,False,False,True,False,False,False,False,False
2023-06-19,9,214.15,0,False,6,19,10.0,9.0,13.285714285714286,8.857142857142858,9.322272357358042,False,True,False,False,False,False,True,False,False,False,False,False
2023-06-20,5,122.75,1,False,6,20,9.0,14.0,13.285714285714286,9.5,9.322272357358042,False,True,False,False,False,False,True,False,False,False,False,False
2023-06-21,10,287.5,2,False,6,21,5.0,19.0,12.0,9.857142857142858,9.814954576223638,False,True,False,False,False,False,True,False,False,False,False,False
2023-06-22,5,92.2,3,False,6,22,10.0,3.0,10.714285714285714,10.214285714285714,9.322272357358043,False,True,False,False,False,False,True,False,False,False,False,False
2023-06-23,9,238.5,4,False,6,23,5.0,7.0,11.0,10.0,9.073771725877465,False,True,False,False,False,False,True,False,False,False,False,False
2023-06-24,6,111.7,5,True,6,24,9.0,31.0,11.285714285714286,10.142857142857142,8.957571949925674,False,True,False,False,False,False,True,False,False,False,False,False
2023-06-25,6,115.5,6,True,6,25,6.0,10.0,7.714285714285714,10.071428571428571,2.288688541085324,False,True,False,False,False,False,True,False,False,False,False,False
2023-06-26,5,90.4,0,False,6,26,6.0,9.0,7.142857142857143,10.214285714285714,2.1157009420498243,False,True,False,False,False,False,True,False,False,False,False,False
2023-06-27,0,0.0,1,False,6,27,5.0,5.0,6.571428571428571,9.928571428571429,2.070196678027073,False,True,False,False,False,False,True,False,False,False,False,False
2023-06-28,0,0.0,2,False,6,28,0.0,10.0,5.857142857142857,8.928571428571429,3.2366943748507557,False,True,False,False,False,False,True,False,False,False,False,False
2023-06-29,0,0.0,3,False,6,29,0.0,5.0,4.428571428571429,7.571428571428571,3.3094381626464955,False,True,False,False,False,False,True,False,False,False,False,False
2023-06-30,13,477.0,4,False,6,30,0.0,9.0,3.7142857142857144,7.357142857142857,3.683941988065045,False,True,False,False,False,False,True,False,False,False,False,False
2023-01-15,30,122.25,6,True,1,15,17.0,18.0,21.428571428571427,21.571428571428573,8.502100580780866,False,True,False,False,False,False,False,True,False,False,False,False
2023-01-16,19,80.5,0,False,1,16,30.0,32.0,23.142857142857142,22.5,8.896227129680153,False,True,False,False,False,False,False,True,False,False,False,False
2023-01-17,10,41.25,1,False,1,17,19.0,11.0,21.285714285714285,22.714285714285715,8.056349167256961,False,True,False,False,False,False,False,True,False,False,False,False
2023-01-18,23,90.0,2,False,1,18,10.0,24.0,21.142857142857142,21.071428571428573,8.275034167675111,False,True,False,False,False,False,False,True,False,False,False,False
2023-01-19,20,85.25,3,False,1,19,23.0,15.0,21.0,21.071428571428573,8.225975119502047,False,True,False,False,False,False,False,True,False,False,False,False
2023-01-20,20,83.5,4,False,1,20,20.0,33.0,21.714285714285715,21.0,7.825477316949764,False,True,False,False,False,False,False,True,False,False,False,False
2023-01-21,24,99.0,5,True,1,21,20.0,17.0,19.857142857142858,21.428571428571427,6.039552175136045,False,True,False,False,False,False,False,True,False,False,False,False
2023-01-22,18,73.5,6,True,1,22,24.0,30.0,20.857142857142858,21.142857142857142,6.067085281214024,False,True,False,False,False,False,False,True,False,False,False,False
2023-01-23,20,84.0,0,False,1,23,18.0,19.0,19.142857142857142,21.142857142857142,4.561745697594713,False,True,False,False,False,False,False,True,False,False,False,False
2023-01-24,27,108.0,1,False,1,24,20.0,10.0,19.285714285714285,20.285714285714285,4.572172558506728,False,True,False,False,False,False,False,True,False,False,False,False
2023-01-25,17,69.0,2,False,1,25,27.0,23.0,21.714285714285715,21.428571428571427,3.0937725468153925,False,True,False,False,False,False,False,True,False,False,False,False
2023-01-26,17,73.5,3,False,1,26,17.0,20.0,20.857142857142858,20.928571428571427,3.484660262185854,False,True,False,False,False,False,False,True,False,False,False,False
2023-01-27,25,101.5,4,False,1,27,17.0,20.0,20.428571428571427,21.071428571428573,3.7796447300922784,False,True,False,False,False,False,False,True,False,False,False,False
2023-01-28,25,96.5,5,True,1,28,25.0,24.0,21.142857142857142,20.5,4.14039335605413,False,True,False,False,False,False,False,True,False,False,False,False
2023-01-29,16,65.5,6,True,1,29,25.0,18.0,21.285714285714285,21.071428571428573,4.2706082983686615,False,True,False,False,False,False,False,True,False,False,False,False
2023-01-30,33,133.5,0,False,1,30,16.0,20.0,21.0,20.071428571428573,4.582575694955844,False,True,False,False,False,False,False,True,False,False,False,False
2023-01-31,4,16.5,1,False,1,31,33.0,27.0,22.857142857142858,21.071428571428573,6.388233230676838,False,True,False,False,False,False,False,True,False,False,False,False
2023-02-01,31,128.5,2,False,2,1,4.0,17.0,19.571428571428573,20.642857142857142,9.198861213163706,False,True,False,False,False,False,False,True,False,False,False,False
2023-02-02,29,124.5,3,False,2,2,31.0,17.0,21.571428571428573,21.214285714285715,10.030904626156488,False,True,False,False,False,False,False,True,False,False,False,False
2023-02-03,25,104.5,4,False,2,3,29.0,25.0,23.285714285714285,21.857142857142858,10.144198435793827,False,True,False,False,False,False,False,True,False,False,False,False
2023-02-04,28,116.0,5,True,2,4,25.0,25.0,23.285714285714285,22.214285714285715,10.144198435793827,False,True,False,False,False,False,False,True,False,False,False,False
2023-02-05,22,92.0,6,True,2,5,28.0,16.0,23.714285714285715,22.5,10.2910039308496,False,True,False,False,False,False,False,True,False,False,False,False
2023-02-06,16,66.5,0,False,2,6,22.0,33.0,24.571428571428573,22.785714285714285,9.778499251881529,False,True,False,False,False,False,False,True,False,False,False,False
2023-02-07,24,96.25,1,False,2,7,16.0,4.0,22.142857142857142,22.5,9.441549509633319,False,True,False,False,False,False,False,True,False,False,False,False
2023-02-08,17,73.25,2,False,2,8,24.0,31.0,25.0,22.285714285714285,5.0332229568471645,False,True,False,False,False,False,False,True,False,False,False,False
2023-02-09,24,98.5,3,False,2,9,17.0,29.0,23.0,22.285714285714285,5.033222956847166,False,True,False,False,False,False,False,True,False,False,False,False
2023-02-10,17,68.5,4,False,2,10,24.0,25.0,22.285714285714285,22.785714285714285,4.347960660443228,False,True,False,False,False,False,False,True,False,False,False,False
2023-02-11,21,88.25,5,True,2,11,17.0,28.0,21.142857142857142,22.214285714285715,4.561745697594707,False,True,False,False,False,False,False,True,False,False,False,False
2023-02-12,25,106.75,6,True,2,12,21.0,22.0,20.142857142857142,21.928571428571427,3.4364987719369,False,True,False,False,False,False,False,True,False,False,False,False
2023-02-13,31,128.25,0,False,2,13,25.0,16.0,20.571428571428573,22.571428571428573,3.866830866792723,False,True,False,False,False,False,False,True,False,False,False,False
2023-02-14,23,97.75,1,False,2,14,31.0,24.0,22.714285714285715,22.428571428571427,4.923220007078217,False,True,False,False,False,False,False,True,False,False,False,False
2023-02-15,26,111.0,2,False,2,15,23.0,17.0,22.571428571428573,23.785714285714285,4.894116973712516,False,True,False,False,False,False,False,True,False,False,False,False
2023-02-16,21,91.0,3,False,2,16,26.0,24.0,23.857142857142858,23.428571428571427,4.3369947901195145,False,True,False,False,False,False,False,True,False,False,False,False
2023-02-17,15,58.25,4,False,2,17,21.0,17.0,23.428571428571427,22.857142857142858,4.466808810815722,False,True,False,False,False,False,False,True,False,False,False,False
2023-02-18,31,128.5,5,True,2,18,15.0,21.0,23.142857142857142,22.142857142857142,4.980915960897536,False,True,False,False,False,False,False,True,False,False,False,False
2023-02-19,30,125.5,6,True,2,19,31.0,25.0,24.571428571428573,22.357142857142858,5.652643713553948,False,True,False,False,False,False,False,True,False,False,False,False
2023-02-20,34,137.5,0,False,2,20,30.0,31.0,25.285714285714285,22.928571428571427,6.019808571549036,False,True,False,False,False,False,False,True,False,False,False,False
2023-02-21,23,95.5,1,False,2,21,34.0,23.0,25.714285714285715,24.214285714285715,6.575568054403761,False,True,False,False,False,False,False,True,False,False,False,False
2023-02-22,22,89.25,2,False,2,22,23.0,26.0,25.714285714285715,24.142857142857142,6.575568054403761,False,True,False,False,False,False,False,True,False,False,False,False
2023-02-23,13,52.5,3,False,2,23,22.0,21.0,25.142857142857142,24.5,6.718843437888486,False,True,False,False,False,False,False,True,False,False,False,False
2023-02-24,19,79.0,4,False,2,24,13.0,15.0,24.0,23.714285714285715,8.082903768654763,False,True,False,False,False,False,False,True,False,False,False,False
2023-02-25,20,82.5,5,True,2,25,19.0,31.0,24.571428571428573,23.857142857142858,7.457817885886437,False,True,False,False,False,False,False,True,False,False,False,False
2023-02-26,14,58.25,6,True,2,26,20.0,30.0,23.0,23.785714285714285,7.023769168568494,False,True,False,False,False,False,False,True,False,False,False,False
2023-02-27,23,94.25,0,False,2,27,14.0,34.0,20.714285714285715,23.0,6.969320524371697,False,True,False,False,False,False,False,True,False,False,False,False
2023-02-28,24,100.25,1,False,2,28,23.0,23.0,19.142857142857142,22.428571428571427,4.140393356054126,False,True,False,False,False,False,False,True,False,False,False,False
2023-03-01,28,117.0,2,False,3,1,24.0,22.0,19.285714285714285,22.5,4.309458036856674,False,True,False,False,False,False,False,True,False,False,False,False
2023-03-02,27,118.0,3,False,3,2,28.0,13.0,20.142857142857142,22.642857142857142,5.3984124650546255,False,True,False,False,False,False,False,True,False,False,False,False
2023-03-03,38,163.75,4,False,3,3,27.0,19.0,22.142857142857142,23.071428571428573,4.879500364742669,False,True,False,False,False,False,False,True,False,False,False,False
2023-03-04,25,100.75,5,True,3,4,38.0,20.0,24.857142857142858,24.714285714285715,7.448234050846586,False,True,False,False,False,False,False,True,False,False,False,False
2023-03-05,22,91.25,6,True,3,5,25.0,14.0,25.571428571428573,24.285714285714285,7.1380936497345715,False,True,False,False,False,False,False,True,False,False,False,False
2023-03-06,30,128.0,0,False,3,6,22.0,23.0,26.714285714285715,23.714285714285715,5.4072262055600495,False,True,False,False,False,False,False,True,False,False,False,False
2023-03-07,18,74.75,1,False,3,7,30.0,24.0,27.714285714285715,23.428571428571427,5.250850271282613,False,True,False,False,False,False,False,True,False,False,False,False
2023-03-08,26,107.5,2,False,3,8,18.0,28.0,26.857142857142858,23.071428571428573,6.335839103296204,False,True,False,False,False,False,False,True,False,False,False,False
2023-03-09,28,116.5,3,False,3,9,26.0,27.0,26.571428571428573,23.357142857142858,6.32078958298574,False,True,False,False,False,False,False,True,False,False,False,False
2023-03-10,20,86.5,4,False,3,10,28.0,38.0,26.714285714285715,24.428571428571427,6.343350474165473,False,True,False,False,False,False,False,True,False,False,False,False
2023-03-11,25,99.75,5,True,3,11,20.0,25.0,24.142857142857142,24.5,4.336994790119515,False,True,False,False,False,False,False,True,False,False,False,False
2023-03-12,29,121.0,6,True,3,12,25.0,22.0,24.142857142857142,24.857142857142858,4.336994790119515,False,True,False,False,False,False,False,True,False,False,False,False
2023-03-13,22,91.75,0,False,3,13,29.0,30.0,25.142857142857142,25.928571428571427,4.561745697594711,False,True,False,False,False,False,False,True,False,False,False,False
2023-03-14,11,43.5,1,False,3,14,22.0,18.0,24.0,25.857142857142858,4.123105625617661,False,True,False,False,False,False,False,True,False,False,False,False
2023-03-15,40,168.5,2,False,3,15,11.0,26.0,23.0,24.928571428571427,6.164414002968973,False,True,False,False,False,False,False,True,False,False,False,False
2023-03-16,27,111.5,3,False,3,16,40.0,28.0,25.0,25.785714285714285,8.944271909999161,False,True,False,False,False,False,False,True,False,False,False,False
2023-03-17,12,45.75,4,False,3,17,27.0,20.0,24.857142857142858,25.785714285714285,8.896227129680154,False,True,False,False,False,False,False,True,False,False,False,False
2023-03-18,31,127.5,5,True,3,18,12.0,25.0,23.714285714285715,23.928571428571427,10.06171432898466,False,True,False,False,False,False,False,True,False,False,False,False
2023-03-19,24,101.25,6,True,3,19,31.0,29.0,24.571428571428573,24.357142857142858,10.43802572100591,False,True,False,False,False,False,False,True,False,False,False,False
2023-03-20,34,144.5,0,False,3,20,24.0,22.0,23.857142857142858,24.5,10.253919111386491,False,True,False,False,False,False,False,True,False,False,False,False
2023-03-21,29,125.75,1,False,3,21,34.0,11.0,25.571428571428573,24.785714285714285,10.875923606099592,False,True,False,False,False,False,False,True,False,False,False,False
2023-03-22,32,134.25,2,False,3,22,29.0,40.0,28.142857142857142,25.571428571428573,8.783100656536808,False,True,False,False,False,False,False,True,False,False,False,False
2023-03-23,25,99.25,3,False,3,23,32.0,27.0,27.0,26.0,7.393691004272954,False,True,False,False,False,False,False,True,False,False,False,False
2023-03-24,28,116.25,4,False,3,24,25.0,12.0,26.714285714285715,25.785714285714285,7.432233529572073,False,True,False,False,False,False,False,True,False,False,False,False
2023-03-25,22,92.5,5,True,3,25,28.0,31.0,29.0,26.357142857142858,3.651483716701136,False,True,False,False,False,False,False,True,False,False,False,False
2023-03-26,17,69.5,6,True,3,26,22.0,24.0,27.714285714285715,26.142857142857142,4.3479606604432455,False,True,False,False,False,False,False,True,False,False,False,False
2023-03-27,29,119.75,0,False,3,27,17.0,34.0,26.714285714285715,25.285714285714285,5.879747322073347,False,True,False,False,False,False,False,True,False,False,False,False
2023-03-28,26,106.0,1,False,3,28,29.0,29.0,26.0,25.785714285714285,5.099019513592793,False,True,False,False,False,False,False,True,False,False,False,False
2023-03-29,16,68.0,2,False,3,29,26.0,32.0,25.571428571428573,26.857142857142858,4.9280538030458185,False,True,False,False,False,False,False,True,False,False,False,False
2023-03-30,18,78.5,3,False,3,30,16.0,25.0,23.285714285714285,25.142857142857142,5.154748157905344,False,True,False,False,False,False,False,True,False,False,False,False
2023-03-31,18,74.25,4,False,3,31,18.0,28.0,22.285714285714285,24.5,5.437961803049787,False,True,False,False,False,False,False,True,False,False,False,False
2023-04-01,33,135.25,5,True,4,1,18.0,22.0,20.857142857142858,24.928571428571427,4.98091596089752,False,True,False,False,False,False,False,True,False,False,False,False
2023-04-02,32,134.25,6,True,4,2,33.0,17.0,22.428571428571427,25.071428571428573,6.8033605141660844,False,True,False,False,False,False,False,True,False,False,False,False
2023-04-03,42,179.0,0,False,4,3,32.0,29.0,24.571428571428573,25.642857142857142,7.161404491139591,False,True,False,False,False,False,False,True,False,False,False,False
2023-04-04,38,149.75,1,False,4,4,42.0,26.0,26.428571428571427,26.214285714285715,9.727232269204213,False,True,False,False,False,False,False,True,False,False,False,False
2023-04-05,40,170.25,2,False,4,5,38.0,16.0,28.142857142857142,26.857142857142858,10.652520381402265,False,True,False,False,False,False,False,True,False,False,False,False
2023-04-06,30,128.0,3,False,4,6,40.0,18.0,31.571428571428573,27.428571428571427,9.930712341974665,False,True,False,False,False,False,False,True,False,False,False,False
2023-04-07,38,162.0,4,False,4,7,30.0,18.0,33.285714285714285,27.785714285714285,8.056349167256984,False,True,False,False,False,False,False,True,False,False,False,False
2023-04-08,21,91.25,5,True,4,8,38.0,33.0,36.142857142857146,28.5,4.48807944925863,False,True,False,False,False,False,False,True,False,False,False,False
2023-04-09,38,159.0,6,True,4,9,21.0,32.0,34.42857142857143,28.428571428571427,7.299706452023582,False,True,False,False,False,False,False,True,False,False,False,False
2023-04-10,25,101.0,0,False,4,10,38.0,42.0,35.285714285714285,29.928571428571427,7.31925054711403,False,True,False,False,False,False,False,True,False,False,False,False
2023-04-11,30,122.25,1,False,4,11,25.0,38.0,32.857142857142854,29.642857142857142,7.537209285241069,False,True,False,False,False,False,False,True,False,False,False,False
2023-04-12,38,155.25,2,False,4,12,30.0,40.0,31.714285714285715,29.928571428571427,7.227592630890009,False,True,False,False,False,False,False,True,False,False,False,False
2023-04-13,50,211.25,3,False,4,13,38.0,30.0,31.428571428571427,31.5,6.876460883747875,False,True,False,False,False,False,False,True,False,False,False,False
2023-04-14,27,113.0,4,False,4,14,50.0,38.0,34.285714285714285,33.785714285714285,9.741907508530469,False,True,False,False,False,False,False,True,False,False,False,False
2023-04-15,44,189.25,5,True,4,15,27.0,21.0,32.714285714285715,34.42857142857143,9.928314487939478,False,True,False,False,False,False,False,True,False,False,False,False
2023-04-16,36,142.25,6,True,4,16,44.0,38.0,36.0,35.214285714285715,9.183318209303966,False,True,False,False,False,False,False,True,False,False,False,False
2023-04-17,14,60.75,0,False,4,17,36.0,25.0,35.714285714285715,35.5,9.141741003300686,False,True,False,False,False,False,False,True,False,False,False,False
2023-04-18,49,200.25,1,False,4,18,14.0,30.0,34.142857142857146,33.5,11.83819484308556,False,True,False,False,False,False,False,True,False,False,False,False
2023-04-19,31,132.0,2,False,4,19,49.0,38.0,36.857142857142854,34.285714285714285,12.863754913562017,False,True,False,False,False,False,False,True,False,False,False,False
2023-04-20,32,135.5,3,False,4,20,31.0,50.0,35.857142857142854,33.642857142857146,13.031098334734654,False,True,False,False,False,False,False,True,False,False,False,False
2023-04-21,30,128.75,4,False,4,21,32.0,27.0,33.285714285714285,33.785714285714285,11.455919659202209,False,True,False,False,False,False,False,True,False,False,False,False
2023-04-22,27,111.75,5,True,4,22,30.0,44.0,33.714285714285715,33.214285714285715,11.235572759681443,False,True,False,False,False,False,False,True,False,False,False,False
2023-04-23,26,102.75,6,True,4,23,27.0,36.0,31.285714285714285,33.642857142857146,10.451702982676823,False,True,False,False,False,False,False,True,False,False,False,False
2023-04-24,33,133.25,0,False,4,24,26.0,14.0,29.857142857142858,32.785714285714285,10.383136511166756,False,True,False,False,False,False,False,True,False,False,False,False
2023-04-25,32,133.25,1,False,4,25,33.0,49.0,32.57142857142857,33.357142857142854,7.678045386189207,False,True,False,False,False,False,False,True,False,False,False,False
2023-04-26,21,90.0,2,False,4,26,32.0,31.0,30.142857142857142,33.5,2.6726124191243104,False,True,False,False,False,False,False,True,False,False,False,False
2023-04-27,37,148.5,3,False,4,27,21.0,32.0,28.714285714285715,32.285714285714285,4.30945803685671,False,True,False,False,False,False,False,True,False,False,False,False
2023-04-28,43,175.75,4,False,4,28,37.0,30.0,29.428571428571427,31.357142857142858,5.255382728122469,False,True,False,False,False,False,False,True,False,False,False,False
2023-04-29,16,69.0,5,True,4,29,43.0,27.0,31.285714285714285,32.5,7.36465173909097,False,True,False,False,False,False,False,True,False,False,False,False
2023-04-30,22,91.75,6,True,4,30,16.0,26.0,29.714285714285715,30.5,9.340133577101325,False,True,False,False,False,False,False,True,False,False,False,False
2023-05-01,47,192.5,0,False,5,1,22.0,33.0,29.142857142857142,29.5,9.719886340703312,False,True,False,False,False,False,False,True,False,False,False,False
2023-05-02,43,184.5,1,False,5,2,47.0,32.0,31.142857142857142,31.857142857142858,11.852265204432056,False,True,False,False,False,False,False,True,False,False,False,False
2023-05-03,44,193.75,2,False,5,3,43.0,21.0,32.714285714285715,31.428571428571427,12.684824078589436,False,True,False,False,False,False,False,True,False,False,False,False
2023-05-04,46,187.25,3,False,5,4,44.0,37.0,36.0,32.357142857142854,12.11060141638999,False,True,False,False,False,False,False,True,False,False,False,False
2023-05-05,55,233.75,4,False,5,5,46.0,43.0,37.285714285714285,33.357142857142854,12.697956341006053,False,True,False,False,False,False,False,True,False,False,False,False
2023-05-06,28,121.5,5,True,5,6,55.0,16.0,39.0,35.142857142857146,14.306175822583313,False,True,False,False,False,False,False,True,False,False,False,False
2023-05-07,49,211.0,6,True,5,7,28.0,22.0,40.714285714285715,35.214285714285715,11.542880716619052,False,True,False,False,False,False,False,True,False,False,False,False
2023-05-08,31,131.25,0,False,5,8,49.0,47.0,44.57142857142857,36.857142857142854,8.30375703837617,False,True,False,False,False,False,False,True,False,False,False,False
2023-05-09,51,211.25,1,False,5,9,31.0,43.0,42.285714285714285,36.714285714285715,9.621404708847317,False,True,False,False,False,False,False,True,False,False,False,False
2023-05-10,28,116.75,2,False,5,10,51.0,44.0,43.42857142857143,38.07142857142857,10.179344164485668,False,True,False,False,False,False,False,True,False,False,False,False
2023-05-11,39,157.75,3,False,5,11,28.0,46.0,41.142857142857146,38.57142857142857,11.710800875382429,False,True,False,False,False,False,False,True,False,False,False,False
2023-05-12,47,197.75,4,False,5,12,39.0,55.0,40.142857142857146,38.714285714285715,11.52430144562023,False,True,False,False,False,False,False,True,False,False,False,False
2023-05-13,53,220.0,5,True,5,13,47.0,28.0,39.0,39.0,10.115993936995714,False,True,False,False,False,False,False,True,False,False,False,False
2023-05-14,22,90.0,6,True,5,14,53.0,49.0,42.57142857142857,41.642857142857146,9.997618764104866,False,True,False,False,False,False,False,True,False,False,False,False
2023-05-15,55,234.0,0,False,5,15,22.0,31.0,38.714285714285715,41.642857142857146,12.092894411103405,False,True,False,False,False,False,False,True,False,False,False,False
2023-05-16,42,173.0,1,False,5,16,55.0,51.0,42.142857142857146,42.214285714285715,12.915476135610506,False,True,False,False,False,False,False,True,False,False,False,False
2023-05-17,25,105.0,2,False,5,17,42.0,28.0,40.857142857142854,42.142857142857146,12.32110075478342,False,True,False,False,False,False,False,True,False,False,False,False
2023-05-18,72,294.5,3,False,5,18,25.0,39.0,40.42857142857143,40.785714285714285,12.882250616735481,False,True,False,False,False,False,False,True,False,False,False,False
2023-05-19,39,160.5,4,False,5,19,72.0,47.0,45.142857142857146,42.642857142857146,17.4874104374983,False,True,False,False,False,False,False,True,False,False,False,False
2023-05-20,43,177.5,5,True,5,20,39.0,53.0,44.0,41.5,17.606816861659027,False,True,False,False,False,False,False,True,False,False,False,False
2023-05-21,49,207.75,6,True,5,21,43.0,22.0,42.57142857142857,42.57142857142857,17.154757774032106,False,True,False,False,False,False,False,True,False,False,False,False
2023-05-22,37,154.75,0,False,5,22,49.0,55.0,46.42857142857143,42.57142857142857,14.604304649168169,False,True,False,False,False,False,False,True,False,False,False,False
2023-05-23,33,131.5,1,False,5,23,37.0,42.0,43.857142857142854,43.0,14.42715693207979,False,True,False,False,False,False,False,True,False,False,False,False
2023-05-24,37,151.0,2,False,5,24,33.0,25.0,42.57142857142857,41.714285714285715,15.009520788010358,False,True,False,False,False,False,False,True,False,False,False,False
2023-05-25,39,164.25,3,False,5,25,37.0,72.0,44.285714285714285,42.357142857142854,13.250336922940082,False,True,False,False,False,False,False,True,False,False,False,False
2023-05-26,26,108.25,4,False,5,26,39.0,39.0,39.57142857142857,42.357142857142854,5.12695955569333,False,True,False,False,False,False,False,True,False,False,False,False
2023-05-27,57,227.25,5,True,5,27,26.0,43.0,37.714285714285715,40.857142857142854,7.27356596895655,False,True,False,False,False,False,False,True,False,False,False,False
2023-05-28,33,133.5,6,True,5,28,57.0,49.0,39.714285714285715,41.142857142857146,10.274795792200905,False,True,False,False,False,False,False,True,False,False,False,False
2023-05-29,23,98.75,0,False,5,29,33.0,37.0,37.42857142857143,41.92857142857143,9.623879031817085,False,True,False,False,False,False,False,True,False,False,False,False
2023-05-30,32,131.5,1,False,5,30,23.0,33.0,35.42857142857143,39.642857142857146,11.07334852784146,False,True,False,False,False,False,False,True,False,False,False,False
2023-05-31,23,91.5,2,False,5,31,32.0,37.0,35.285714285714285,38.92857142857143,11.116268644263217,False,True,False,False,False,False,False,True,False,False,False,False
2023-06-01,50,206.0,3,False,6,1,23.0,39.0,33.285714285714285,38.785714285714285,11.982129550769749,False,True,False,False,False,False,False,True,False,False,False,False
2023-06-02,45,189.5,4,False,6,2,50.0,26.0,34.857142857142854,37.214285714285715,13.48367619788924,False,True,False,False,False,False,False,True,False,False,False,False
2023-06-03,58,244.0,5,True,6,3,45.0,57.0,37.57142857142857,37.642857142857146,13.314868166291218,False,True,False,False,False,False,False,True,False,False,False,False
2023-06-04,44,176.0,6,True,6,4,58.0,33.0,37.714285714285715,38.714285714285715,13.561148989107185,False,True,False,False,False,False,False,True,False,False,False,False
2023-06-05,49,206.75,0,False,6,5,44.0,23.0,39.285714285714285,38.357142857142854,13.561148989107185,False,True,False,False,False,False,False,True,False,False,False,False
2023-06-06,44,182.25,1,False,6,6,49.0,32.0,43.0,39.214285714285715,11.803954139750552,False,True,False,False,False,False,False,True,False,False,False,False
2023-06-07,43,179.25,2,False,6,7,44.0,23.0,44.714285714285715,40.0,10.765907388825278,False,True,False,False,False,False,False,True,False,False,False,False
2023-06-08,42,175.5,3,False,6,8,43.0,50.0,47.57142857142857,40.42857142857143,5.3184315625675795,False,True,False,False,False,False,False,True,False,False,False,False
2023-06-09,64,265.5,4,False,6,9,42.0,45.0,46.42857142857143,40.642857142857146,5.563486402641935,False,True,False,False,False,False,False,True,False,False,False,False
2023-06-10,35,144.25,5,True,6,10,64.0,58.0,49.142857142857146,43.357142857142854,8.571825387640091,False,True,False,False,False,False,False,True,False,False,False,False
2023-06-11,45,185.75,6,True,6,11,35.0,44.0,45.857142857142854,41.785714285714285,9.007933011676869,False,True,False,False,False,False,False,True,False,False,False,False
2023-06-12,44,178.5,0,False,6,12,45.0,49.0,46.0,42.642857142857146,8.981462390205028,False,True,False,False,False,False,False,True,False,False,False,False
2023-06-13,50,209.5,1,False,6,13,44.0,44.0,45.285714285714285,44.142857142857146,8.901578244227032,False,True,False,False,False,False,False,True,False,False,False,False
2023-06-14,30,124.25,2,False,6,14,50.0,43.0,46.142857142857146,45.42857142857143,9.044861735235347,False,True,False,False,False,False,False,True,False,False,False,False
2023-06-15,60,255.25,3,False,6,15,30.0,42.0,44.285714285714285,45.92857142857143,10.934872133291242,False,True,False,False,False,False,False,True,False,False,False,False
2023-06-16,44,180.5,4,False,6,16,60.0,64.0,46.857142857142854,46.642857142857146,12.334620267477144,False,True,False,False,False,False,False,True,False,False,False,False
2023-06-17,20,81.75,5,True,6,17,44.0,35.0,44.0,46.57142857142857,9.746794344809004,False,True,False,False,False,False,False,True,False,False,False,False
2023-06-18,74,300.5,6,True,6,18,20.0,45.0,41.857142857142854,43.857142857142854,13.120322295692965,False,True,False,False,False,False,False,True,False,False,False,False
2023-06-19,51,212.75,0,False,6,19,74.0,44.0,46.0,46.0,17.962924780409995,False,True,False,False,False,False,False,True,False,False,False,False
2023-06-20,49,203.0,1,False,6,20,51.0,50.0,47.0,46.142857142857146,18.027756377319967,False,True,False,False,False,False,False,True,False,False,False,False
2023-06-21,51,214.75,2,False,6,21,49.0,30.0,46.857142857142854,46.5,18.003967816646917,False,True,False,False,False,False,False,True,False,False,False,False
2023-06-22,48,201.0,3,False,6,22,51.0,60.0,49.857142857142854,47.07142857142857,16.40557396566356,False,True,False,False,False,False,False,True,False,False,False,False
2023-06-23,37,146.75,4,False,6,23,48.0,44.0,48.142857142857146,47.5,15.784259790780752,False,True,False,False,False,False,False,True,False,False,False,False
2023-06-24,51,212.5,5,True,6,24,37.0,20.0,47.142857142857146,45.57142857142857,16.30366596227746,False,True,False,False,False,False,False,True,False,False,False,False
2023-06-25,45,185.75,6,True,6,25,51.0,74.0,51.57142857142857,46.714285714285715,11.073348527841453,False,True,False,False,False,False,False,True,False,False,False,False
2023-06-26,30,126.0,0,False,6,26,45.0,51.0,47.42857142857143,46.714285714285715,5.09434794182551,False,True,False,False,False,False,False,True,False,False,False,False
2023-06-27,52,211.75,1,False,6,27,30.0,49.0,44.42857142857143,45.714285714285715,7.9970232557109515,False,True,False,False,False,False,False,True,False,False,False,False
2023-06-28,58,237.75,2,False,6,28,52.0,51.0,44.857142857142854,45.857142857142854,8.355209381549013,False,True,False,False,False,False,False,True,False,False,False,False
2023-06-29,30,125.5,3,False,6,29,58.0,48.0,45.857142857142854,47.857142857142854,9.546876826630687,False,True,False,False,False,False,False,True,False,False,False,False
2023-06-30,31,124.5,4,False,6,30,30.0,37.0,43.285714285714285,45.714285714285715,11.16115713407124,False,True,False,False,False,False,False,True,False,False,False,False
2023-01-15,13,10.4,6,True,1,15,30.0,20.0,24.142857142857142,13.357142857142858,5.928141120356113,False,True,False,False,False,False,False,False,True,False,False,False
2023-01-16,14,11.200000000000001,0,False,1,16,13.0,16.0,23.142857142857142,14.285714285714286,7.197883286739492,False,True,False,False,False,False,False,False,True,False,False,False
2023-01-17,14,11.200000000000001,1,False,1,17,14.0,26.0,22.857142857142858,15.285714285714286,7.559289460184537,False,True,False,False,False,False,False,False,True,False,False,False
2023-01-18,21,16.8,2,False,1,18,14.0,23.0,21.142857142857142,16.285714285714285,8.071112509614585,False,True,False,False,False,False,False,False,True,False,False,False
2023-01-19,9,7.2,3,False,1,19,21.0,21.0,20.857142857142858,17.785714285714285,8.0297067490781,False,True,False,False,False,False,False,False,True,False,False,False
2023-01-20,26,20.8,4,False,1,20,9.0,33.0,19.142857142857142,18.428571428571427,9.191092996819823,False,True,False,False,False,False,False,False,True,False,False,False
2023-01-21,21,16.8,5,True,1,21,26.0,30.0,18.142857142857142,20.285714285714285,7.690439333539864,False,True,False,False,False,False,False,False,True,False,False,False
2023-01-22,5,4.0,6,True,1,22,21.0,13.0,16.857142857142858,20.5,5.928141120356116,False,True,False,False,False,False,False,False,True,False,False,False
2023-01-23,8,6.4,0,False,1,23,5.0,14.0,15.714285714285714,19.428571428571427,7.387247699341651,False,True,False,False,False,False,False,False,True,False,False,False
2023-01-24,3,2.4000000000000004,1,False,1,24,8.0,14.0,14.857142857142858,18.857142857142858,7.946247991527642,False,True,False,False,False,False,False,False,True,False,False,False
2023-01-25,3,2.4000000000000004,2,False,1,25,3.0,21.0,13.285714285714286,17.214285714285715,9.141741003300657,False,True,False,False,False,False,False,False,True,False,False,False
2023-01-26,10,8.0,3,False,1,26,3.0,9.0,10.714285714285714,15.785714285714286,9.141741003300659,False,True,False,False,False,False,False,False,True,False,False,False
2023-01-27,26,20.8,4,False,1,27,10.0,26.0,10.857142857142858,15.0,9.11827051270454,False,True,False,False,False,False,False,False,True,False,False,False
2023-01-28,0,0.0,5,True,1,28,26.0,21.0,10.857142857142858,14.5,9.11827051270454,False,True,False,False,False,False,False,False,True,False,False,False
2023-01-29,0,0.0,6,True,1,29,0.0,5.0,7.857142857142857,12.357142857142858,8.668497975016036,False,True,False,False,False,False,False,False,True,False,False,False
2023-01-30,5,4.0,0,False,1,30,0.0,8.0,7.142857142857143,11.428571428571429,9.136530549184984,False,True,False,False,False,False,False,False,True,False,False,False
2023-01-31,13,10.4,1,False,1,31,5.0,3.0,6.714285714285714,10.785714285714286,9.159954252329097,False,True,False,False,False,False,False,False,True,False,False,False
2023-02-01,0,0.0,2,False,2,1,13.0,3.0,8.142857142857142,10.714285714285714,9.26334301478272,False,True,False,False,False,False,False,False,True,False,False,False
2023-02-02,0,0.0,3,False,2,2,0.0,10.0,7.714285714285714,9.214285714285714,9.604066599003529,False,True,False,False,False,False,False,False,True,False,False,False
2023-02-03,0,0.0,4,False,2,3,0.0,26.0,6.285714285714286,8.571428571428571,9.945087325145108,False,True,False,False,False,False,False,False,True,False,False,False
2023-02-04,0,0.0,5,True,2,4,0.0,0.0,2.5714285714285716,6.714285714285714,4.9617585208318635,False,True,False,False,False,False,False,False,True,False,False,False
2023-02-05,0,0.0,6,True,2,5,0.0,0.0,2.5714285714285716,5.214285714285714,4.9617585208318635,False,True,False,False,False,False,False,False,True,False,False,False
2023-02-06,0,0.0,0,False,2,6,0.0,5.0,2.5714285714285716,4.857142857142857,4.9617585208318635,False,True,False,False,False,False,False,False,True,False,False,False
2023-02-07,21,16.8,1,False,2,7,0.0,13.0,1.8571428571428572,4.285714285714286,4.913538149119952,False,True,False,False,False,False,False,False,True,False,False,False
2023-02-08,24,19.200000000000003,2,False,2,8,21.0,0.0,3.0,5.571428571428571,7.937253933193772,False,True,False,False,False,False,False,False,True,False,False,False
2023-02-09,30,24.0,3,False,2,9,24.0,0.0,6.428571428571429,7.071428571428571,11.012979355547447,False,True,False,False,False,False,False,False,True,False,False,False
2023-02-10,12,9.600000000000001,4,False,2,10,30.0,0.0,10.714285714285714,8.5,13.622460444847272,False,True,False,False,False,False,False,False,True,False,False,False
2023-02-11,32,25.6,5,True,2,11,12.0,0.0,12.428571428571429,7.5,12.77832987075049,False,True,False,False,False,False,False,False,True,False,False,False
2023-02-12,30,24.0,6,True,2,12,32.0,0.0,17.0,9.785714285714286,13.30413469565007,False,True,False,False,False,False,False,False,True,False,False,False
2023-02-13,25,20.0,0,False,2,13,30.0,0.0,21.285714285714285,11.928571428571429,11.643514442445138,False,True,False,False,False,False,False,False,True,False,False,False
2023-02-14,41,32.800000000000004,1,False,2,14,25.0,21.0,24.857142857142858,13.357142857142858,6.890296835129126,False,True,False,False,False,False,False,False,True,False,False,False
2023-02-15,14,11.200000000000001,2,False,2,15,41.0,24.0,27.714285714285715,15.357142857142858,8.882835240212545,False,True,False,False,False,False,False,False,True,False,False,False
2023-02-16,16,12.8,3,False,2,16,14.0,30.0,26.285714285714285,16.357142857142858,10.274795792200862,False,True,False,False,False,False,False,False,True,False,False,False
2023-02-17,8,6.4,4,False,2,17,16.0,12.0,24.285714285714285,17.5,10.781377242175289,False,True,False,False,False,False,False,False,True,False,False,False
2023-02-18,16,12.8,5,True,2,18,8.0,32.0,23.714285714285715,18.071428571428573,11.614850920470822,False,True,False,False,False,False,False,False,True,False,False,False
2023-02-19,19,15.200000000000001,6,True,2,19,16.0,30.0,21.428571428571427,19.214285714285715,11.282097069504157,False,True,False,False,False,False,False,False,True,False,False,False
2023-02-20,40,32.0,0,False,2,20,19.0,25.0,19.857142857142858,20.571428571428573,10.63686312513502,False,True,False,False,False,False,False,False,True,False,False,False
2023-02-21,33,26.400000000000002,1,False,2,21,40.0,41.0,22.0,23.428571428571427,13.076696830622021,False,True,False,False,False,False,False,False,True,False,False,False
2023-02-22,5,4.0,2,False,2,22,33.0,14.0,20.857142857142858,24.285714285714285,11.37876049823488,False,True,False,False,False,False,False,False,True,False,False,False
2023-02-23,1,0.8,3,False,2,23,5.0,16.0,19.571428571428573,22.928571428571427,12.712948030218941,False,True,False,False,False,False,False,False,True,False,False,False
2023-02-24,2,1.6,4,False,2,24,1.0,8.0,17.428571428571427,20.857142857142858,14.547131937912974,False,True,False,False,False,False,False,False,True,False,False,False
2023-02-25,3,2.4000000000000004,5,True,2,25,2.0,16.0,16.571428571428573,20.142857142857142,15.349887544182454,False,True,False,False,False,False,False,False,True,False,False,False
2023-02-26,4,3.2,6,True,2,26,3.0,19.0,14.714285714285714,18.071428571428573,16.193767172529537,False,True,False,False,False,False,False,False,True,False,False,False
2023-02-27,24,19.200000000000003,0,False,2,27,4.0,40.0,12.571428571428571,16.214285714285715,16.521270561079163,False,True,False,False,False,False,False,False,True,False,False,False
2023-02-28,0,0.0,1,False,2,28,24.0,33.0,10.285714285714286,16.142857142857142,12.776466461353676,False,True,False,False,False,False,False,False,True,False,False,False
2023-03-01,0,0.0,2,False,3,1,0.0,5.0,5.571428571428571,13.214285714285714,8.303757038376126,False,True,False,False,False,False,False,False,True,False,False,False
2023-03-02,0,0.0,3,False,3,2,0.0,1.0,4.857142857142857,12.214285714285714,8.571825387640056,False,True,False,False,False,False,False,False,True,False,False,False
2023-03-03,0,0.0,4,False,3,3,0.0,2.0,4.714285714285714,11.071428571428571,8.654753717163882,False,True,False,False,False,False,False,False,True,False,False,False
2023-03-04,0,0.0,5,True,3,4,0.0,3.0,4.428571428571429,10.5,8.791229395580256,False,True,False,False,False,False,False,False,True,False,False,False
2023-03-05,0,0.0,6,True,3,5,0.0,4.0,4.0,9.357142857142858,8.944271909999165,False,True,False,False,False,False,False,False,True,False,False,False
2023-03-06,0,0.0,0,False,3,6,0.0,24.0,3.4285714285714284,8.0,9.071147352221459,False,True,False,False,False,False,False,False,True,False,False,False
2023-03-07,26,20.8,1,False,3,7,0.0,0.0,0.0,5.142857142857143,0.0,False,True,False,False,False,False,False,False,True,False,False,False
2023-03-08,22,17.6,2,False,3,8,26.0,0.0,3.7142857142857144,4.642857142857143,9.827076298239907,False,True,False,False,False,False,False,False,True,False,False,False
2023-03-09,35,28.0,3,False,3,9,22.0,0.0,6.857142857142857,5.857142857142857,11.767590682726455,False,True,False,False,False,False,False,False,True,False,False,False
2023-03-10,21,16.8,4,False,3,10,35.0,0.0,11.857142857142858,8.285714285714286,15.279927698657167,False,True,False,False,False,False,False,False,True,False,False,False
2023-03-11,39,31.200000000000003,5,True,3,11,21.0,0.0,14.857142857142858,9.642857142857142,14.610824428354153,False,True,False,False,False,False,False,False,True,False,False,False
2023-03-12,35,28.0,6,True,3,12,39.0,0.0,20.428571428571427,12.214285714285714,15.414896938320657,False,True,False,False,False,False,False,False,True,False,False,False
2023-03-13,27,21.6,0,False,3,13,35.0,0.0,25.428571428571427,14.428571428571429,13.201731488169049,False,True,False,False,False,False,False,False,True,False,False,False
2023-03-14,33,26.400000000000002,1,False,3,14,27.0,26.0,29.285714285714285,14.642857142857142,7.040698017343767,False,True,False,False,False,False,False,False,True,False,False,False
2023-03-15,29,23.200000000000003,2,False,3,15,33.0,22.0,30.285714285714285,17.0,6.99319397019429,False,True,False,False,False,False,False,False,True,False,False,False
2023-03-16,24,19.200000000000003,3,False,3,16,29.0,35.0,31.285714285714285,19.071428571428573,6.0474315681476245,False,True,False,False,False,False,False,False,True,False,False,False
2023-03-17,22,17.6,4,False,3,17,24.0,21.0,29.714285714285715,20.785714285714285,6.343350474165455,False,True,False,False,False,False,False,False,True,False,False,False
2023-03-18,16,12.8,5,True,3,18,22.0,39.0,29.857142857142858,22.357142857142858,6.1217800088038405,False,True,False,False,False,False,False,False,True,False,False,False
2023-03-19,20,16.0,6,True,3,19,16.0,35.0,26.571428571428573,23.5,6.5538066001661095,False,True,False,False,False,False,False,False,True,False,False,False
2023-03-20,37,29.6,0,False,3,20,20.0,27.0,24.428571428571427,24.928571428571427,5.740416444159856,False,True,False,False,False,False,False,False,True,False,False,False
2023-03-21,37,29.6,1,False,3,21,37.0,33.0,25.857142857142858,27.571428571428573,7.4705772072527115,False,True,False,False,False,False,False,False,True,False,False,False
2023-03-22,6,4.800000000000001,2,False,3,22,37.0,29.0,26.428571428571427,28.357142857142858,8.22308017831807,False,True,False,False,False,False,False,False,True,False,False,False
2023-03-23,5,4.0,3,False,3,23,6.0,24.0,23.142857142857142,27.214285714285715,11.111984092689768,False,True,False,False,False,False,False,False,True,False,False,False
2023-03-24,1,0.8,4,False,3,24,5.0,22.0,20.428571428571427,25.071428571428573,13.023787760058424,False,True,False,False,False,False,False,False,True,False,False,False
2023-03-25,7,5.6000000000000005,5,True,3,25,1.0,16.0,17.428571428571427,23.642857142857142,14.886875011870277,False,True,False,False,False,False,False,False,True,False,False,False
2023-03-26,14,11.200000000000001,6,True,3,26,7.0,20.0,16.142857142857142,21.357142857142858,15.410262505103233,False,True,False,False,False,False,False,False,True,False,False,False
2023-03-27,31,24.8,0,False,3,27,14.0,37.0,15.285714285714286,19.857142857142858,15.32660307781088,False,True,False,False,False,False,False,False,True,False,False,False
2023-03-28,0,0.0,1,False,3,28,31.0,37.0,14.428571428571429,20.142857142857142,14.02209141387431,False,True,False,False,False,False,False,False,True,False,False,False
2023-03-29,0,0.0,2,False,3,29,0.0,6.0,9.142857142857142,17.785714285714285,10.66815465811796,False,True,False,False,False,False,False,False,True,False,False,False
2023-03-30,16,12.8,3,False,3,30,0.0,5.0,8.285714285714286,15.714285714285714,11.190982764623282,False,True,False,False,False,False,False,False,True,False,False,False
2023-03-31,18,14.4,4,False,3,31,16.0,1.0,9.857142857142858,15.142857142857142,11.422617496711977,False,True,False,False,False,False,False,False,True,False,False,False
2023-04-01,0,0.0,5,True,4,1,18.0,7.0,12.285714285714286,14.857142857142858,11.025943432261416,False,True,False,False,False,False,False,False,True,False,False,False
2023-04-02,0,0.0,6,True,4,2,0.0,14.0,11.285714285714286,13.714285714285714,11.8703311623881,False,True,False,False,False,False,False,False,True,False,False,False
2023-04-03,0,0.0,0,False,4,3,0.0,31.0,9.285714285714286,12.285714285714286,12.499523800453176,False,True,False,False,False,False,False,False,True,False,False,False
2023-04-04,0,0.0,1,False,4,4,0.0,0.0,4.857142857142857,9.642857142857142,8.315218406203009,False,True,False,False,False,False,False,False,True,False,False,False
2023-04-05,0,0.0,2,False,4,5,0.0,0.0,4.857142857142857,7.0,8.315218406203009,False,True,False,False,False,False,False,False,True,False,False,False
2023-04-06,0,0.0,3,False,4,6,0.0,16.0,4.857142857142857,6.571428571428571,8.315218406203009,False,True,False,False,False,False,False,False,True,False,False,False
2023-04-07,35,28.0,4,False,4,7,0.0,18.0,2.5714285714285716,6.214285714285714,6.803360514166104,False,True,False,False,False,False,False,False,True,False,False,False
2023-04-08,35,28.0,5,True,4,8,35.0,0.0,5.0,8.642857142857142,13.228756555322953,False,True,False,False,False,False,False,False,True,False,False,False
2023-04-09,43,34.4,6,True,4,9,35.0,0.0,10.0,10.642857142857142,17.07825127659933,False,True,False,False,False,False,False,False,True,False,False,False
2023-04-10,31,24.8,0,False,4,10,43.0,0.0,16.142857142857142,12.714285714285714,20.30950985317446,False,True,False,False,False,False,False,False,True,False,False,False
2023-04-11,35,28.0,1,False,4,11,31.0,0.0,20.571428571428573,12.714285714285714,19.56916914312871,False,True,False,False,False,False,False,False,True,False,False,False
2023-04-12,52,41.6,2,False,4,12,35.0,0.0,25.571428571428573,15.214285714285714,17.83121927834384,False,True,False,False,False,False,False,False,True,False,False,False
2023-04-13,45,36.0,3,False,4,13,52.0,0.0,33.0,18.928571428571427,16.155494421403514,False,True,False,False,False,False,False,False,True,False,False,False
2023-04-14,41,32.800000000000004,4,False,4,14,45.0,35.0,39.42857142857143,21.0,7.435436388384637,False,True,False,False,False,False,False,False,True,False,False,False
2023-04-15,16,12.8,5,True,4,15,41.0,35.0,40.285714285714285,22.642857142857142,7.181324987175322,False,True,False,False,False,False,False,False,True,False,False,False
2023-04-16,25,20.0,6,True,4,16,16.0,43.0,37.57142857142857,23.785714285714285,11.688415102957618,False,True,False,False,False,False,False,False,True,False,False,False
2023-04-17,12,9.600000000000001,0,False,4,17,25.0,31.0,35.0,25.571428571428573,12.261049438499686,False,True,False,False,False,False,False,False,True,False,False,False
2023-04-18,29,23.200000000000003,1,False,4,18,12.0,35.0,32.285714285714285,26.428571428571427,15.074418570482093,False,True,False,False,False,False,False,False,True,False,False,False
2023-04-19,23,18.400000000000002,2,False,4,19,29.0,52.0,31.428571428571427,28.5,15.064938796834893,False,True,False,False,False,False,False,False,True,False,False,False
2023-04-20,41,32.800000000000004,3,False,4,20,23.0,45.0,27.285714285714285,30.142857142857142,12.175306782093644,False,True,False,False,False,False,False,False,True,False,False,False
2023-04-21,34,27.200000000000003,4,False,4,21,41.0,41.0,26.714285714285715,33.07142857142857,11.265201369916214,False,True,False,False,False,False,False,False,True,False,False,False
2023-04-22,10,8.0,5,True,4,22,34.0,16.0,25.714285714285715,33.0,10.028530728448153,False,True,False,False,False,False,False,False,True,False,False,False
2023-04-23,4,3.2,6,True,4,23,10.0,25.0,24.857142857142858,31.214285714285715,11.186726828829665,False,True,False,False,False,False,False,False,True,False,False,False
2023-04-24,4,3.2,0,False,4,24,4.0,12.0,21.857142857142858,28.428571428571427,13.68001670842757,False,True,False,False,False,False,False,False,True,False,False,False
2023-04-25,9,7.2,1,False,4,25,4.0,29.0,20.714285714285715,26.5,14.91882798920307,False,True,False,False,False,False,False,False,True,False,False,False
2023-04-26,18,14.4,2,False,4,26,9.0,23.0,17.857142857142858,24.642857142857142,14.98252950860404,False,True,False,False,False,False,False,False,True,False,False,False
2023-04-27,50,40.0,3,False,4,27,18.0,41.0,17.142857142857142,22.214285714285715,14.814728835729355,False,True,False,False,False,False,False,False,True,False,False,False
2023-04-28,0,0.0,4,False,4,28,50.0,34.0,18.428571428571427,22.571428571428573,17.395949172696728,False,True,False,False,False,False,False,False,True,False,False,False
2023-04-29,0,0.0,5,True,4,29,0.0,10.0,13.571428571428571,19.642857142857142,17.067094488685374,False,True,False,False,False,False,False,False,True,False,False,False
2023-04-30,13,10.4,6,True,4,30,0.0,4.0,12.142857142857142,18.5,17.817861557330353,False,True,False,False,False,False,False,False,True,False,False,False
2023-05-01,0,0.0,0,False,5,1,13.0,4.0,13.428571428571429,17.642857142857142,17.453339153842396,False,True,False,False,False,False,False,False,True,False,False,False
2023-05-02,0,0.0,1,False,5,2,0.0,9.0,12.857142857142858,16.785714285714285,17.873896902359903,False,True,False,False,False,False,False,False,True,False,False,False
2023-05-03,0,0.0,2,False,5,3,0.0,18.0,11.571428571428571,14.714285714285714,18.50997157261588,False,True,False,False,False,False,False,False,True,False,False,False
2023-05-04,0,0.0,3,False,5,4,0.0,50.0,9.0,13.071428571428571,18.717193521821955,False,True,False,False,False,False,False,False,True,False,False,False
2023-05-05,0,0.0,4,False,5,5,0.0,0.0,1.8571428571428572,10.142857142857142,4.913538149119991,False,True,False,False,False,False,False,False,True,False,False,False
2023-05-06,0,0.0,5,True,5,6,0.0,0.0,1.8571428571428572,7.714285714285714,4.913538149119991,False,True,False,False,False,False,False,False,True,False,False,False
2023-05-07,50,40.0,6,True,5,7,0.0,13.0,1.8571428571428572,7.0,4.913538149119991,False,True,False,False,False,False,False,False,True,False,False,False
2023-05-08,41,32.800000000000004,0,False,5,8,50.0,0.0,7.142857142857143,10.285714285714286,18.89822365046136,False,True,False,False,False,False,False,False,True,False,False,False
2023-05-09,56,44.800000000000004,1,False,5,9,41.0,0.0,13.0,12.928571428571429,22.35322497239865,False,True,False,False,False,False,False,False,True,False,False,False
2023-05-10,36,28.8,2,False,5,10,56.0,0.0,21.0,16.285714285714285,26.551836094703507,False,True,False,False,False,False,False,False,True,False,False,False
2023-05-11,40,32.0,3,False,5,11,36.0,0.0,26.142857142857142,17.571428571428573,25.261489606570258,False,True,False,False,False,False,False,False,True,False,False,False
2023-05-12,57,45.6,4,False,5,12,40.0,0.0,31.857142857142858,16.857142857142858,22.762751528382,False,True,False,False,False,False,False,False,True,False,False,False
2023-05-13,48,38.400000000000006,5,True,5,13,57.0,0.0,40.0,20.928571428571427,19.4164878389476,False,True,False,False,False,False,False,False,True,False,False,False
2023-05-14,52,41.6,6,True,5,14,48.0,50.0,46.857142857142854,24.357142857142858,8.13282590142302,False,True,False,False,False,False,False,False,True,False,False,False
2023-05-15,27,21.6,0,False,5,15,52.0,41.0,47.142857142857146,27.142857142857142,8.295150620062534,False,True,False,False,False,False,False,False,True,False,False,False
2023-05-16,34,27.200000000000003,1,False,5,16,27.0,56.0,45.142857142857146,29.071428571428573,11.201615529743489,False,True,False,False,False,False,False,False,True,False,False,False
2023-05-17,21,16.8,2,False,5,17,34.0,36.0,42.0,31.5,10.723805294763606,False,True,False,False,False,False,False,False,True,False,False,False
2023-05-18,39,31.200000000000003,3,False,5,18,21.0,40.0,39.857142857142854,33.0,13.309502512973845,False,True,False,False,False,False,False,False,True,False,False,False
2023-05-19,42,33.6,4,False,5,19,39.0,57.0,39.714285714285715,35.785714285714285,13.313079855469026,False,True,False,False,False,False,False,False,True,False,False,False
2023-05-20,54,43.2,5,True,5,20,42.0,48.0,37.57142857142857,38.785714285714285,11.088389466120896,False,True,False,False,False,False,False,False,True,False,False,False
2023-05-21,49,39.2,6,True,5,21,54.0,52.0,38.42857142857143,42.642857142857146,12.204604907672385,False,True,False,False,False,False,False,False,True,False,False,False
2023-05-22,9,7.2,0,False,5,22,49.0,27.0,38.0,42.57142857142857,11.690451944500118,False,True,False,False,False,False,False,False,True,False,False,False
2023-05-23,8,6.4,1,False,5,23,9.0,34.0,35.42857142857143,40.285714285714285,15.778224898650066,False,True,False,False,False,False,False,False,True,False,False,False
2023-05-24,4,3.2,2,False,5,24,8.0,21.0,31.714285714285715,36.857142857142854,18.918371016151518,False,True,False,False,False,False,False,False,True,False,False,False
2023-05-25,7,5.6000000000000005,3,False,5,25,4.0,39.0,29.285714285714285,34.57142857142857,21.445390225052137,False,True,False,False,False,False,False,False,True,False,False,False
2023-05-26,14,11.200000000000001,4,False,5,26,7.0,42.0,24.714285714285715,32.214285714285715,22.41810492819204,False,True,False,False,False,False,False,False,True,False,False,False
2023-05-27,65,52.0,5,True,5,27,14.0,54.0,20.714285714285715,29.142857142857142,21.289389264093387,False,True,False,False,False,False,False,False,True,False,False,False
2023-05-28,0,0.0,6,True,5,28,65.0,49.0,22.285714285714285,30.357142857142858,24.342790073683584,False,True,False,False,False,False,False,False,True,False,False,False
2023-05-29,0,0.0,0,False,5,29,0.0,9.0,15.285714285714286,26.642857142857142,22.34363657147365,False,True,False,False,False,False,False,False,True,False,False,False
2023-05-30,33,26.400000000000002,1,False,5,30,0.0,8.0,14.0,24.714285714285715,23.014488190413143,False,True,False,False,False,False,False,False,True,False,False,False
2023-05-31,27,21.6,2,False,5,31,33.0,4.0,17.571428571428573,24.642857142857142,23.85272271570649,False,True,False,False,False,False,False,False,True,False,False,False
2023-06-01,0,0.0,3,False,6,1,27.0,7.0,20.857142857142858,25.071428571428573,23.248143807112644,False,True,False,False,False,False,False,False,True,False,False,False
2023-06-02,0,0.0,4,False,6,2,0.0,14.0,19.857142857142858,22.285714285714285,24.07923428619613,False,True,False,False,False,False,False,False,True,False,False,False
2023-06-03,0,0.0,5,True,6,3,0.0,65.0,17.857142857142858,19.285714285714285,25.202040733695686,False,True,False,False,False,False,False,False,True,False,False,False
2023-06-04,0,0.0,6,True,6,4,0.0,0.0,8.571428571428571,15.428571428571429,14.740614447359837,False,True,False,False,False,False,False,False,True,False,False,False
2023-06-05,0,0.0,0,False,6,5,0.0,0.0,8.571428571428571,11.928571428571429,14.740614447359837,False,True,False,False,False,False,False,False,True,False,False,False
2023-06-06,0,0.0,1,False,6,6,0.0,33.0,8.571428571428571,11.285714285714286,14.740614447359837,False,True,False,False,False,False,False,False,True,False,False,False
2023-06-07,48,38.400000000000006,2,False,6,7,0.0,27.0,3.857142857142857,10.714285714285714,10.205040771249095,False,True,False,False,False,False,False,False,True,False,False,False
2023-06-08,46,36.800000000000004,3,False,6,8,48.0,0.0,6.857142857142857,13.857142857142858,18.142294704442907,False,True,False,False,False,False,False,False,True,False,False,False
2023-06-09,69,55.2,4,False,6,9,46.0,0.0,13.428571428571429,16.642857142857142,22.940917904166657,False,True,False,False,False,False,False,False,True,False,False,False
2023-06-10,46,36.800000000000004,5,True,6,10,69.0,0.0,23.285714285714285,20.571428571428573,29.959496467254393,False,True,False,False,False,False,False,False,True,False,False,False
2023-06-11,55,44.0,6,True,6,11,46.0,0.0,29.857142857142858,19.214285714285715,29.03118192236623,False,True,False,False,False,False,False,False,True,False,False,False
2023-06-12,56,44.800000000000004,0,False,6,12,55.0,0.0,37.714285714285715,23.142857142857142,26.97353200030409,False,True,False,False,False,False,False,False,True,False,False,False
2023-06-13,62,49.6,1,False,6,13,56.0,0.0,45.714285714285715,27.142857142857142,21.71569544296081,False,True,False,False,False,False,False,False,True,False,False,False
2023-06-14,56,44.800000000000004,2,False,6,14,62.0,48.0,54.57142857142857,29.214285714285715,8.715066319448255,False,True,False,False,False,False,False,False,True,False,False,False
2023-06-15,36,28.8,3,False,6,15,56.0,46.0,55.714285714285715,31.285714285714285,8.220184217609054,False,True,False,False,False,False,False,False,True,False,False,False
2023-06-16,39,31.200000000000003,4,False,6,16,36.0,69.0,54.285714285714285,33.857142857142854,10.688222267435107,False,True,False,False,False,False,False,False,True,False,False,False
2023-06-17,28,22.400000000000002,5,True,6,17,39.0,46.0,50.0,36.642857142857146,9.780933834080825,False,True,False,False,False,False,False,False,True,False,False,False
2023-06-18,40,32.0,6,True,6,18,28.0,55.0,47.42857142857143,38.642857142857146,12.882250616735465,False,True,False,False,False,False,False,False,True,False,False,False
2023-06-19,40,32.0,0,False,6,19,40.0,56.0,45.285714285714285,41.5,12.658518682614309,False,True,False,False,False,False,False,False,True,False,False,False
2023-06-20,50,40.0,1,False,6,20,40.0,62.0,43.0,44.357142857142854,11.818065267490567,False,True,False,False,False,False,False,False,True,False,False,False
2023-06-21,63,50.400000000000006,2,False,6,21,50.0,56.0,41.285714285714285,47.92857142857143,9.178131358729587,False,True,False,False,False,False,False,False,True,False,False,False
2023-06-22,5,4.0,3,False,6,22,63.0,36.0,42.285714285714285,49.0,11.205865810879086,False,True,False,False,False,False,False,False,True,False,False,False
2023-06-23,10,8.0,4,False,6,23,5.0,39.0,37.857142857142854,46.07142857142857,18.105510868504208,False,True,False,False,False,False,False,False,True,False,False,False
2023-06-24,7,5.6000000000000005,5,True,6,24,10.0,28.0,33.714285714285715,41.857142857142854,20.902266908274857,False,True,False,False,False,False,False,False,True,False,False,False
2023-06-25,12,9.600000000000001,6,True,6,25,7.0,40.0,30.714285714285715,39.07142857142857,23.235850789346234,False,True,False,False,False,False,False,False,True,False,False,False
2023-06-26,15,12.0,0,False,6,26,12.0,40.0,26.714285714285715,36.0,23.77473649145444,False,True,False,False,False,False,False,False,True,False,False,False
2023-06-27,56,44.800000000000004,1,False,6,27,15.0,50.0,23.142857142857142,33.07142857142857,23.319723922240676,False,True,False,False,False,False,False,False,True,False,False,False
2023-06-28,0,0.0,2,False,6,28,56.0,63.0,24.0,32.642857142857146,24.549270186029297,False,True,False,False,False,False,False,False,True,False,False,False
2023-06-29,0,0.0,3,False,6,29,0.0,5.0,15.0,28.642857142857142,18.7260958735842,False,True,False,False,False,False,False,False,True,False,False,False
2023-06-30,40,32.0,4,False,6,30,0.0,10.0,14.285714285714286,26.071428571428573,19.258887867806965,False,True,False,False,False,False,False,False,True,False,False,False
2023-01-15,1,8.95,6,True,1,15,4.0,3.0,3.0,1.5714285714285714,2.081665999466133,False,True,False,False,False,False,False,False,False,True,False,False
2023-01-16,4,36.349999999999994,0,False,1,16,1.0,1.0,2.7142857142857144,1.6428571428571428,2.214669705568283,False,True,False,False,False,False,False,False,False,True,False,False
2023-01-17,1,9.5,1,False,1,17,4.0,3.0,3.142857142857143,1.9285714285714286,2.1157009420498154,False,True,False,False,False,False,False,False,False,True,False,False
2023-01-18,4,35.8,2,False,1,18,1.0,2.0,2.857142857142857,2.0,2.2677868380553634,False,True,False,False,False,False,False,False,False,True,False,False
2023-01-19,2,18.2,3,False,1,19,4.0,1.0,3.142857142857143,2.2857142857142856,2.2677868380553634,False,True,False,False,False,False,False,False,False,True,False,False
2023-01-20,3,27.75,4,False,1,20,2.0,7.0,3.2857142857142856,2.4285714285714284,2.138089935299395,False,True,False,False,False,False,False,False,False,True,False,False
2023-01-21,2,18.2,5,True,1,21,3.0,4.0,2.7142857142857144,2.642857142857143,1.3801311186847085,False,True,False,False,False,False,False,False,False,True,False,False
2023-01-22,1,8.95,6,True,1,22,2.0,1.0,2.4285714285714284,2.7142857142857144,1.2724180205607034,False,True,False,False,False,False,False,False,False,True,False,False
2023-01-23,1,8.95,0,False,1,23,1.0,4.0,2.4285714285714284,2.5714285714285716,1.2724180205607034,False,True,False,False,False,False,False,False,False,True,False,False
2023-01-24,3,27.15,1,False,1,24,1.0,1.0,2.0,2.5714285714285716,1.1547005383792515,False,True,False,False,False,False,False,False,False,True,False,False
2023-01-25,3,26.849999999999998,2,False,1,25,3.0,4.0,2.2857142857142856,2.5714285714285716,1.1126972805283735,False,True,False,False,False,False,False,False,False,True,False,False
2023-01-26,4,37.8,3,False,1,26,3.0,2.0,2.142857142857143,2.642857142857143,0.8997354108424372,False,True,False,False,False,False,False,False,False,True,False,False
2023-01-27,0,0.0,4,False,1,27,4.0,3.0,2.4285714285714284,2.857142857142857,1.1338934190276817,False,True,False,False,False,False,False,False,False,True,False,False
2023-01-28,0,0.0,5,True,1,28,0.0,2.0,2.0,2.357142857142857,1.414213562373095,False,True,False,False,False,False,False,False,False,True,False,False
2023-01-29,0,0.0,6,True,1,29,0.0,1.0,1.7142857142857142,2.0714285714285716,1.6035674514745462,False,True,False,False,False,False,False,False,False,True,False,False
2023-01-30,1,8.95,0,False,1,30,0.0,1.0,1.5714285714285714,2.0,1.7182493859684491,False,True,False,False,False,False,False,False,False,True,False,False
2023-01-31,5,45.3,1,False,1,31,1.0,3.0,1.5714285714285714,1.7857142857142858,1.7182493859684491,False,True,False,False,False,False,False,False,False,True,False,False
2023-02-01,0,0.0,2,False,2,1,5.0,3.0,1.8571428571428572,2.0714285714285716,2.115700942049815,False,True,False,False,False,False,False,False,False,True,False,False
2023-02-02,0,0.0,3,False,2,2,0.0,4.0,1.4285714285714286,1.7857142857142858,2.1491969707422394,False,True,False,False,False,False,False,False,False,True,False,False
2023-02-03,0,0.0,4,False,2,3,0.0,0.0,0.8571428571428571,1.6428571428571428,1.8644544714716085,False,True,False,False,False,False,False,False,False,True,False,False
2023-02-04,0,0.0,5,True,2,4,0.0,0.0,0.8571428571428571,1.4285714285714286,1.8644544714716085,False,True,False,False,False,False,False,False,False,True,False,False
2023-02-05,0,0.0,6,True,2,5,0.0,0.0,0.8571428571428571,1.2857142857142858,1.8644544714716085,False,True,False,False,False,False,False,False,False,True,False,False
2023-02-06,0,0.0,0,False,2,6,0.0,1.0,0.8571428571428571,1.2142857142857142,1.8644544714716085,False,True,False,False,False,False,False,False,False,True,False,False
2023-02-07,0,0.0,1,False,2,7,0.0,5.0,0.7142857142857143,1.1428571428571428,1.8898223650461357,False,True,False,False,False,False,False,False,False,True,False,False
2023-02-08,1,8.95,2,False,2,8,0.0,0.0,0.0,0.9285714285714286,0.0,False,True,False,False,False,False,False,False,False,True,False,False
2023-02-09,1,8.95,3,False,2,9,1.0,0.0,0.14285714285714285,0.7857142857142857,0.37796447300922725,False,True,False,False,False,False,False,False,False,True,False,False
2023-02-10,2,17.9,4,False,2,10,1.0,0.0,0.2857142857142857,0.5714285714285714,0.4879500364742666,False,True,False,False,False,False,False,False,False,True,False,False
2023-02-11,0,0.0,5,True,2,11,2.0,0.0,0.5714285714285714,0.7142857142857143,0.7867957924694432,False,True,False,False,False,False,False,False,False,True,False,False
2023-02-12,3,28.849999999999998,6,True,2,12,0.0,0.0,0.5714285714285714,0.7142857142857143,0.7867957924694432,False,True,False,False,False,False,False,False,False,True,False,False
2023-02-13,3,28.849999999999998,0,False,2,13,3.0,0.0,1.0,0.9285714285714286,1.1547005383792515,False,True,False,False,False,False,False,False,False,True,False,False
2023-02-14,7,68.64999999999999,1,False,2,14,3.0,0.0,1.4285714285714286,1.0714285714285714,1.2724180205607034,False,True,False,False,False,False,False,False,False,True,False,False
2023-02-15,4,37.8,2,False,2,15,7.0,1.0,2.4285714285714284,1.2142857142857142,2.29906813420444,False,True,False,False,False,False,False,False,False,True,False,False
2023-02-16,4,36.349999999999994,3,False,2,16,4.0,1.0,2.857142857142857,1.5,2.267786838055363,False,True,False,False,False,False,False,False,False,True,False,False
2023-02-17,0,0.0,4,False,2,17,4.0,2.0,3.2857142857142856,1.7857142857142858,2.1380899352993947,False,True,False,False,False,False,False,False,False,True,False,False
2023-02-18,4,36.349999999999994,5,True,2,18,0.0,0.0,3.0,1.7857142857142858,2.449489742783178,False,True,False,False,False,False,False,False,False,True,False,False
2023-02-19,3,27.45,6,True,2,19,4.0,3.0,3.5714285714285716,2.0714285714285716,2.070196678027062,False,True,False,False,False,False,False,False,False,True,False,False
2023-02-20,1,9.25,0,False,2,20,3.0,3.0,3.5714285714285716,2.2857142857142856,2.070196678027062,False,True,False,False,False,False,False,False,False,True,False,False
2023-02-21,0,0.0,1,False,2,21,1.0,7.0,3.2857142857142856,2.357142857142857,2.288688541085317,False,True,False,False,False,False,False,False,False,True,False,False
2023-02-22,3,27.4,2,False,2,22,0.0,4.0,2.2857142857142856,2.357142857142857,1.889822365046136,False,True,False,False,False,False,False,False,False,True,False,False
2023-02-23,0,0.0,3,False,2,23,3.0,4.0,2.142857142857143,2.5,1.772810520855837,False,True,False,False,False,False,False,False,False,True,False,False
2023-02-24,3,26.849999999999998,4,False,2,24,0.0,0.0,1.5714285714285714,2.4285714285714284,1.7182493859684496,False,True,False,False,False,False,False,False,False,True,False,False
2023-02-25,7,64.94999999999999,5,True,2,25,3.0,4.0,2.0,2.5,1.6329931618554525,False,True,False,False,False,False,False,False,False,True,False,False
2023-02-26,4,38.099999999999994,6,True,2,26,7.0,3.0,2.4285714285714284,3.0,2.4397501823713332,False,True,False,False,False,False,False,False,False,True,False,False
2023-02-27,0,0.0,0,False,2,27,4.0,1.0,2.5714285714285716,3.0714285714285716,2.507132682112035,False,True,False,False,False,False,False,False,False,True,False,False
2023-02-28,0,0.0,1,False,2,28,0.0,0.0,2.4285714285714284,2.857142857142857,2.63673679998231,False,True,False,False,False,False,False,False,False,True,False,False
2023-03-01,0,0.0,2,False,3,1,0.0,3.0,2.4285714285714284,2.357142857142857,2.63673679998231,False,True,False,False,False,False,False,False,False,True,False,False
2023-03-02,0,0.0,3,False,3,2,0.0,0.0,2.0,2.0714285714285716,2.7688746209726918,False,True,False,False,False,False,False,False,False,True,False,False
2023-03-03,0,0.0,4,False,3,3,0.0,3.0,2.0,1.7857142857142858,2.7688746209726918,False,True,False,False,False,False,False,False,False,True,False,False
2023-03-04,0,0.0,5,True,3,4,0.0,7.0,1.5714285714285714,1.7857142857142858,2.819996622760558,False,True,False,False,False,False,False,False,False,True,False,False
2023-03-05,0,0.0,6,True,3,5,0.0,4.0,0.5714285714285714,1.5,1.5118578920369095,False,True,False,False,False,False,False,False,False,True,False,False
2023-03-06,0,0.0,0,False,3,6,0.0,0.0,0.0,1.2857142857142858,0.0,False,True,False,False,False,False,False,False,False,True,False,False
2023-03-07,1,8.95,1,False,3,7,0.0,0.0,0.0,1.2142857142857142,0.0,False,True,False,False,False,False,False,False,False,True,False,False
2023-03-08,4,36.9,2,False,3,8,1.0,0.0,0.14285714285714285,1.2857142857142858,0.37796447300922725,False,True,False,False,False,False,False,False,False,True,False,False
2023-03-09,1,8.95,3,False,3,9,4.0,0.0,0.7142857142857143,1.3571428571428572,1.4960264830861913,False,True,False,False,False,False,False,False,False,True,False,False
2023-03-10,2,18.45,4,False,3,10,1.0,0.0,0.8571428571428571,1.4285714285714286,1.4638501094227998,False,True,False,False,False,False,False,False,False,True,False,False
2023-03-11,3,27.4,5,True,3,11,2.0,0.0,1.1428571428571428,1.3571428571428572,1.4638501094227998,False,True,False,False,False,False,False,False,False,True,False,False
2023-03-12,4,37.8,6,True,3,12,3.0,0.0,1.5714285714285714,1.0714285714285714,1.511857892036909,False,True,False,False,False,False,False,False,False,True,False,False
2023-03-13,6,54.8,0,False,3,13,4.0,0.0,2.142857142857143,1.0714285714285714,1.5735915849388864,False,True,False,False,False,False,False,False,False,True,False,False
2023-03-14,9,81.1,1,False,3,14,6.0,1.0,3.0,1.5,1.8257418583505538,False,True,False,False,False,False,False,False,False,True,False,False
2023-03-15,5,44.75,2,False,3,15,9.0,4.0,4.142857142857143,2.142857142857143,2.6726124191242437,False,True,False,False,False,False,False,False,False,True,False,False
2023-03-16,1,9.5,3,False,3,16,5.0,1.0,4.285714285714286,2.5,2.6903708365381966,False,True,False,False,False,False,False,False,False,True,False,False
2023-03-17,0,0.0,4,False,3,17,1.0,2.0,4.285714285714286,2.5714285714285716,2.6903708365381966,False,True,False,False,False,False,False,False,False,True,False,False
2023-03-18,4,35.8,5,True,3,18,0.0,3.0,4.0,2.5714285714285716,3.055050463303893,False,True,False,False,False,False,False,False,False,True,False,False
2023-03-19,3,27.15,6,True,3,19,4.0,4.0,4.142857142857143,2.857142857142857,3.0237157840738176,False,True,False,False,False,False,False,False,False,True,False,False
2023-03-20,4,38.099999999999994,0,False,3,20,3.0,6.0,4.0,3.0714285714285716,3.055050463303893,False,True,False,False,False,False,False,False,False,True,False,False
2023-03-21,2,18.2,1,False,3,21,4.0,9.0,3.7142857142857144,3.357142857142857,2.9277002188455987,False,True,False,False,False,False,False,False,False,True,False,False
2023-03-22,1,8.95,2,False,3,22,2.0,5.0,2.7142857142857144,3.4285714285714284,1.7994708216848734,False,True,False,False,False,False,False,False,False,True,False,False
2023-03-23,2,17.9,3,False,3,23,1.0,1.0,2.142857142857143,3.2142857142857144,1.5735915849388848,False,True,False,False,False,False,False,False,False,True,False,False
2023-03-24,3,26.849999999999998,4,False,3,24,2.0,0.0,2.2857142857142856,3.2857142857142856,1.4960264830861896,False,True,False,False,False,False,False,False,False,True,False,False
2023-03-25,4,35.8,5,True,3,25,3.0,4.0,2.7142857142857144,3.357142857142857,1.1126972805283715,False,True,False,False,False,False,False,False,False,True,False,False
2023-03-26,5,47.05,6,True,3,26,4.0,3.0,2.7142857142857144,3.4285714285714284,1.1126972805283715,False,True,False,False,False,False,False,False,False,True,False,False
2023-03-27,0,0.0,0,False,3,27,5.0,4.0,3.0,3.5,1.4142135623730936,False,True,False,False,False,False,False,False,False,True,False,False
2023-03-28,0,0.0,1,False,3,28,0.0,2.0,2.4285714285714284,3.0714285714285716,1.7182493859684478,False,True,False,False,False,False,False,False,False,True,False,False
2023-03-29,0,0.0,2,False,3,29,0.0,1.0,2.142857142857143,2.4285714285714284,1.951800145897065,False,True,False,False,False,False,False,False,False,True,False,False
2023-03-30,2,18.45,3,False,3,30,0.0,2.0,2.0,2.0714285714285716,2.0816659994661317,False,True,False,False,False,False,False,False,False,True,False,False
2023-03-31,3,26.849999999999998,4,False,3,31,2.0,3.0,2.0,2.142857142857143,2.0816659994661317,False,True,False,False,False,False,False,False,False,True,False,False
2023-04-01,0,0.0,5,True,4,1,3.0,4.0,2.0,2.357142857142857,2.0816659994661317,False,True,False,False,False,False,False,False,False,True,False,False
2023-04-02,0,0.0,6,True,4,2,0.0,5.0,1.4285714285714286,2.0714285714285716,1.9880595947760085,False,True,False,False,False,False,False,False,False,True,False,False
2023-04-03,0,0.0,0,False,4,3,0.0,0.0,0.7142857142857143,1.8571428571428572,1.2535663410560152,False,True,False,False,False,False,False,False,False,True,False,False
2023-04-04,0,0.0,1,False,4,4,0.0,0.0,0.7142857142857143,1.5714285714285714,1.2535663410560152,False,True,False,False,False,False,False,False,False,True,False,False
2023-04-05,0,0.0,2,False,4,5,0.0,0.0,0.7142857142857143,1.4285714285714286,1.2535663410560152,False,True,False,False,False,False,False,False,False,True,False,False
2023-04-06,0,0.0,3,False,4,6,0.0,2.0,0.7142857142857143,1.3571428571428572,1.2535663410560152,False,True,False,False,False,False,False,False,False,True,False,False
2023-04-07,2,20.45,4,False,4,7,0.0,3.0,0.42857142857142855,1.2142857142857142,1.1338934190276793,False,True,False,False,False,False,False,False,False,True,False,False
2023-04-08,5,47.3,5,True,4,8,2.0,0.0,0.2857142857142857,1.1428571428571428,0.7559289460184545,False,True,False,False,False,False,False,False,False,True,False,False
2023-04-09,3,26.849999999999998,6,True,4,9,5.0,0.0,1.0,1.2142857142857142,1.9148542155126762,False,True,False,False,False,False,False,False,False,True,False,False
2023-04-10,8,73.55,0,False,4,10,3.0,0.0,1.4285714285714286,1.0714285714285714,1.9880595947760098,False,True,False,False,False,False,False,False,False,True,False,False
2023-04-11,1,8.95,1,False,4,11,8.0,0.0,2.5714285714285716,1.6428571428571428,3.04724700110022,False,True,False,False,False,False,False,False,False,True,False,False
2023-04-12,6,56.25,2,False,4,12,1.0,0.0,2.7142857142857144,1.7142857142857142,2.9277002188455996,False,True,False,False,False,False,False,False,False,True,False,False
2023-04-13,5,45.3,3,False,4,13,6.0,0.0,3.5714285714285716,2.142857142857143,2.8784916685156974,False,True,False,False,False,False,False,False,False,True,False,False
2023-04-14,12,110.5,4,False,4,14,5.0,2.0,4.285714285714286,2.357142857142857,2.4299715851758235,False,True,False,False,False,False,False,False,False,True,False,False
2023-04-15,1,8.95,5,True,4,15,12.0,5.0,5.714285714285714,3.0,3.5456210417116734,False,True,False,False,False,False,False,False,False,True,False,False
2023-04-16,4,36.349999999999994,6,True,4,16,1.0,3.0,5.142857142857143,3.0714285714285716,3.9761191895520196,False,True,False,False,False,False,False,False,False,True,False,False
2023-04-17,1,9.5,0,False,4,17,4.0,8.0,5.285714285714286,3.357142857142857,3.9036002917941333,False,True,False,False,False,False,False,False,False,True,False,False
2023-04-18,4,36.349999999999994,1,False,4,18,1.0,1.0,4.285714285714286,3.4285714285714284,3.9880774697543053,False,True,False,False,False,False,False,False,False,True,False,False
2023-04-19,3,27.45,2,False,4,19,4.0,6.0,4.714285714285714,3.7142857142857144,3.728908942943218,False,True,False,False,False,False,False,False,False,True,False,False
2023-04-20,2,18.5,3,False,4,20,3.0,5.0,4.285714285714286,3.9285714285714284,3.7289089429432174,False,True,False,False,False,False,False,False,False,True,False,False
2023-04-21,2,18.2,4,False,4,21,2.0,12.0,3.857142857142857,4.071428571428571,3.804758924845367,False,True,False,False,False,False,False,False,False,True,False,False
2023-04-22,3,27.4,5,True,4,22,2.0,1.0,2.4285714285714284,4.071428571428571,1.2724180205606979,False,True,False,False,False,False,False,False,False,True,False,False
2023-04-23,2,17.9,6,True,4,23,3.0,4.0,2.7142857142857144,3.9285714285714284,1.1126972805283677,False,True,False,False,False,False,False,False,False,True,False,False
2023-04-24,3,27.45,0,False,4,24,2.0,1.0,2.4285714285714284,3.857142857142857,0.9759000729485257,False,True,False,False,False,False,False,False,False,True,False,False
2023-04-25,6,54.0,1,False,4,25,3.0,4.0,2.7142857142857144,3.5,0.755928946018446,False,True,False,False,False,False,False,False,False,True,False,False
2023-04-26,4,40.099999999999994,2,False,4,26,6.0,3.0,3.0,3.857142857142857,1.4142135623730914,False,True,False,False,False,False,False,False,False,True,False,False
2023-04-27,0,0.0,3,False,4,27,4.0,2.0,3.142857142857143,3.7142857142857144,1.4638501094227965,False,True,False,False,False,False,False,False,False,True,False,False
2023-04-28,0,0.0,4,False,4,28,0.0,2.0,2.857142857142857,3.357142857142857,1.8644544714716056,False,True,False,False,False,False,False,False,False,True,False,False
2023-04-29,0,0.0,5,True,4,29,0.0,3.0,2.5714285714285716,2.5,2.1491969707422363,False,True,False,False,False,False,False,False,False,True,False,False
2023-04-30,2,17.9,6,True,4,30,0.0,2.0,2.142857142857143,2.4285714285714284,2.340126166724875,False,True,False,False,False,False,False,False,False,True,False,False
2023-05-01,0,0.0,0,False,5,1,2.0,3.0,2.142857142857143,2.2857142857142856,2.340126166724875,False,True,False,False,False,False,False,False,False,True,False,False
2023-05-02,0,0.0,1,False,5,2,0.0,6.0,1.7142857142857142,2.2142857142857144,2.429971585175819,False,True,False,False,False,False,False,False,False,True,False,False
2023-05-03,0,0.0,2,False,5,3,0.0,4.0,0.8571428571428571,1.9285714285714286,1.5735915849388769,False,True,False,False,False,False,False,False,False,True,False,False
2023-05-04,0,0.0,3,False,5,4,0.0,0.0,0.2857142857142857,1.7142857142857142,0.7559289460184317,False,True,False,False,False,False,False,False,False,True,False,False
2023-05-05,0,0.0,4,False,5,5,0.0,0.0,0.2857142857142857,1.5714285714285714,0.7559289460184317,False,True,False,False,False,False,False,False,False,True,False,False
2023-05-06,0,0.0,5,True,5,6,0.0,0.0,0.2857142857142857,1.4285714285714286,0.7559289460184317,False,True,False,False,False,False,False,False,False,True,False,False
2023-05-07,0,0.0,6,True,5,7,0.0,2.0,0.2857142857142857,1.2142857142857142,0.7559289460184317,False,True,False,False,False,False,False,False,False,True,False,False
2023-05-08,6,54.8,0,False,5,8,0.0,0.0,0.0,1.0714285714285714,0.0,False,True,False,False,False,False,False,False,False,True,False,False
2023-05-09,2,17.9,1,False,5,9,6.0,0.0,0.8571428571428571,1.2857142857142858,2.2677868380553634,False,True,False,False,False,False,False,False,False,True,False,False
2023-05-10,9,81.94999999999999,2,False,5,10,2.0,0.0,1.1428571428571428,1.0,2.2677868380553634,False,True,False,False,False,False,False,False,False,True,False,False
2023-05-11,3,27.4,3,False,5,11,9.0,0.0,2.4285714285714284,1.3571428571428572,3.6449573777637356,False,True,False,False,False,False,False,False,False,True,False,False
2023-05-12,7,65.19999999999999,4,False,5,12,3.0,0.0,2.857142857142857,1.5714285714285714,3.484660262185848,False,True,False,False,False,False,False,False,False,True,False,False
2023-05-13,8,75.25,5,True,5,13,7.0,0.0,3.857142857142857,2.0714285714285716,3.532165125838609,False,True,False,False,False,False,False,False,False,True,False,False
2023-05-14,11,101.0,6,True,5,14,8.0,0.0,5.0,2.642857142857143,3.366501646120693,False,True,False,False,False,False,False,False,False,True,False,False
2023-05-15,5,46.75,0,False,5,15,11.0,6.0,6.571428571428571,3.2857142857142856,3.2071349029490928,False,True,False,False,False,False,False,False,False,True,False,False
2023-05-16,5,45.3,1,False,5,16,5.0,2.0,6.428571428571429,3.642857142857143,3.2586880211286906,False,True,False,False,False,False,False,False,False,True,False,False
2023-05-17,2,18.45,2,False,5,17,5.0,9.0,6.857142857142857,4.0,2.734262327610589,False,True,False,False,False,False,False,False,False,True,False,False
2023-05-18,10,90.05,3,False,5,18,2.0,3.0,5.857142857142857,4.142857142857143,3.0783421635988546,False,True,False,False,False,False,False,False,False,True,False,False
2023-05-19,4,37.5,4,False,5,19,10.0,7.0,6.857142857142857,4.857142857142857,3.132015933791495,False,True,False,False,False,False,False,False,False,True,False,False
2023-05-20,6,56.3,5,True,5,20,4.0,8.0,6.428571428571429,5.142857142857143,3.309438162646486,False,True,False,False,False,False,False,False,False,True,False,False
2023-05-21,3,26.849999999999998,6,True,5,21,6.0,11.0,6.142857142857143,5.571428571428571,3.236694374850748,False,True,False,False,False,False,False,False,False,True,False,False
2023-05-22,3,27.4,0,False,5,22,3.0,5.0,5.0,5.785714285714286,2.5819888974716108,False,True,False,False,False,False,False,False,False,True,False,False
2023-05-23,3,26.849999999999998,1,False,5,23,3.0,5.0,4.714285714285714,5.571428571428571,2.690370836538197,False,True,False,False,False,False,False,False,False,True,False,False
2023-05-24,1,8.95,2,False,5,24,3.0,2.0,4.428571428571429,5.642857142857143,2.7602622373694166,False,True,False,False,False,False,False,False,False,True,False,False
2023-05-25,6,54.0,3,False,5,25,1.0,10.0,4.285714285714286,5.071428571428571,2.9277002188455996,False,True,False,False,False,False,False,False,False,True,False,False
2023-05-26,6,54.3,4,False,5,26,6.0,4.0,3.7142857142857144,5.285714285714286,1.799470821684875,False,True,False,False,False,False,False,False,False,True,False,False
2023-05-27,0,0.0,5,True,5,27,6.0,6.0,4.0,5.214285714285714,2.0,False,True,False,False,False,False,False,False,False,True,False,False
2023-05-28,0,0.0,6,True,5,28,0.0,3.0,3.142857142857143,4.642857142857143,2.267786838055364,False,True,False,False,False,False,False,False,False,True,False,False
2023-05-29,0,0.0,0,False,5,29,0.0,3.0,2.7142857142857144,3.857142857142857,2.5634797778466236,False,True,False,False,False,False,False,False,False,True,False,False
2023-05-30,2,17.9,1,False,5,30,0.0,3.0,2.2857142857142856,3.5,2.7516228977511754,False,True,False,False,False,False,False,False,False,True,False,False
2023-05-31,6,54.0,2,False,5,31,2.0,1.0,2.142857142857143,3.2857142857142856,2.73426232761059,False,True,False,False,False,False,False,False,False,True,False,False
2023-06-01,0,0.0,3,False,6,1,6.0,6.0,2.857142857142857,3.5714285714285716,3.0237157840738185,False,True,False,False,False,False,False,False,False,True,False,False
2023-06-02,0,0.0,4,False,6,2,0.0,6.0,2.0,2.857142857142857,2.828427124746191,False,True,False,False,False,False,False,False,False,True,False,False
2023-06-03,0,0.0,5,True,6,3,0.0,0.0,1.1428571428571428,2.5714285714285716,2.2677868380553647,False,True,False,False,False,False,False,False,False,True,False,False
2023-06-04,0,0.0,6,True,6,4,0.0,0.0,1.1428571428571428,2.142857142857143,2.2677868380553647,False,True,False,False,False,False,False,False,False,True,False,False
2023-06-05,0,0.0,0,False,6,5,0.0,0.0,1.1428571428571428,1.9285714285714286,2.2677868380553647,False,True,False,False,False,False,False,False,False,True,False,False
2023-06-06,0,0.0,1,False,6,6,0.0,2.0,1.1428571428571428,1.7142857142857142,2.2677868380553647,False,True,False,False,False,False,False,False,False,True,False,False
2023-06-07,3,29.4,2,False,6,7,0.0,6.0,0.8571428571428571,1.5,2.2677868380553647,False,True,False,False,False,False,False,False,False,True,False,False
2023-06-08,7,63.199999999999996,3,False,6,8,3.0,0.0,0.42857142857142855,1.6428571428571428,1.1338934190276817,False,True,False,False,False,False,False,False,False,True,False,False
2023-06-09,5,44.75,4,False,6,9,7.0,0.0,1.4285714285714286,1.7142857142857142,2.699206232527312,False,True,False,False,False,False,False,False,False,True,False,False
2023-06-10,9,82.5,5,True,6,10,5.0,0.0,2.142857142857143,1.6428571428571428,2.9113897843110044,False,True,False,False,False,False,False,False,False,True,False,False
2023-06-11,3,27.4,6,True,6,11,9.0,0.0,3.4285714285714284,2.2857142857142856,3.6903993847614407,False,True,False,False,False,False,False,False,False,True,False,False
2023-06-12,6,56.8,0,False,6,12,3.0,0.0,3.857142857142857,2.5,3.38765264987284,False,True,False,False,False,False,False,False,False,True,False,False
2023-06-13,7,65.19999999999999,1,False,6,13,6.0,0.0,4.714285714285714,2.9285714285714284,2.984084768360628,False,True,False,False,False,False,False,False,False,True,False,False
2023-06-14,14,130.39999999999998,2,False,6,14,7.0,3.0,5.714285714285714,3.2857142857142856,2.2146697055682827,False,True,False,False,False,False,False,False,False,True,False,False
2023-06-15,5,46.75,3,False,6,15,14.0,7.0,7.285714285714286,3.857142857142857,3.4982989063393704,False,True,False,False,False,False,False,False,False,True,False,False
2023-06-16,7,63.199999999999996,4,False,6,16,5.0,5.0,7.0,4.214285714285714,3.605551275463989,False,True,False,False,False,False,False,False,False,True,False,False
2023-06-17,2,18.45,5,True,6,17,7.0,9.0,7.285714285714286,4.714285714285714,3.4982989063393704,False,True,False,False,False,False,False,False,False,True,False,False
2023-06-18,8,74.14999999999999,6,True,6,18,2.0,3.0,6.285714285714286,4.857142857142857,3.9036002917941324,False,True,False,False,False,False,False,False,False,True,False,False
2023-06-19,5,45.849999999999994,0,False,6,19,8.0,6.0,7.0,5.428571428571429,3.651483716701107,False,True,False,False,False,False,False,False,False,True,False,False
2023-06-20,7,65.55,1,False,6,20,5.0,7.0,6.857142857142857,5.785714285714286,3.7161167647860323,False,True,False,False,False,False,False,False,False,True,False,False
2023-06-21,4,36.099999999999994,2,False,6,21,7.0,14.0,6.857142857142857,6.285714285714286,3.7161167647860323,False,True,False,False,False,False,False,False,False,True,False,False
2023-06-22,2,17.9,3,False,6,22,4.0,5.0,5.428571428571429,6.357142857142857,2.070196678027063,False,True,False,False,False,False,False,False,False,True,False,False
2023-06-23,4,35.8,4,False,6,23,2.0,7.0,5.0,6.0,2.4494897427831788,False,True,False,False,False,False,False,False,False,True,False,False
2023-06-24,4,36.099999999999994,5,True,6,24,4.0,2.0,4.571428571428571,5.928571428571429,2.2990681342044414,False,True,False,False,False,False,False,False,False,True,False,False
2023-06-25,9,82.85,6,True,6,25,4.0,8.0,4.857142857142857,5.571428571428571,2.0354009783964306,False,True,False,False,False,False,False,False,False,True,False,False
2023-06-26,8,76.5,0,False,6,26,9.0,5.0,5.0,6.0,2.3094010767585043,False,True,False,False,False,False,False,False,False,True,False,False
2023-06-27,0,0.0,1,False,6,27,8.0,7.0,5.428571428571429,6.142857142857143,2.5727509827124004,False,True,False,False,False,False,False,False,False,True,False,False
2023-06-28,0,0.0,2,False,6,28,0.0,4.0,4.428571428571429,5.642857142857143,3.154739442867027,False,True,False,False,False,False,False,False,False,True,False,False
2023-06-29,0,0.0,3,False,6,29,0.0,2.0,3.857142857142857,4.642857142857143,3.5790395093549634,False,True,False,False,False,False,False,False,False,True,False,False
2023-06-30,3,27.95,4,False,6,30,0.0,4.0,3.5714285714285716,4.285714285714286,3.8234863173611107,False,True,False,False,False,False,False,False,False,True,False,False
2023-01-15,3,27.33,6,True,1,15,3.0,2.0,2.0,1.0714285714285714,1.632993161855452,False,True,False,False,False,False,False,False,False,False,True,False
2023-01-16,1,7.6,0,False,1,16,3.0,1.0,2.142857142857143,1.2857142857142858,1.6761634196950517,False,True,False,False,False,False,False,False,False,False,True,False
2023-01-17,1,6.4,1,False,1,17,1.0,1.0,2.142857142857143,1.3571428571428572,1.6761634196950517,False,True,False,False,False,False,False,False,False,False,True,False
2023-01-18,0,0.0,2,False,1,18,1.0,5.0,2.142857142857143,1.4285714285714286,1.6761634196950517,False,True,False,False,False,False,False,False,False,False,True,False
2023-01-19,1,7.6,3,False,1,19,0.0,0.0,1.4285714285714286,1.4285714285714286,1.2724180205607036,False,True,False,False,False,False,False,False,False,False,True,False
2023-01-20,0,0.0,4,False,1,20,1.0,2.0,1.5714285714285714,1.5,1.1338934190276817,False,True,False,False,False,False,False,False,False,False,True,False
2023-01-21,0,0.0,5,True,1,21,0.0,3.0,1.2857142857142858,1.5,1.2535663410560176,False,True,False,False,False,False,False,False,False,False,True,False
2023-01-22,0,0.0,6,True,1,22,0.0,3.0,0.8571428571428571,1.4285714285714286,1.0690449676496978,False,True,False,False,False,False,False,False,False,False,True,False
2023-01-23,1,6.4,0,False,1,23,0.0,1.0,0.42857142857142855,1.2857142857142858,0.5345224838248492,False,True,False,False,False,False,False,False,False,False,True,False
2023-01-24,0,0.0,1,False,1,24,1.0,1.0,0.42857142857142855,1.2857142857142858,0.5345224838248492,False,True,False,False,False,False,False,False,False,False,True,False
2023-01-25,1,6.4,2,False,1,25,0.0,0.0,0.2857142857142857,1.2142857142857142,0.4879500364742671,False,True,False,False,False,False,False,False,False,False,True,False
2023-01-26,1,13.33,3,False,1,26,1.0,1.0,0.42857142857142855,0.9285714285714286,0.5345224838248492,False,True,False,False,False,False,False,False,False,False,True,False
2023-01-27,0,0.0,4,False,1,27,1.0,0.0,0.42857142857142855,1.0,0.5345224838248492,False,True,False,False,False,False,False,False,False,False,True,False
2023-01-28,0,0.0,5,True,1,28,0.0,0.0,0.42857142857142855,0.8571428571428571,0.5345224838248492,False,True,False,False,False,False,False,False,False,False,True,False
2023-01-29,0,0.0,6,True,1,29,0.0,0.0,0.42857142857142855,0.6428571428571429,0.5345224838248492,False,True,False,False,False,False,False,False,False,False,True,False
2023-01-30,0,0.0,0,False,1,30,0.0,1.0,0.42857142857142855,0.42857142857142855,0.5345224838248492,False,True,False,False,False,False,False,False,False,False,True,False
2023-01-31,0,0.0,1,False,1,31,0.0,0.0,0.2857142857142857,0.35714285714285715,0.4879500364742671,False,True,False,False,False,False,False,False,False,False,True,False
2023-02-01,0,0.0,2,False,2,1,0.0,1.0,0.2857142857142857,0.2857142857142857,0.4879500364742671,False,True,False,False,False,False,False,False,False,False,True,False
2023-02-02,0,0.0,3,False,2,2,0.0,1.0,0.14285714285714285,0.2857142857142857,0.3779644730092279,False,True,False,False,False,False,False,False,False,False,True,False
2023-02-03,0,0.0,4,False,2,3,0.0,0.0,0.0,0.21428571428571427,0.0,False,True,False,False,False,False,False,False,False,False,True,False
2023-02-04,0,0.0,5,True,2,4,0.0,0.0,0.0,0.21428571428571427,0.0,False,True,False,False,False,False,False,False,False,False,True,False
2023-02-05,0,0.0,6,True,2,5,0.0,0.0,0.0,0.21428571428571427,0.0,False,True,False,False,False,False,False,False,False,False,True,False
2023-02-06,0,0.0,0,False,2,6,0.0,0.0,0.0,0.21428571428571427,0.0,False,True,False,False,False,False,False,False,False,False,True,False
2023-02-07,2,12.8,1,False,2,7,0.0,0.0,0.0,0.14285714285714285,0.0,False,True,False,False,False,False,False,False,False,False,True,False
2023-02-08,1,13.33,2,False,2,8,2.0,0.0,0.2857142857142857,0.2857142857142857,0.7559289460184545,False,True,False,False,False,False,False,False,False,False,True,False
2023-02-09,2,14.0,3,False,2,9,1.0,0.0,0.42857142857142855,0.2857142857142857,0.7867957924694432,False,True,False,False,False,False,False,False,False,False,True,False
2023-02-10,1,6.4,4,False,2,10,2.0,0.0,0.7142857142857143,0.35714285714285715,0.9511897312113419,False,True,False,False,False,False,False,False,False,False,True,False
2023-02-11,4,41.86,5,True,2,11,1.0,0.0,0.8571428571428571,0.42857142857142855,0.8997354108424375,False,True,False,False,False,False,False,False,False,False,True,False
2023-02-12,0,0.0,6,True,2,12,4.0,0.0,1.4285714285714286,0.7142857142857143,1.3972762620115438,False,True,False,False,False,False,False,False,False,False,True,False
2023-02-13,0,0.0,0,False,2,13,0.0,0.0,1.4285714285714286,0.7142857142857143,1.3972762620115438,False,True,False,False,False,False,False,False,False,False,True,False
2023-02-14,0,0.0,1,False,2,14,0.0,2.0,1.4285714285714286,0.7142857142857143,1.3972762620115438,False,True,False,False,False,False,False,False,False,False,True,False
2023-02-15,0,0.0,2,False,2,15,0.0,1.0,1.1428571428571428,0.7142857142857143,1.4638501094227998,False,True,False,False,False,False,False,False,False,False,True,False
2023-02-16,1,13.33,3,False,2,16,0.0,2.0,1.0,0.7142857142857143,1.5275252316519468,False,True,False,False,False,False,False,False,False,False,True,False
2023-02-17,2,14.0,4,False,2,17,1.0,1.0,0.8571428571428571,0.7857142857142857,1.4638501094227998,False,True,False,False,False,False,False,False,False,False,True,False
2023-02-18,0,0.0,5,True,2,18,2.0,4.0,1.0,0.9285714285714286,1.5275252316519468,False,True,False,False,False,False,False,False,False,False,True,False
2023-02-19,0,0.0,6,True,2,19,0.0,0.0,0.42857142857142855,0.9285714285714286,0.7867957924694432,False,True,False,False,False,False,False,False,False,False,True,False
2023-02-20,1,7.6,0,False,2,20,0.0,0.0,0.42857142857142855,0.9285714285714286,0.7867957924694432,False,True,False,False,False,False,False,False,False,False,True,False
2023-02-21,0,0.0,1,False,2,21,1.0,0.0,0.5714285714285714,1.0,0.7867957924694431,False,True,False,False,False,False,False,False,False,False,True,False
2023-02-22,0,0.0,2,False,2,22,0.0,0.0,0.5714285714285714,0.8571428571428571,0.7867957924694431,False,True,False,False,False,False,False,False,False,False,True,False
2023-02-23,2,19.73,3,False,2,23,0.0,1.0,0.5714285714285714,0.7857142857142857,0.7867957924694431,False,True,False,False,False,False,False,False,False,False,True,False
2023-02-24,0,0.0,4,False,2,24,2.0,2.0,0.7142857142857143,0.7857142857142857,0.9511897312113418,False,True,False,False,False,False,False,False,False,False,True,False
2023-02-25,0,0.0,5,True,2,25,0.0,0.0,0.42857142857142855,0.7142857142857143,0.7867957924694431,False,True,False,False,False,False,False,False,False,False,True,False
2023-02-26,0,0.0,6,True,2,26,0.0,0.0,0.42857142857142855,0.42857142857142855,0.7867957924694431,False,True,False,False,False,False,False,False,False,False,True,False
2023-02-27,0,0.0,0,False,2,27,0.0,1.0,0.42857142857142855,0.42857142857142855,0.7867957924694431,False,True,False,False,False,False,False,False,False,False,True,False
2023-02-28,0,0.0,1,False,2,28,0.0,0.0,0.2857142857142857,0.42857142857142855,0.7559289460184544,False,True,False,False,False,False,False,False,False,False,True,False
2023-03-01,0,0.0,2,False,3,1,0.0,0.0,0.2857142857142857,0.42857142857142855,0.7559289460184544,False,True,False,False,False,False,False,False,False,False,True,False
2023-03-02,0,0.0,3,False,3,2,0.0,2.0,0.2857142857142857,0.42857142857142855,0.7559289460184544,False,True,False,False,False,False,False,False,False,False,True,False
2023-03-03,0,0.0,4,False,3,3,0.0,0.0,0.0,0.35714285714285715,0.0,False,True,False,False,False,False,False,False,False,False,True,False
2023-03-04,0,0.0,5,True,3,4,0.0,0.0,0.0,0.21428571428571427,0.0,False,True,False,False,False,False,False,False,False,False,True,False
2023-03-05,0,0.0,6,True,3,5,0.0,0.0,0.0,0.21428571428571427,0.0,False,True,False,False,False,False,False,False,False,False,True,False
2023-03-06,0,0.0,0,False,3,6,0.0,0.0,0.0,0.21428571428571427,0.0,False,True,False,False,False,False,False,False,False,False,True,False
2023-03-07,0,0.0,1,False,3,7,0.0,0.0,0.0,0.14285714285714285,0.0,False,True,False,False,False,False,False,False,False,False,True,False
2023-03-08,2,20.93,2,False,3,8,0.0,0.0,0.0,0.14285714285714285,0.0,False,True,False,False,False,False,False,False,False,False,True,False
2023-03-09,3,20.4,3,False,3,9,2.0,0.0,0.2857142857142857,0.2857142857142857,0.7559289460184545,False,True,False,False,False,False,False,False,False,False,True,False
2023-03-10,4,33.730000000000004,4,False,3,10,3.0,0.0,0.7142857142857143,0.35714285714285715,1.2535663410560174,False,True,False,False,False,False,False,False,False,False,True,False
2023-03-11,1,6.4,5,True,3,11,4.0,0.0,1.2857142857142858,0.6428571428571429,1.7043362064926935,False,True,False,False,False,False,False,False,False,False,True,False
2023-03-12,0,0.0,6,True,3,12,1.0,0.0,1.4285714285714286,0.7142857142857143,1.618347187425374,False,True,False,False,False,False,False,False,False,False,True,False
2023-03-13,1,7.6,0,False,3,13,0.0,0.0,1.4285714285714286,0.7142857142857143,1.618347187425374,False,True,False,False,False,False,False,False,False,False,True,False
2023-03-14,1,13.33,1,False,3,14,1.0,0.0,1.5714285714285714,0.7857142857142857,1.511857892036909,False,True,False,False,False,False,False,False,False,False,True,False
2023-03-15,3,27.33,2,False,3,15,1.0,2.0,1.7142857142857142,0.8571428571428571,1.3801311186847085,False,True,False,False,False,False,False,False,False,False,True,False
2023-03-16,2,20.93,3,False,3,16,3.0,3.0,1.8571428571428572,1.0714285714285714,1.4638501094227998,False,True,False,False,False,False,False,False,False,False,True,False
2023-03-17,2,14.0,4,False,3,17,2.0,4.0,1.7142857142857142,1.2142857142857142,1.3801311186847085,False,True,False,False,False,False,False,False,False,False,True,False
2023-03-18,1,6.4,5,True,3,18,2.0,1.0,1.4285714285714286,1.3571428571428572,0.9759000729485333,False,True,False,False,False,False,False,False,False,False,True,False
2023-03-19,1,13.33,6,True,3,19,1.0,0.0,1.4285714285714286,1.4285714285714286,0.9759000729485333,False,True,False,False,False,False,False,False,False,False,True,False
2023-03-20,1,7.6,0,False,3,20,1.0,1.0,1.5714285714285714,1.5,0.7867957924694434,False,True,False,False,False,False,False,False,False,False,True,False
2023-03-21,2,12.8,1,False,3,21,1.0,1.0,1.5714285714285714,1.5714285714285714,0.7867957924694434,False,True,False,False,False,False,False,False,False,False,True,False
2023-03-22,1,7.6,2,False,3,22,2.0,3.0,1.7142857142857142,1.7142857142857142,0.7559289460184546,False,True,False,False,False,False,False,False,False,False,True,False
2023-03-23,1,13.33,3,False,3,23,1.0,2.0,1.4285714285714286,1.6428571428571428,0.534522483824849,False,True,False,False,False,False,False,False,False,False,True,False
2023-03-24,0,0.0,4,False,3,24,1.0,2.0,1.2857142857142858,1.5,0.48795003647426693,False,True,False,False,False,False,False,False,False,False,True,False
2023-03-25,0,0.0,5,True,3,25,0.0,1.0,1.0,1.2142857142857142,0.5773502691896261,False,True,False,False,False,False,False,False,False,False,True,False
2023-03-26,1,13.33,6,True,3,26,0.0,1.0,0.8571428571428571,1.1428571428571428,0.6900655593423545,False,True,False,False,False,False,False,False,False,False,True,False
2023-03-27,0,0.0,0,False,3,27,1.0,1.0,0.8571428571428571,1.2142857142857142,0.6900655593423545,False,True,False,False,False,False,False,False,False,False,True,False
2023-03-28,0,0.0,1,False,3,28,0.0,2.0,0.7142857142857143,1.1428571428571428,0.7559289460184547,False,True,False,False,False,False,False,False,False,False,True,False
2023-03-29,0,0.0,2,False,3,29,0.0,1.0,0.42857142857142855,1.0714285714285714,0.5345224838248492,False,True,False,False,False,False,False,False,False,False,True,False
2023-03-30,1,13.33,3,False,3,30,0.0,1.0,0.2857142857142857,0.8571428571428571,0.4879500364742671,False,True,False,False,False,False,False,False,False,False,True,False
2023-03-31,1,7.6,4,False,3,31,1.0,0.0,0.2857142857142857,0.7857142857142857,0.4879500364742671,False,True,False,False,False,False,False,False,False,False,True,False
2023-04-01,0,0.0,5,True,4,1,1.0,0.0,0.42857142857142855,0.7142857142857143,0.5345224838248492,False,True,False,False,False,False,False,False,False,False,True,False
2023-04-02,0,0.0,6,True,4,2,0.0,1.0,0.42857142857142855,0.6428571428571429,0.5345224838248492,False,True,False,False,False,False,False,False,False,False,True,False
2023-04-03,0,0.0,0,False,4,3,0.0,0.0,0.2857142857142857,0.5714285714285714,0.4879500364742671,False,True,False,False,False,False,False,False,False,False,True,False
2023-04-04,0,0.0,1,False,4,4,0.0,0.0,0.2857142857142857,0.5,0.4879500364742671,False,True,False,False,False,False,False,False,False,False,True,False
2023-04-05,0,0.0,2,False,4,5,0.0,0.0,0.2857142857142857,0.35714285714285715,0.4879500364742671,False,True,False,False,False,False,False,False,False,False,True,False
2023-04-06,0,0.0,3,False,4,6,0.0,1.0,0.2857142857142857,0.2857142857142857,0.4879500364742671,False,True,False,False,False,False,False,False,False,False,True,False
2023-04-07,0,0.0,4,False,4,7,0.0,1.0,0.14285714285714285,0.21428571428571427,0.3779644730092279,False,True,False,False,False,False,False,False,False,False,True,False
2023-04-08,2,20.93,5,True,4,8,0.0,0.0,0.0,0.21428571428571427,0.0,False,True,False,False,False,False,False,False,False,False,True,False
2023-04-09,3,20.4,6,True,4,9,2.0,0.0,0.2857142857142857,0.35714285714285715,0.7559289460184545,False,True,False,False,False,False,False,False,False,False,True,False
2023-04-10,2,12.8,0,False,4,10,3.0,0.0,0.7142857142857143,0.5,1.2535663410560174,False,True,False,False,False,False,False,False,False,False,True,False
2023-04-11,3,28.53,1,False,4,11,2.0,0.0,1.0,0.6428571428571429,1.2909944487358056,False,True,False,False,False,False,False,False,False,False,True,False
2023-04-12,1,6.4,2,False,4,12,3.0,0.0,1.4285714285714286,0.8571428571428571,1.3972762620115438,False,True,False,False,False,False,False,False,False,False,True,False
2023-04-13,3,21.6,3,False,4,13,1.0,0.0,1.5714285714285714,0.9285714285714286,1.2724180205607036,False,True,False,False,False,False,False,False,False,False,True,False
2023-04-14,3,34.26,4,False,4,14,3.0,0.0,2.0,1.0714285714285714,1.1547005383792515,False,True,False,False,False,False,False,False,False,False,True,False
2023-04-15,3,27.33,5,True,4,15,3.0,2.0,2.4285714285714284,1.2142857142857142,0.7867957924694431,False,True,False,False,False,False,False,False,False,False,True,False
2023-04-16,2,20.93,6,True,4,16,3.0,3.0,2.5714285714285716,1.4285714285714286,0.786795792469443,False,True,False,False,False,False,False,False,False,False,True,False
2023-04-17,1,7.6,0,False,4,17,2.0,2.0,2.4285714285714284,1.5714285714285714,0.7867957924694431,False,True,False,False,False,False,False,False,False,False,True,False
2023-04-18,3,21.6,1,False,4,18,1.0,3.0,2.2857142857142856,1.6428571428571428,0.9511897312113418,False,True,False,False,False,False,False,False,False,False,True,False
2023-04-19,2,20.93,2,False,4,19,3.0,1.0,2.2857142857142856,1.8571428571428572,0.9511897312113418,False,True,False,False,False,False,False,False,False,False,True,False
2023-04-20,2,15.2,3,False,4,20,2.0,3.0,2.4285714285714284,2.0,0.786795792469443,False,True,False,False,False,False,False,False,False,False,True,False
2023-04-21,0,0.0,4,False,4,21,2.0,3.0,2.2857142857142856,2.142857142857143,0.7559289460184542,False,True,False,False,False,False,False,False,False,False,True,False
2023-04-22,1,7.6,5,True,4,22,0.0,3.0,1.8571428571428572,2.142857142857143,1.0690449676496974,False,True,False,False,False,False,False,False,False,False,True,False
2023-04-23,2,19.73,6,True,4,23,1.0,2.0,1.5714285714285714,2.0714285714285716,0.9759000729485329,False,True,False,False,False,False,False,False,False,False,True,False
2023-04-24,0,0.0,0,False,4,24,2.0,1.0,1.5714285714285714,2.0,0.9759000729485329,False,True,False,False,False,False,False,False,False,False,True,False
2023-04-25,1,6.4,1,False,4,25,0.0,3.0,1.4285714285714286,1.8571428571428572,1.1338934190276815,False,True,False,False,False,False,False,False,False,False,True,False
2023-04-26,0,0.0,2,False,4,26,1.0,2.0,1.1428571428571428,1.7142857142857142,0.899735410842437,False,True,False,False,False,False,False,False,False,False,True,False
2023-04-27,0,0.0,3,False,4,27,0.0,2.0,0.8571428571428571,1.6428571428571428,0.899735410842437,False,True,False,False,False,False,False,False,False,False,True,False
2023-04-28,0,0.0,4,False,4,28,0.0,0.0,0.5714285714285714,1.4285714285714286,0.7867957924694426,False,True,False,False,False,False,False,False,False,False,True,False
2023-04-29,0,0.0,5,True,4,29,0.0,1.0,0.5714285714285714,1.2142857142857142,0.7867957924694426,False,True,False,False,False,False,False,False,False,False,True,False
2023-04-30,3,21.6,6,True,4,30,0.0,2.0,0.42857142857142855,1.0,0.7867957924694426,False,True,False,False,False,False,False,False,False,False,True,False
2023-05-01,0,0.0,0,False,5,1,3.0,0.0,0.5714285714285714,1.0714285714285714,1.1338934190276813,False,True,False,False,False,False,False,False,False,False,True,False
2023-05-02,0,0.0,1,False,5,2,0.0,1.0,0.5714285714285714,1.0,1.1338934190276813,False,True,False,False,False,False,False,False,False,False,True,False
2023-05-03,0,0.0,2,False,5,3,0.0,0.0,0.42857142857142855,0.7857142857142857,1.1338934190276813,False,True,False,False,False,False,False,False,False,False,True,False
2023-05-04,0,0.0,3,False,5,4,0.0,0.0,0.42857142857142855,0.6428571428571429,1.1338934190276813,False,True,False,False,False,False,False,False,False,False,True,False
2023-05-05,0,0.0,4,False,5,5,0.0,0.0,0.42857142857142855,0.5,1.1338934190276813,False,True,False,False,False,False,False,False,False,False,True,False
2023-05-06,0,0.0,5,True,5,6,0.0,0.0,0.42857142857142855,0.5,1.1338934190276813,False,True,False,False,False,False,False,False,False,False,True,False
2023-05-07,2,12.8,6,True,5,7,0.0,3.0,0.42857142857142855,0.42857142857142855,1.1338934190276813,False,True,False,False,False,False,False,False,False,False,True,False
2023-05-08,1,13.33,0,False,5,8,2.0,0.0,0.2857142857142857,0.42857142857142855,0.7559289460184545,False,True,False,False,False,False,False,False,False,False,True,False
2023-05-09,4,28.0,1,False,5,9,1.0,0.0,0.42857142857142855,0.5,0.7867957924694432,False,True,False,False,False,False,False,False,False,False,True,False
2023-05-10,2,20.93,2,False,5,10,4.0,0.0,1.0,0.7142857142857143,1.5275252316519468,False,True,False,False,False,False,False,False,False,False,True,False
2023-05-11,5,49.46,3,False,5,11,2.0,0.0,1.2857142857142858,0.8571428571428571,1.4960264830861913,False,True,False,False,False,False,False,False,False,False,True,False
2023-05-12,1,6.4,4,False,5,12,5.0,0.0,2.0,1.2142857142857142,1.9148542155126762,False,True,False,False,False,False,False,False,False,False,True,False
2023-05-13,4,28.0,5,True,5,13,1.0,0.0,2.142857142857143,1.2857142857142858,1.7728105208558367,False,True,False,False,False,False,False,False,False,False,True,False
2023-05-14,4,41.86,6,True,5,14,4.0,2.0,2.7142857142857144,1.5714285714285714,1.6035674514745464,False,True,False,False,False,False,False,False,False,False,True,False
2023-05-15,1,7.6,0,False,5,15,4.0,1.0,3.0,1.6428571428571428,1.632993161855452,False,True,False,False,False,False,False,False,False,False,True,False
2023-05-16,1,13.33,1,False,5,16,1.0,4.0,3.0,1.7142857142857142,1.632993161855452,False,True,False,False,False,False,False,False,False,False,True,False
2023-05-17,0,0.0,2,False,5,17,1.0,2.0,2.5714285714285716,1.7857142857142858,1.7182493859684491,False,True,False,False,False,False,False,False,False,False,True,False
2023-05-18,1,13.33,3,False,5,18,0.0,5.0,2.2857142857142856,1.7857142857142858,1.9760470401187076,False,True,False,False,False,False,False,False,False,False,True,False
2023-05-19,2,20.93,4,False,5,19,1.0,1.0,1.7142857142857142,1.8571428571428572,1.6035674514745466,False,True,False,False,False,False,False,False,False,False,True,False
2023-05-20,2,15.2,5,True,5,20,2.0,4.0,1.8571428571428572,2.0,1.5735915849388866,False,True,False,False,False,False,False,False,False,False,True,False
2023-05-21,2,19.73,6,True,5,21,2.0,4.0,1.5714285714285714,2.142857142857143,1.272418020560704,False,True,False,False,False,False,False,False,False,False,True,False
2023-05-22,1,7.6,0,False,5,22,2.0,1.0,1.2857142857142858,2.142857142857143,0.7559289460184553,False,True,False,False,False,False,False,False,False,False,True,False
2023-05-23,1,13.33,1,False,5,23,1.0,1.0,1.2857142857142858,2.142857142857143,0.7559289460184553,False,True,False,False,False,False,False,False,False,False,True,False
2023-05-24,0,0.0,2,False,5,24,1.0,0.0,1.2857142857142858,1.9285714285714286,0.7559289460184553,False,True,False,False,False,False,False,False,False,False,True,False
2023-05-25,1,6.4,3,False,5,25,0.0,1.0,1.2857142857142858,1.7857142857142858,0.7559289460184553,False,True,False,False,False,False,False,False,False,False,True,False
2023-05-26,1,7.6,4,False,5,26,1.0,2.0,1.2857142857142858,1.5,0.7559289460184553,False,True,False,False,False,False,False,False,False,False,True,False
2023-05-27,0,0.0,5,True,5,27,1.0,2.0,1.1428571428571428,1.5,0.6900655593423553,False,True,False,False,False,False,False,False,False,False,True,False
2023-05-28,0,0.0,6,True,5,28,0.0,2.0,0.8571428571428571,1.2142857142857142,0.6900655593423556,False,True,False,False,False,False,False,False,False,False,True,False
2023-05-29,0,0.0,0,False,5,29,0.0,1.0,0.5714285714285714,0.9285714285714286,0.5345224838248508,False,True,False,False,False,False,False,False,False,False,True,False
2023-05-30,1,7.6,1,False,5,30,0.0,1.0,0.42857142857142855,0.8571428571428571,0.534522483824851,False,True,False,False,False,False,False,False,False,False,True,False
2023-05-31,2,14.0,2,False,5,31,1.0,0.0,0.42857142857142855,0.8571428571428571,0.534522483824851,False,True,False,False,False,False,False,False,False,False,True,False
2023-06-01,0,0.0,3,False,6,1,2.0,1.0,0.7142857142857143,1.0,0.7559289460184557,False,True,False,False,False,False,False,False,False,False,True,False
2023-06-02,0,0.0,4,False,6,2,0.0,1.0,0.5714285714285714,0.9285714285714286,0.7867957924694445,False,True,False,False,False,False,False,False,False,False,True,False
2023-06-03,0,0.0,5,True,6,3,0.0,0.0,0.42857142857142855,0.7857142857142857,0.7867957924694446,False,True,False,False,False,False,False,False,False,False,True,False
2023-06-04,0,0.0,6,True,6,4,0.0,0.0,0.42857142857142855,0.6428571428571429,0.7867957924694446,False,True,False,False,False,False,False,False,False,False,True,False
2023-06-05,0,0.0,0,False,6,5,0.0,0.0,0.42857142857142855,0.5,0.7867957924694446,False,True,False,False,False,False,False,False,False,False,True,False
2023-06-06,0,0.0,1,False,6,6,0.0,1.0,0.42857142857142855,0.42857142857142855,0.7867957924694446,False,True,False,False,False,False,False,False,False,False,True,False
2023-06-07,2,12.8,2,False,6,7,0.0,2.0,0.2857142857142857,0.35714285714285715,0.7559289460184562,False,True,False,False,False,False,False,False,False,False,True,False
2023-06-08,3,34.26,3,False,6,8,2.0,0.0,0.2857142857142857,0.5,0.7559289460184545,False,True,False,False,False,False,False,False,False,False,True,False
2023-06-09,3,21.6,4,False,6,9,3.0,0.0,0.7142857142857143,0.6428571428571429,1.2535663410560174,False,True,False,False,False,False,False,False,False,False,True,False
2023-06-10,3,20.4,5,True,6,10,3.0,0.0,1.1428571428571428,0.7857142857142857,1.4638501094227998,False,True,False,False,False,False,False,False,False,False,True,False
2023-06-11,6,48.93,6,True,6,11,3.0,0.0,1.5714285714285714,1.0,1.511857892036909,False,True,False,False,False,False,False,False,False,False,True,False
2023-06-12,1,6.4,0,False,6,12,6.0,0.0,2.4285714285714284,1.4285714285714286,2.0701966780270626,False,True,False,False,False,False,False,False,False,False,True,False
2023-06-13,4,28.0,1,False,6,13,1.0,0.0,2.5714285714285716,1.5,1.9023794624226837,False,True,False,False,False,False,False,False,False,False,True,False
2023-06-14,5,48.26,2,False,6,14,4.0,2.0,3.142857142857143,1.7142857142857142,1.5735915849388864,False,True,False,False,False,False,False,False,False,False,True,False
2023-06-15,3,27.33,3,False,6,15,5.0,3.0,3.5714285714285716,1.9285714285714286,1.6183471874253745,False,True,False,False,False,False,False,False,False,False,True,False
2023-06-16,0,0.0,4,False,6,16,3.0,3.0,3.5714285714285716,2.142857142857143,1.6183471874253745,False,True,False,False,False,False,False,False,False,False,True,False
2023-06-17,1,7.6,5,True,6,17,0.0,3.0,3.142857142857143,2.142857142857143,2.1157009420498154,False,True,False,False,False,False,False,False,False,False,True,False
2023-06-18,4,34.93,6,True,6,18,1.0,6.0,2.857142857142857,2.2142857142857144,2.2677868380553634,False,True,False,False,False,False,False,False,False,False,True,False
2023-06-19,2,20.93,0,False,6,19,4.0,1.0,2.5714285714285716,2.5,1.902379462422684,False,True,False,False,False,False,False,False,False,False,True,False
2023-06-20,1,7.6,1,False,6,20,2.0,4.0,2.7142857142857144,2.642857142857143,1.799470821684875,False,True,False,False,False,False,False,False,False,False,True,False
2023-06-21,4,32.53,2,False,6,21,1.0,5.0,2.2857142857142856,2.7142857142857144,1.799470821684875,False,True,False,False,False,False,False,False,False,False,True,False
2023-06-22,1,7.6,3,False,6,22,4.0,3.0,2.142857142857143,2.857142857142857,1.5735915849388864,False,True,False,False,False,False,False,False,False,False,True,False
2023-06-23,2,19.73,4,False,6,23,1.0,0.0,1.8571428571428572,2.7142857142857144,1.5735915849388862,False,True,False,False,False,False,False,False,False,False,True,False
2023-06-24,0,0.0,5,True,6,24,2.0,1.0,2.142857142857143,2.642857142857143,1.3451854182690988,False,True,False,False,False,False,False,False,False,False,True,False
2023-06-25,1,6.4,6,True,6,25,0.0,4.0,2.0,2.4285714285714284,1.5275252316519468,False,True,False,False,False,False,False,False,False,False,True,False
2023-06-26,1,7.6,0,False,6,26,1.0,2.0,1.5714285714285714,2.0714285714285716,1.2724180205607034,False,True,False,False,False,False,False,False,False,False,True,False
2023-06-27,0,0.0,1,False,6,27,1.0,1.0,1.4285714285714286,2.0714285714285716,1.2724180205607032,False,True,False,False,False,False,False,False,False,False,True,False
2023-06-28,0,0.0,2,False,6,28,0.0,4.0,1.2857142857142858,1.7857142857142858,1.3801311186847078,False,True,False,False,False,False,False,False,False,False,True,False
2023-06-29,0,0.0,3,False,6,29,0.0,1.0,0.7142857142857143,1.4285714285714286,0.7559289460184526,False,True,False,False,False,False,False,False,False,False,True,False
2023-06-30,5,41.33,4,False,6,30,0.0,2.0,0.5714285714285714,1.2142857142857142,0.7867957924694412,False,True,False,False,False,False,False,False,False,False,True,False
2023-01-15,109,314.25,6,True,1,15,86.0,82.0,94.71428571428571,95.14285714285714,15.250292737237174,False,True,False,False,False,False,False,False,False,False,False,True
2023-01-16,78,215.6,0,False,1,16,109.0,93.0,98.57142857142857,95.64285714285714,14.90924928645688,False,True,False,False,False,False,False,False,False,False,False,True
2023-01-17,66,184.8,1,False,1,17,78.0,94.0,96.42857142857143,94.14285714285714,16.801360489130477,False,True,False,False,False,False,False,False,False,False,False,True
2023-01-18,96,275.05,2,False,1,18,66.0,91.0,92.42857142857143,90.35714285714286,20.419411865976475,False,True,False,False,False,False,False,False,False,False,False,True
2023-01-19,94,273.4,3,False,1,19,96.0,89.0,93.14285714285714,91.0,20.448541687437203,False,True,False,False,False,False,False,False,False,False,False,True
2023-01-20,82,229.75,4,False,1,20,94.0,128.0,93.85714285714286,91.42857142857143,20.366873196677098,False,True,False,False,False,False,False,False,False,False,False,True
2023-01-21,104,287.05,5,True,1,21,82.0,86.0,87.28571428571429,91.5,13.912994953331498,False,True,False,False,False,False,False,False,False,False,False,True
2023-01-22,63,173.2,6,True,1,22,104.0,109.0,89.85714285714286,92.28571428571429,15.236235005501085,False,True,False,False,False,False,False,False,False,False,False,True
2023-01-23,103,286.1,0,False,1,23,63.0,78.0,83.28571428571429,90.92857142857143,15.521106980649298,False,True,False,False,False,False,False,False,False,False,False,True
2023-01-24,84,233.45,1,False,1,24,103.0,66.0,86.85714285714286,91.64285714285714,16.915757657960704,False,True,False,False,False,False,False,False,False,False,False,True
2023-01-25,84,235.8,2,False,1,25,84.0,96.0,89.42857142857143,90.92857142857143,14.39742040386797,False,True,False,False,False,False,False,False,False,False,False,True
2023-01-26,73,209.0,3,False,1,26,84.0,94.0,87.71428571428571,90.42857142857143,14.197585307770746,False,True,False,False,False,False,False,False,False,False,False,True
2023-01-27,81,227.5,4,False,1,27,73.0,82.0,84.71428571428571,89.28571428571429,14.85164733527656,False,True,False,False,False,False,False,False,False,False,False,True
2023-01-28,79,214.9,5,True,1,28,81.0,104.0,84.57142857142857,85.92857142857143,14.886875011870234,False,True,False,False,False,False,False,False,False,False,False,True
2023-01-29,55,159.85,6,True,1,29,79.0,63.0,81.0,85.42857142857143,12.206555615733631,False,True,False,False,False,False,False,False,False,False,False,True
2023-01-30,73,200.9,0,False,1,30,55.0,103.0,79.85714285714286,81.57142857142857,14.357675896288201,False,True,False,False,False,False,False,False,False,False,False,True
2023-01-31,77,224.5,1,False,1,31,73.0,84.0,75.57142857142857,81.21428571428571,10.162957949618391,False,True,False,False,False,False,False,False,False,False,False,True
2023-02-01,99,279.1,2,False,2,1,77.0,84.0,74.57142857142857,82.0,9.519403742832049,False,True,False,False,False,False,False,False,False,False,False,True
2023-02-02,105,289.05,3,False,2,2,99.0,73.0,76.71428571428571,82.21428571428571,13.034752084514668,False,True,False,False,False,False,False,False,False,False,False,True
2023-02-03,128,361.9,4,False,2,3,105.0,81.0,81.28571428571429,83.0,16.63043681240595,False,True,False,False,False,False,False,False,False,False,False,True
2023-02-04,85,238.25,5,True,2,4,128.0,79.0,88.0,86.28571428571429,24.241837114102267,False,True,False,False,False,False,False,False,False,False,False,True
2023-02-05,111,315.55,6,True,2,5,85.0,55.0,88.85714285714286,84.92857142857143,23.97518558446469,False,True,False,False,False,False,False,False,False,False,False,True
2023-02-06,88,242.45,0,False,2,6,111.0,73.0,96.85714285714286,88.35714285714286,19.76890294906434,False,True,False,False,False,False,False,False,False,False,False,True
2023-02-07,90,249.45,1,False,2,7,88.0,77.0,99.0,87.28571428571429,17.426034163477013,False,True,False,False,False,False,False,False,False,False,False,True
2023-02-08,84,240.8,2,False,2,8,90.0,99.0,100.85714285714286,87.71428571428571,15.247169916944982,False,True,False,False,False,False,False,False,False,False,False,True
2023-02-09,84,234.65,3,False,2,9,84.0,105.0,98.71428571428571,87.71428571428571,16.550068335350254,False,True,False,False,False,False,False,False,False,False,False,True
2023-02-10,110,316.05,4,False,2,10,84.0,128.0,95.71428571428571,88.5,17.114460608057815,False,True,False,False,False,False,False,False,False,False,False,True
2023-02-11,90,254.55,5,True,2,11,110.0,85.0,93.14285714285714,90.57142857142857,12.061351104921492,False,True,False,False,False,False,False,False,False,False,False,True
2023-02-12,114,310.35,6,True,2,12,90.0,111.0,93.85714285714286,91.35714285714286,11.639423975274335,False,True,False,False,False,False,False,False,False,False,False,True
2023-02-13,95,263.9,0,False,2,13,114.0,88.0,94.28571428571429,95.57142857142857,12.405835800330527,False,True,False,False,False,False,False,False,False,False,False,True
2023-02-14,81,221.8,1,False,2,14,95.0,90.0,95.28571428571429,97.14285714285714,12.09289441110341,False,True,False,False,False,False,False,False,False,False,False,True
2023-02-15,92,256.8,2,False,2,15,81.0,84.0,94.0,97.42857142857143,13.17826493384722,False,True,False,False,False,False,False,False,False,False,False,True
2023-02-16,95,266.25,3,False,2,16,92.0,84.0,95.14285714285714,96.92857142857143,12.49571355076844,False,True,False,False,False,False,False,False,False,False,False,True
2023-02-17,72,196.4,4,False,2,17,95.0,110.0,96.71428571428571,96.21428571428571,11.51396667406284,False,True,False,False,False,False,False,False,False,False,False,True
2023-02-18,88,245.8,5,True,2,18,72.0,90.0,91.28571428571429,92.21428571428571,13.060299712159315,False,True,False,False,False,False,False,False,False,False,False,True
2023-02-19,86,241.2,6,True,2,19,88.0,114.0,91.0,92.42857142857143,13.114877048604004,False,True,False,False,False,False,False,False,False,False,False,True
2023-02-20,88,249.45,0,False,2,20,86.0,95.0,87.0,90.64285714285714,8.326663997864497,False,True,False,False,False,False,False,False,False,False,False,True
2023-02-21,79,222.85,1,False,2,21,88.0,81.0,86.0,90.64285714285714,7.593857166596296,False,True,False,False,False,False,False,False,False,False,False,True
2023-02-22,81,230.8,2,False,2,22,79.0,92.0,85.71428571428571,89.85714285714286,7.84674636849107,False,True,False,False,False,False,False,False,False,False,False,True
2023-02-23,82,230.2,3,False,2,23,81.0,95.0,84.14285714285714,89.64285714285714,7.47057720725265,False,True,False,False,False,False,False,False,False,False,False,True
2023-02-24,98,272.3,4,False,2,24,82.0,72.0,82.28571428571429,89.5,5.736267244886751,False,True,False,False,False,False,False,False,False,False,False,True
2023-02-25,88,246.55,5,True,2,25,98.0,88.0,86.0,88.64285714285714,6.350852961085824,False,True,False,False,False,False,False,False,False,False,False,True
2023-02-26,85,242.55,6,True,2,26,88.0,86.0,86.0,88.5,6.350852961085824,False,True,False,False,False,False,False,False,False,False,False,True
2023-02-27,93,259.2,0,False,2,27,85.0,88.0,85.85714285714286,86.42857142857143,6.3620901028034575,False,True,False,False,False,False,False,False,False,False,False,True
2023-02-28,84,235.2,1,False,2,28,93.0,79.0,86.57142857142857,86.28571428571429,6.900655593423496,False,True,False,False,False,False,False,False,False,False,False,True
2023-03-01,128,357.15,2,False,3,1,84.0,81.0,87.28571428571429,86.5,6.210590034081146,False,True,False,False,False,False,False,False,False,False,False,True
2023-03-02,117,327.8,3,False,3,2,128.0,82.0,94.0,89.07142857142857,15.989579940281963,False,True,False,False,False,False,False,False,False,False,False,True
2023-03-03,138,388.0,4,False,3,3,117.0,98.0,99.0,90.64285714285714,17.04894913672594,False,True,False,False,False,False,False,False,False,False,False,True
2023-03-04,104,292.3,5,True,3,4,138.0,88.0,104.71428571428571,95.35714285714286,22.492326733905596,False,True,False,False,False,False,False,False,False,False,False,True
2023-03-05,120,337.9,6,True,3,5,104.0,85.0,107.0,96.5,21.291625896895148,False,True,False,False,False,False,False,False,False,False,False,True
2023-03-06,110,305.7,0,False,3,6,120.0,93.0,112.0,98.92857142857143,19.27865832122843,False,True,False,False,False,False,False,False,False,False,False,True
2023-03-07,107,301.25,1,False,3,7,110.0,84.0,114.42857142857143,100.5,17.472427257989033,False,True,False,False,False,False,False,False,False,False,False,True
2023-03-08,100,285.3,2,False,3,8,107.0,128.0,117.71428571428571,102.5,12.147898113312968,False,True,False,False,False,False,False,False,False,False,False,True
2023-03-09,127,366.6,3,False,3,9,100.0,117.0,113.71428571428571,103.85714285714286,12.789504625724653,False,True,False,False,False,False,False,False,False,False,False,True
2023-03-10,139,397.3,4,False,3,10,127.0,138.0,115.14285714285714,107.07142857142857,13.740797786501616,False,True,False,False,False,False,False,False,False,False,False,True
2023-03-11,103,287.75,5,True,3,11,139.0,104.0,115.28571428571429,110.0,14.020393310154764,False,True,False,False,False,False,False,False,False,False,False,True
2023-03-12,105,285.15,6,True,3,12,103.0,120.0,115.14285714285714,111.07142857142857,14.158961490031476,False,True,False,False,False,False,False,False,False,False,False,True
2023-03-13,117,332.25,0,False,3,13,105.0,110.0,113.0,112.5,14.433756729740775,False,True,False,False,False,False,False,False,False,False,False,True
2023-03-14,113,320.25,1,False,3,14,117.0,107.0,114.0,114.21428571428571,14.433756729740777,False,True,False,False,False,False,False,False,False,False,False,True
2023-03-15,88,249.45,2,False,3,15,113.0,100.0,114.85714285714286,116.28571428571429,14.123604018670106,False,True,False,False,False,False,False,False,False,False,False,True
2023-03-16,104,294.1,3,False,3,16,88.0,127.0,113.14285714285714,113.42857142857143,16.717541400462995,False,True,False,False,False,False,False,False,False,False,False,True
2023-03-17,65,176.75,4,False,3,17,104.0,139.0,109.85714285714286,112.5,15.773697214335236,False,True,False,False,False,False,False,False,False,False,False,True
2023-03-18,109,314.6,5,True,3,18,65.0,103.0,99.28571428571429,107.28571428571429,17.670260191578894,False,True,False,False,False,False,False,False,False,False,False,True
2023-03-19,109,314.1,6,True,3,19,109.0,105.0,100.14285714285714,107.64285714285714,18.02247274403616,False,True,False,False,False,False,False,False,False,False,False,True
2023-03-20,104,294.55,0,False,3,20,109.0,117.0,100.71428571428571,106.85714285714286,18.263937926182052,False,True,False,False,False,False,False,False,False,False,False,True
2023-03-21,123,340.5,1,False,3,21,104.0,113.0,98.85714285714286,106.42857142857143,16.94529011681003,False,True,False,False,False,False,False,False,False,False,False,True
2023-03-22,79,225.65,2,False,3,22,123.0,88.0,100.28571428571429,107.57142857142857,18.67006771737669,False,True,False,False,False,False,False,False,False,False,False,True
2023-03-23,111,313.5,3,False,3,23,79.0,104.0,99.0,106.07142857142857,19.92485884517134,False,True,False,False,False,False,False,False,False,False,False,True
2023-03-24,96,274.15,4,False,3,24,111.0,65.0,100.0,104.92857142857143,20.387904911164103,False,True,False,False,False,False,False,False,False,False,False,True
2023-03-25,86,245.6,5,True,3,25,96.0,109.0,104.42857142857143,101.85714285714286,13.830607878387609,False,True,False,False,False,False,False,False,False,False,False,True
2023-03-26,87,244.95,6,True,3,26,86.0,109.0,101.14285714285714,100.64285714285714,15.225292240529459,False,True,False,False,False,False,False,False,False,False,False,True
2023-03-27,129,358.35,0,False,3,27,87.0,104.0,98.0,99.35714285714286,15.5991452757302,False,True,False,False,False,False,False,False,False,False,False,True
2023-03-28,81,229.1,1,False,3,28,129.0,123.0,101.57142857142857,100.21428571428571,19.560650490693053,False,True,False,False,False,False,False,False,False,False,False,True
2023-03-29,67,183.25,2,False,3,29,81.0,79.0,95.57142857142857,97.92857142857143,18.292595431459414,False,True,False,False,False,False,False,False,False,False,False,True
2023-03-30,76,212.85,3,False,3,30,67.0,111.0,93.85714285714286,96.42857142857143,20.52988530109685,False,True,False,False,False,False,False,False,False,False,False,True
2023-03-31,98,277.4,4,False,3,31,76.0,96.0,88.85714285714286,94.42857142857143,19.91170988328707,False,True,False,False,False,False,False,False,False,False,False,True
2023-04-01,133,376.1,5,True,4,1,98.0,86.0,89.14285714285714,96.78571428571429,20.04518704850432,False,True,False,False,False,False,False,False,False,False,False,True
2023-04-02,140,392.45,6,True,4,2,133.0,87.0,95.85714285714286,98.5,25.84845947330052,False,True,False,False,False,False,False,False,False,False,False,True
2023-04-03,140,394.7,0,False,4,3,140.0,129.0,103.42857142857143,100.71428571428571,30.21510186897247,False,True,False,False,False,False,False,False,False,False,False,True
2023-04-04,127,348.05,1,False,4,4,140.0,81.0,105.0,103.28571428571429,32.00000000000004,False,True,False,False,False,False,False,False,False,False,False,True
2023-04-05,143,404.35,2,False,4,5,127.0,67.0,111.57142857142857,103.57142857142857,30.95619024178715,False,True,False,False,False,False,False,False,False,False,False,True
2023-04-06,149,410.45,3,False,4,6,143.0,76.0,122.42857142857143,108.14285714285714,25.57900925144911,False,True,False,False,False,False,False,False,False,False,False,True
2023-04-07,139,388.05,4,False,4,7,149.0,98.0,132.85714285714286,110.85714285714286,16.90590204069366,False,True,False,False,False,False,False,False,False,False,False,True
2023-04-08,127,358.45,5,True,4,8,139.0,133.0,138.71428571428572,113.92857142857143,7.040698017344273,False,True,False,False,False,False,False,False,False,False,False,True
2023-04-09,129,368.85,6,True,4,9,127.0,140.0,137.85714285714286,116.85714285714286,8.132825901423443,False,True,False,False,False,False,False,False,False,False,False,True
2023-04-10,130,374.4,0,False,4,10,129.0,140.0,136.28571428571428,119.85714285714286,8.693182879212612,False,True,False,False,False,False,False,False,False,False,False,True
2023-04-11,116,324.1,1,False,4,11,130.0,127.0,134.85714285714286,119.92857142857143,8.802056036869857,False,True,False,False,False,False,False,False,False,False,False,True
2023-04-12,140,391.1,2,False,4,12,116.0,143.0,133.28571428571428,122.42857142857143,11.116268644263462,False,True,False,False,False,False,False,False,False,False,False,True
2023-04-13,157,441.75,3,False,4,13,140.0,149.0,132.85714285714286,127.64285714285714,10.73046397612254,False,True,False,False,False,False,False,False,False,False,False,True
2023-04-14,131,365.35,4,False,4,14,157.0,139.0,134.0,133.42857142857142,12.935738607955088,False,True,False,False,False,False,False,False,False,False,False,True
2023-04-15,121,345.85,5,True,4,15,131.0,127.0,132.85714285714286,135.78571428571428,12.772738827004316,False,True,False,False,False,False,False,False,False,False,False,True
2023-04-16,147,405.8,6,True,4,16,121.0,129.0,132.0,134.92857142857142,13.416407864998977,False,True,False,False,False,False,False,False,False,False,False,True
2023-04-17,92,260.45,0,False,4,17,147.0,130.0,134.57142857142858,135.42857142857142,14.432107063271143,False,True,False,False,False,False,False,False,False,False,False,True
2023-04-18,135,380.2,1,False,4,18,92.0,116.0,129.14285714285714,132.0,21.73651744130593,False,True,False,False,False,False,False,False,False,False,False,True
2023-04-19,123,347.95,2,False,4,19,135.0,140.0,131.85714285714286,132.57142857142858,20.995464362798224,False,True,False,False,False,False,False,False,False,False,False,True
2023-04-20,144,403.25,3,False,4,20,123.0,157.0,129.42857142857142,131.14285714285714,20.8794727172979,False,True,False,False,False,False,False,False,False,False,False,True
2023-04-21,156,451.45,4,False,4,21,144.0,131.0,127.57142857142857,130.78571428571428,18.455867566144214,False,True,False,False,False,False,False,False,False,False,False,True
2023-04-22,103,286.6,5,True,4,22,156.0,121.0,131.14285714285714,132.0,21.412057128547854,False,True,False,False,False,False,False,False,False,False,False,True
2023-04-23,151,429.95,6,True,4,23,103.0,147.0,128.57142857142858,130.28571428571428,23.7827468476426,False,True,False,False,False,False,False,False,False,False,False,True
2023-04-24,117,333.7,0,False,4,24,151.0,92.0,129.14285714285714,131.85714285714286,24.340833808154493,False,True,False,False,False,False,False,False,False,False,False,True
2023-04-25,114,321.55,1,False,4,25,117.0,135.0,132.71428571428572,130.92857142857142,19.29347286618201,False,True,False,False,False,False,False,False,False,False,False,True
2023-04-26,124,360.95,2,False,4,26,114.0,123.0,129.71428571428572,130.78571428571428,20.475304521254415,False,True,False,False,False,False,False,False,False,False,False,True
2023-04-27,147,411.5,3,False,4,27,124.0,144.0,129.85714285714286,129.64285714285714,20.4240754293276,False,True,False,False,False,False,False,False,False,False,False,True
2023-04-28,100,291.1,4,False,4,28,147.0,156.0,130.28571428571428,128.92857142857142,20.798351583032606,False,True,False,False,False,False,False,False,False,False,False,True
2023-04-29,86,249.15,5,True,4,29,100.0,103.0,122.28571428571429,126.71428571428571,20.0142806158861,False,True,False,False,False,False,False,False,False,False,False,True
2023-04-30,120,343.45,6,True,4,30,86.0,151.0,119.85714285714286,124.21428571428571,23.4764319508494,False,True,False,False,False,False,False,False,False,False,False,True
2023-05-01,192,541.3,0,False,5,1,120.0,117.0,115.42857142857143,122.28571428571429,19.147298702925504,False,True,False,False,False,False,False,False,False,False,False,True
2023-05-02,204,576.75,1,False,5,2,192.0,114.0,126.14285714285714,129.42857142857142,34.77752421429962,False,True,False,False,False,False,False,False,False,False,False,True
2023-05-03,204,570.45,2,False,5,3,204.0,124.0,139.0,134.35714285714286,44.747439405326205,False,True,False,False,False,False,False,False,False,False,False,True
2023-05-04,162,449.4,3,False,5,4,204.0,147.0,150.42857142857142,140.14285714285714,50.16591519766239,False,True,False,False,False,False,False,False,False,False,False,True
2023-05-05,172,487.9,4,False,5,5,162.0,100.0,152.57142857142858,141.42857142857142,50.315196984798284,False,True,False,False,False,False,False,False,False,False,False,True
2023-05-06,180,492.55,5,True,5,6,172.0,86.0,162.85714285714286,142.57142857142858,44.8383339395678,False,True,False,False,False,False,False,False,False,False,False,True
2023-05-07,194,549.25,6,True,5,7,180.0,120.0,176.28571428571428,148.07142857142858,29.403595504146,False,True,False,False,False,False,False,False,False,False,False,True
2023-05-08,170,480.55,0,False,5,8,194.0,192.0,186.85714285714286,151.14285714285714,16.07719473279454,False,True,False,False,False,False,False,False,False,False,False,True
2023-05-09,179,505.0,1,False,5,9,170.0,204.0,183.71428571428572,154.92857142857142,17.026589849549083,False,True,False,False,False,False,False,False,False,False,False,True
2023-05-10,209,607.8,2,False,5,10,179.0,204.0,180.14285714285714,159.57142857142858,14.496304947912183,False,True,False,False,False,False,False,False,False,False,False,True
2023-05-11,171,478.1,3,False,5,11,209.0,162.0,180.85714285714286,165.64285714285714,15.920935603041567,False,True,False,False,False,False,False,False,False,False,False,True
2023-05-12,190,519.45,4,False,5,12,171.0,172.0,182.14285714285714,167.35714285714286,14.438704598273231,False,True,False,False,False,False,False,False,False,False,False,True
2023-05-13,200,558.5,5,True,5,13,190.0,180.0,184.71428571428572,173.78571428571428,13.92496900911338,False,True,False,False,False,False,False,False,False,False,False,True
2023-05-14,147,411.0,6,True,5,14,200.0,194.0,187.57142857142858,181.92857142857142,14.819549507965954,False,True,False,False,False,False,False,False,False,False,False,True
2023-05-15,174,494.1,0,False,5,15,147.0,170.0,180.85714285714286,183.85714285714286,20.84409245988408,False,True,False,False,False,False,False,False,False,False,False,True
2023-05-16,171,475.9,1,False,5,16,174.0,179.0,181.42857142857142,182.57142857142858,20.549591584401874,False,True,False,False,False,False,False,False,False,False,False,True
2023-05-17,112,316.55,2,False,5,17,171.0,209.0,180.28571428571428,180.21428571428572,20.92617408664966,False,True,False,False,False,False,False,False,False,False,False,True
2023-05-18,154,434.25,3,False,5,18,112.0,171.0,166.42857142857142,173.64285714285714,29.21675970430417,False,True,False,False,False,False,False,False,False,False,False,True
2023-05-19,170,479.35,4,False,5,19,154.0,190.0,164.0,173.07142857142858,29.47880594596742,False,True,False,False,False,False,False,False,False,False,False,True
2023-05-20,179,503.75,5,True,5,20,170.0,200.0,161.14285714285714,172.92857142857142,27.43737457938583,False,True,False,False,False,False,False,False,False,False,False,True
2023-05-21,189,545.45,6,True,5,21,179.0,147.0,158.14285714285714,172.85714285714286,23.319723922240748,False,True,False,False,False,False,False,False,False,False,False,True
2023-05-22,129,364.4,0,False,5,22,189.0,174.0,164.14285714285714,172.5,25.29445638493794,False,True,False,False,False,False,False,False,False,False,False,True
2023-05-23,183,520.1,1,False,5,23,129.0,171.0,157.71428571428572,169.57142857142858,27.95063675908116,False,True,False,False,False,False,False,False,False,False,False,True
2023-05-24,147,417.4,2,False,5,24,183.0,112.0,159.42857142857142,169.85714285714286,29.23956875455561,False,True,False,False,False,False,False,False,False,False,False,True
2023-05-25,152,431.85,3,False,5,25,147.0,154.0,164.42857142857142,165.42857142857142,21.831606620197505,False,True,False,False,False,False,False,False,False,False,False,True
2023-05-26,133,380.8,4,False,5,26,152.0,170.0,164.14285714285714,164.07142857142858,22.003246513704767,False,True,False,False,False,False,False,False,False,False,False,True
2023-05-27,184,515.15,5,True,5,27,133.0,179.0,158.85714285714286,160.0,24.647032082508318,False,True,False,False,False,False,False,False,False,False,False,True
2023-05-28,132,366.95,6,True,5,28,184.0,189.0,159.57142857142858,158.85714285714286,25.389349097979085,False,True,False,False,False,False,False,False,False,False,False,True
2023-05-29,128,361.05,0,False,5,29,132.0,129.0,151.42857142857142,157.78571428571428,23.443955460183158,False,True,False,False,False,False,False,False,False,False,False,True
2023-05-30,120,338.7,1,False,5,30,128.0,183.0,151.28571428571428,154.5,23.6058911129849,False,True,False,False,False,False,False,False,False,False,False,True
2023-05-31,129,353.2,2,False,5,31,120.0,147.0,142.28571428571428,150.85714285714286,21.406496566185226,False,True,False,False,False,False,False,False,False,False,False,True
2023-06-01,206,588.8,3,False,6,1,129.0,152.0,139.71428571428572,152.07142857142858,21.822880085774653,False,True,False,False,False,False,False,False,False,False,False,True
2023-06-02,217,617.5,4,False,6,2,206.0,133.0,147.42857142857142,155.78571428571428,33.3759251699842,False,True,False,False,False,False,False,False,False,False,False,True
2023-06-03,211,591.0,5,True,6,3,217.0,184.0,159.42857142857142,159.14285714285714,41.448189115477454,False,True,False,False,False,False,False,False,False,False,False,True
2023-06-04,173,479.6,6,True,6,4,211.0,132.0,163.28571428571428,161.42857142857142,45.20219126588995,False,True,False,False,False,False,False,False,False,False,False,True
2023-06-05,191,538.5,0,False,6,5,173.0,128.0,169.14285714285714,160.28571428571428,43.079107741566865,False,True,False,False,False,False,False,False,False,False,False,True
2023-06-06,189,529.85,1,False,6,6,191.0,120.0,178.14285714285714,164.71428571428572,39.48176191369283,False,True,False,False,False,False,False,False,False,False,False,True
2023-06-07,181,517.4,2,False,6,7,189.0,129.0,188.0,165.14285714285714,30.027764929589214,False,True,False,False,False,False,False,False,False,False,False,True
2023-06-08,180,507.85,3,False,6,8,181.0,206.0,195.42857142857142,167.57142857142858,16.287593876497386,False,True,False,False,False,False,False,False,False,False,False,True
2023-06-09,200,578.05,4,False,6,9,180.0,217.0,191.71428571428572,169.57142857142858,16.438920136009433,False,True,False,False,False,False,False,False,False,False,False,True
2023-06-10,201,583.35,5,True,6,10,200.0,211.0,189.28571428571428,174.35714285714286,12.970662868107267,False,True,False,False,False,False,False,False,False,False,False,True
2023-06-11,185,510.65,6,True,6,11,201.0,173.0,187.85714285714286,175.57142857142858,10.49489671901819,False,True,False,False,False,False,False,False,False,False,False,True
2023-06-12,230,632.05,0,False,6,12,185.0,191.0,189.57142857142858,179.35714285714286,8.443086774735633,False,True,False,False,False,False,False,False,False,False,False,True
2023-06-13,216,611.7,1,False,6,13,230.0,189.0,195.14285714285714,186.64285714285714,17.525491637693314,False,True,False,False,False,False,False,False,False,False,False,True
2023-06-14,184,514.75,2,False,6,14,216.0,181.0,199.0,193.5,18.86796226411323,False,True,False,False,False,False,False,False,False,False,False,True
2023-06-15,175,494.1,3,False,6,15,184.0,180.0,199.42857142857142,197.42857142857142,18.419709940325205,False,True,False,False,False,False,False,False,False,False,False,True
2023-06-16,188,521.7,4,False,6,16,175.0,200.0,198.71428571428572,195.21428571428572,19.371063348151438,False,True,False,False,False,False,False,False,False,False,False,True
2023-06-17,102,279.6,5,True,6,17,188.0,201.0,197.0,193.14285714285714,19.765289440498144,False,True,False,False,False,False,False,False,False,False,False,True
2023-06-18,164,462.85,6,True,6,18,102.0,185.0,182.85714285714286,185.35714285714286,40.72848541020799,False,True,False,False,False,False,False,False,False,False,False,True
2023-06-19,195,551.5,0,False,6,19,164.0,230.0,179.85714285714286,184.71428571428572,41.31355133378786,False,True,False,False,False,False,False,False,False,False,False,True
2023-06-20,180,507.45,1,False,6,20,195.0,216.0,174.85714285714286,185.0,36.01124163104522,False,True,False,False,False,False,False,False,False,False,False,True
2023-06-21,206,584.4,2,False,6,21,180.0,184.0,169.71428571428572,184.35714285714286,31.436254472155174,False,True,False,False,False,False,False,False,False,False,False,True
2023-06-22,150,413.7,3,False,6,22,206.0,175.0,172.85714285714286,186.14285714285714,34.09021644317997,False,True,False,False,False,False,False,False,False,False,False,True
2023-06-23,180,509.4,4,False,6,23,150.0,188.0,169.28571428571428,184.0,35.1222355292403,False,True,False,False,False,False,False,False,False,False,False,True
2023-06-24,155,441.75,5,True,6,24,180.0,102.0,168.14285714285714,182.57142857142858,34.53707462726866,False,True,False,False,False,False,False,False,False,False,False,True
2023-06-25,151,427.9,6,True,6,25,155.0,164.0,175.71428571428572,179.28571428571428,20.62938265124358,False,True,False,False,False,False,False,False,False,False,False,True
2023-06-26,157,447.0,0,False,6,26,151.0,195.0,173.85714285714286,176.85714285714286,22.371325183729986,False,True,False,False,False,False,False,False,False,False,False,True
2023-06-27,202,563.25,1,False,6,27,157.0,180.0,168.42857142857142,171.64285714285714,20.951190442368226,False,True,False,False,False,False,False,False,False,False,False,True
2023-06-28,146,414.8,2,False,6,28,202.0,206.0,171.57142857142858,170.64285714285714,24.35061356418728,False,True,False,False,False,False,False,False,False,False,False,True
2023-06-29,134,386.05,3,False,6,29,146.0,150.0,163.0,167.92857142857142,20.46134567096376,False,True,False,False,False,False,False,False,False,False,False,True
2023-06-30,142,411.25,4,False,6,30,134.0,180.0,160.71428571428572,165.0,22.90352437009268,False,True,False,False,False,False,False,False,False,False,False,True
2023-01-15,28,98.5,6,True,1,15,44.0,31.0,35.0,30.785714285714285,7.371114795831998,False,False,True,True,False,False,False,False,False,False,False,False
2023-01-16,26,90.0,0,False,1,16,28.0,24.0,34.57142857142857,30.428571428571427,7.721337165222593,False,False,True,True,False,False,False,False,False,False,False,False
2023-01-17,24,86.75,1,False,1,17,26.0,37.0,34.857142857142854,30.285714285714285,7.289914755527474,False,False,True,True,False,False,False,False,False,False,False,False
2023-01-18,28,94.75,2,False,1,18,24.0,29.0,33.0,29.857142857142858,8.246211251235321,False,False,True,True,False,False,False,False,False,False,False,False
2023-01-19,21,73.0,3,False,1,19,28.0,43.0,32.857142857142854,30.285714285714285,8.335237877600763,False,False,True,True,False,False,False,False,False,False,False,False
2023-01-20,44,149.0,4,False,1,20,21.0,37.0,29.714285714285715,29.928571428571427,8.014867137894122,False,False,True,True,False,False,False,False,False,False,False,False
2023-01-21,41,139.0,5,True,1,21,44.0,44.0,30.714285714285715,31.357142857142858,9.393513466115602,False,False,True,True,False,False,False,False,False,False,False,False
2023-01-22,25,86.1,6,True,1,22,41.0,28.0,30.285714285714285,32.642857142857146,8.73144290699396,False,False,True,True,False,False,False,False,False,False,False,False
2023-01-23,33,111.4,0,False,1,23,25.0,26.0,29.857142857142858,32.214285714285715,8.933617621631434,False,False,True,True,False,False,False,False,False,False,False,False
2023-01-24,36,123.9,1,False,1,24,33.0,24.0,30.857142857142858,32.857142857142854,8.820970684087083,False,False,True,True,False,False,False,False,False,False,False,False
2023-01-25,30,106.0,2,False,1,25,36.0,28.0,32.57142857142857,32.785714285714285,8.423323628614833,False,False,True,True,False,False,False,False,False,False,False,False
2023-01-26,26,90.65,3,False,1,26,30.0,21.0,32.857142857142854,32.857142857142854,8.27503416767511,False,False,True,True,False,False,False,False,False,False,False,False
2023-01-27,33,113.05,4,False,1,27,26.0,44.0,33.57142857142857,31.642857142857142,7.23088613419644,False,False,True,True,False,False,False,False,False,False,False,False
2023-01-28,26,87.15,5,True,1,28,33.0,41.0,32.0,31.357142857142858,5.5976185412488855,False,False,True,True,False,False,False,False,False,False,False,False
2023-01-29,30,103.85,6,True,1,29,26.0,25.0,29.857142857142858,30.071428571428573,4.298393941484463,False,False,True,True,False,False,False,False,False,False,False,False
2023-01-30,33,119.78,0,False,1,30,30.0,33.0,30.571428571428573,30.214285714285715,3.735288603626344,False,False,True,True,False,False,False,False,False,False,False,False
2023-01-31,27,94.13,1,False,1,31,33.0,36.0,30.571428571428573,30.714285714285715,3.735288603626344,False,False,True,True,False,False,False,False,False,False,False,False
2023-02-01,31,106.75,2,False,2,1,27.0,30.0,29.285714285714285,30.928571428571427,3.0394235042348194,False,False,True,True,False,False,False,False,False,False,False,False
2023-02-02,27,95.75,3,False,2,2,31.0,26.0,29.428571428571427,31.142857142857142,3.101458950082599,False,False,True,True,False,False,False,False,False,False,False,False
2023-02-03,29,103.5,4,False,2,3,27.0,33.0,29.571428571428573,31.571428571428573,2.9358214555806117,False,False,True,True,False,False,False,False,False,False,False,False
2023-02-04,37,131.5,5,True,2,4,29.0,26.0,29.0,30.5,2.516611478423547,False,False,True,True,False,False,False,False,False,False,False,False
2023-02-05,33,117.5,6,True,2,5,37.0,30.0,30.571428571428573,30.214285714285715,3.552329886011082,False,False,True,True,False,False,False,False,False,False,False,False
2023-02-06,20,68.0,0,False,2,6,33.0,33.0,31.0,30.785714285714285,3.651483716701095,False,False,True,True,False,False,False,False,False,False,False,False
2023-02-07,24,82.75,1,False,2,7,20.0,27.0,29.142857142857142,29.857142857142858,5.3674504012169155,False,False,True,True,False,False,False,False,False,False,False,False
2023-02-08,29,102.5,2,False,2,8,24.0,31.0,28.714285714285715,29.0,5.677860093212498,False,False,True,True,False,False,False,False,False,False,False,False
2023-02-09,24,98.72,3,False,2,9,29.0,27.0,28.428571428571427,28.928571428571427,5.5933634144148066,False,False,True,True,False,False,False,False,False,False,False,False
2023-02-10,35,127.0,4,False,2,10,24.0,29.0,28.0,28.785714285714285,5.83095189484528,False,False,True,True,False,False,False,False,False,False,False,False
2023-02-11,31,110.25,5,True,2,11,35.0,37.0,28.857142857142858,28.928571428571427,6.4142698058981695,False,False,True,True,False,False,False,False,False,False,False,False
2023-02-12,45,162.25,6,True,2,12,31.0,33.0,28.0,29.285714285714285,5.477225575051639,False,False,True,True,False,False,False,False,False,False,False,False
2023-02-13,45,161.25,0,False,2,13,45.0,20.0,29.714285714285715,30.357142857142858,8.400680244565223,False,False,True,True,False,False,False,False,False,False,False,False
2023-02-14,31,108.25,1,False,2,14,45.0,24.0,33.285714285714285,31.214285714285715,8.882835240212549,False,False,True,True,False,False,False,False,False,False,False,False
2023-02-15,19,65.75,2,False,2,15,31.0,29.0,34.285714285714285,31.5,8.014867137894132,False,False,True,True,False,False,False,False,False,False,False,False
2023-02-16,29,100.0,3,False,2,16,19.0,24.0,32.857142857142854,30.642857142857142,9.805246409084125,False,False,True,True,False,False,False,False,False,False,False,False
2023-02-17,26,94.5,4,False,2,17,29.0,35.0,33.57142857142857,30.785714285714285,9.216961590045873,False,False,True,True,False,False,False,False,False,False,False,False
2023-02-18,23,78.75,5,True,2,18,26.0,31.0,32.285714285714285,30.571428571428573,9.604066599003529,False,False,True,True,False,False,False,False,False,False,False,False
2023-02-19,24,86.5,6,True,2,19,23.0,45.0,31.142857142857142,29.571428571428573,10.237652260627128,False,False,True,True,False,False,False,False,False,False,False,False
2023-02-20,53,181.25,0,False,2,20,24.0,45.0,28.142857142857142,28.928571428571427,8.414839499926524,False,False,True,True,False,False,False,False,False,False,False,False
2023-02-21,36,125.3,1,False,2,21,53.0,31.0,29.285714285714285,31.285714285714285,11.176079898817912,False,False,True,True,False,False,False,False,False,False,False,False
2023-02-22,36,121.25,2,False,2,22,36.0,19.0,30.0,32.142857142857146,11.460075625114053,False,False,True,True,False,False,False,False,False,False,False,False
2023-02-23,28,91.05,3,False,2,23,36.0,29.0,32.42857142857143,32.642857142857146,10.501700542565203,False,False,True,True,False,False,False,False,False,False,False,False
2023-02-24,40,130.65,4,False,2,24,28.0,26.0,32.285714285714285,32.92857142857143,10.562737740350679,False,False,True,True,False,False,False,False,False,False,False,False
2023-02-25,35,122.9,5,True,2,25,40.0,23.0,34.285714285714285,33.285714285714285,10.499433091271895,False,False,True,True,False,False,False,False,False,False,False,False
2023-02-26,21,72.5,6,True,2,26,35.0,24.0,36.0,33.57142857142857,9.25562891794322,False,False,True,True,False,False,False,False,False,False,False,False
2023-02-27,53,178.65,0,False,2,27,21.0,53.0,35.57142857142857,31.857142857142858,9.947481136065605,False,False,True,True,False,False,False,False,False,False,False,False
2023-02-28,27,89.7,1,False,2,28,53.0,36.0,35.57142857142857,32.42857142857143,9.947481136065605,False,False,True,True,False,False,False,False,False,False,False,False
2023-03-01,40,142.5,2,False,3,1,27.0,36.0,34.285714285714285,32.142857142857146,10.451702982676808,False,False,True,True,False,False,False,False,False,False,False,False
2023-03-02,33,115.75,3,False,3,2,40.0,28.0,34.857142857142854,33.642857142857146,10.668154658117958,False,False,True,True,False,False,False,False,False,False,False,False
2023-03-03,40,141.5,4,False,3,3,33.0,40.0,35.57142857142857,33.92857142857143,10.293317295817761,False,False,True,True,False,False,False,False,False,False,False,False
2023-03-04,32,113.75,5,True,3,4,40.0,35.0,35.57142857142857,34.92857142857143,10.293317295817761,False,False,True,True,False,False,False,False,False,False,False,False
2023-03-05,45,156.0,6,True,3,5,32.0,21.0,35.142857142857146,35.57142857142857,10.383136511166743,False,False,True,True,False,False,False,False,False,False,False,False
2023-03-06,35,120.25,0,False,3,6,45.0,53.0,38.57142857142857,37.07142857142857,8.772250620700547,False,False,True,True,False,False,False,False,False,False,False,False
2023-03-07,19,65.0,1,False,3,7,35.0,27.0,36.0,35.785714285714285,6.055300708194994,False,False,True,True,False,False,False,False,False,False,False,False
2023-03-08,26,91.5,2,False,3,8,19.0,40.0,34.857142857142854,34.57142857142857,8.35520938154897,False,False,True,True,False,False,False,False,False,False,False,False
2023-03-09,31,130.16,3,False,3,9,26.0,33.0,32.857142857142854,33.857142857142854,8.591246929842253,False,False,True,True,False,False,False,False,False,False,False,False
2023-03-10,30,112.25,4,False,3,10,31.0,40.0,32.57142857142857,34.07142857142857,8.618916073713352,False,False,True,True,False,False,False,False,False,False,False,False
2023-03-11,37,132.25,5,True,3,11,30.0,32.0,31.142857142857142,33.357142857142854,7.988086367179808,False,False,True,True,False,False,False,False,False,False,False,False
2023-03-12,47,170.25,6,True,3,12,37.0,45.0,31.857142857142858,33.5,8.295150620062538,False,False,True,True,False,False,False,False,False,False,False,False
2023-03-13,50,182.0,0,False,3,13,47.0,35.0,32.142857142857146,35.357142857142854,8.839844859659996,False,False,True,True,False,False,False,False,False,False,False,False
2023-03-14,46,164.0,1,False,3,14,50.0,19.0,34.285714285714285,35.142857142857146,11.161157134071209,False,False,True,True,False,False,False,False,False,False,False,False
2023-03-15,27,93.75,2,False,3,15,46.0,26.0,38.142857142857146,36.5,9.54687682663064,False,False,True,True,False,False,False,False,False,False,False,False
2023-03-16,36,127.0,3,False,3,16,27.0,31.0,38.285714285714285,35.57142857142857,9.340133577101305,False,False,True,True,False,False,False,False,False,False,False,False
2023-03-17,36,131.0,4,False,3,17,36.0,30.0,39.0,35.785714285714285,8.869423130433379,False,False,True,True,False,False,False,False,False,False,False,False
2023-03-18,37,131.5,5,True,3,18,36.0,37.0,39.857142857142854,35.5,8.112306935115543,False,False,True,True,False,False,False,False,False,False,False,False
2023-03-19,22,78.25,6,True,3,19,37.0,47.0,39.857142857142854,35.857142857142854,8.112306935115543,False,False,True,True,False,False,False,False,False,False,False,False
2023-03-20,44,150.3,0,False,3,20,22.0,50.0,36.285714285714285,34.214285714285715,9.776064063386071,False,False,True,True,False,False,False,False,False,False,False,False
2023-03-21,40,138.0,1,False,3,21,44.0,46.0,35.42857142857143,34.857142857142854,8.560707580902081,False,False,True,True,False,False,False,False,False,False,False,False
2023-03-22,34,115.4,2,False,3,22,40.0,27.0,34.57142857142857,36.357142857142854,7.568732673685494,False,False,True,True,False,False,False,False,False,False,False,False
2023-03-23,35,117.05,3,False,3,23,34.0,36.0,35.57142857142857,36.92857142857143,6.827814263660637,False,False,True,True,False,False,False,False,False,False,False,False
2023-03-24,50,171.75,4,False,3,24,35.0,36.0,35.42857142857143,37.214285714285715,6.827814263660637,False,False,True,True,False,False,False,False,False,False,False,False
2023-03-25,35,121.15,5,True,3,25,50.0,37.0,37.42857142857143,38.642857142857146,8.79122939558025,False,False,True,True,False,False,False,False,False,False,False,False
2023-03-26,30,108.0,6,True,3,26,35.0,22.0,37.142857142857146,38.5,8.83984485965999,False,False,True,True,False,False,False,False,False,False,False,False
2023-03-27,45,152.65,0,False,3,27,30.0,44.0,38.285714285714285,37.285714285714285,6.848705126136027,False,False,True,True,False,False,False,False,False,False,False,False
2023-03-28,41,142.15,1,False,3,28,45.0,40.0,38.42857142857143,36.92857142857143,6.99659781267874,False,False,True,True,False,False,False,False,False,False,False,False
2023-03-29,43,147.65,2,False,3,29,41.0,34.0,38.57142857142857,36.57142857142857,7.044078904941908,False,False,True,True,False,False,False,False,False,False,False,False
2023-03-30,44,159.59,3,False,3,30,43.0,35.0,39.857142857142854,37.714285714285715,6.8902968351291225,False,False,True,True,False,False,False,False,False,False,False,False
2023-03-31,37,131.03,4,False,3,31,44.0,50.0,41.142857142857146,38.285714285714285,6.66904719402932,False,False,True,True,False,False,False,False,False,False,False,False
2023-04-01,47,166.25,5,True,4,1,37.0,35.0,39.285714285714285,38.357142857142854,5.498917642417931,False,False,True,True,False,False,False,False,False,False,False,False
2023-04-02,38,133.5,6,True,4,2,47.0,30.0,41.0,39.07142857142857,5.802298395176393,False,False,True,True,False,False,False,False,False,False,False,False
2023-04-03,48,172.75,0,False,4,3,38.0,45.0,42.142857142857146,40.214285714285715,3.6709931185157956,False,False,True,True,False,False,False,False,False,False,False,False
2023-04-04,31,109.0,1,False,4,4,48.0,41.0,42.57142857142857,40.5,4.197504927816935,False,False,True,True,False,False,False,False,False,False,False,False
2023-04-05,56,199.25,2,False,4,5,31.0,43.0,41.142857142857146,39.857142857142854,6.094494002200431,False,False,True,True,False,False,False,False,False,False,False,False
2023-04-06,34,115.5,3,False,4,6,56.0,44.0,43.0,41.42857142857143,8.326663997864518,False,False,True,True,False,False,False,False,False,False,False,False
2023-04-07,36,127.25,4,False,4,7,34.0,37.0,41.57142857142857,41.357142857142854,8.960229588895261,False,False,True,True,False,False,False,False,False,False,False,False
2023-04-08,38,135.5,5,True,4,8,36.0,47.0,41.42857142857143,40.357142857142854,9.052755434252095,False,False,True,True,False,False,False,False,False,False,False,False
2023-04-09,28,122.92,6,True,4,9,38.0,38.0,40.142857142857146,40.57142857142857,8.76410427879106,False,False,True,True,False,False,False,False,False,False,False,False
2023-04-10,53,190.25,0,False,4,10,28.0,48.0,38.714285714285715,40.42857142857143,9.911513266807207,False,False,True,True,False,False,False,False,False,False,False,False
2023-04-11,48,172.5,1,False,4,11,53.0,31.0,39.42857142857143,41.0,10.829852920779407,False,False,True,True,False,False,False,False,False,False,False,False
2023-04-12,63,226.75,2,False,4,12,48.0,56.0,41.857142857142854,41.5,10.52661027157003,False,False,True,True,False,False,False,False,False,False,False,False
2023-04-13,45,163.75,3,False,4,13,63.0,34.0,42.857142857142854,42.92857142857143,12.28045291548824,False,False,True,True,False,False,False,False,False,False,False,False
2023-04-14,52,183.75,4,False,4,14,45.0,36.0,44.42857142857143,43.0,11.645559137244007,False,False,True,True,False,False,False,False,False,False,False,False
2023-04-15,38,132.75,5,True,4,15,52.0,38.0,46.714285714285715,44.07142857142857,11.279986491042216,False,False,True,True,False,False,False,False,False,False,False,False
2023-04-16,49,176.0,6,True,4,16,38.0,28.0,46.714285714285715,43.42857142857143,11.279986491042216,False,False,True,True,False,False,False,False,False,False,False,False
2023-04-17,47,169.75,0,False,4,17,49.0,53.0,49.714285714285715,44.214285714285715,7.696628822938958,False,False,True,True,False,False,False,False,False,False,False,False
2023-04-18,39,139.25,1,False,4,18,47.0,48.0,48.857142857142854,44.142857142857146,7.603257447273724,False,False,True,True,False,False,False,False,False,False,False,False
2023-04-19,36,129.0,2,False,4,19,39.0,63.0,47.57142857142857,44.714285714285715,8.482474930843036,False,False,True,True,False,False,False,False,False,False,False,False
2023-04-20,69,235.7,3,False,4,20,36.0,45.0,43.714285714285715,43.285714285714285,6.102302453836181,False,False,True,True,False,False,False,False,False,False,False,False
2023-04-21,63,214.75,4,False,4,21,69.0,52.0,47.142857142857146,45.785714285714285,11.393398255547966,False,False,True,True,False,False,False,False,False,False,False,False
2023-04-22,43,148.35,5,True,4,22,63.0,38.0,48.714285714285715,47.714285714285715,12.841524905740807,False,False,True,True,False,False,False,False,False,False,False,False
2023-04-23,39,129.2,6,True,4,23,43.0,49.0,49.42857142857143,48.07142857142857,12.272695205986624,False,False,True,True,False,False,False,False,False,False,False,False
2023-04-24,55,186.5,0,False,4,24,39.0,47.0,48.0,48.857142857142854,12.897028081435385,False,False,True,True,False,False,False,False,False,False,False,False
2023-04-25,46,155.6,1,False,4,25,55.0,39.0,49.142857142857146,49.0,13.1457036255015,False,False,True,True,False,False,False,False,False,False,False,False
2023-04-26,48,160.9,2,False,4,26,46.0,36.0,50.142857142857146,48.857142857142854,12.49571355076838,False,False,True,True,False,False,False,False,False,False,False,False
2023-04-27,51,179.45,3,False,4,27,48.0,69.0,51.857142857142854,47.785714285714285,10.960969717267556,False,False,True,True,False,False,False,False,False,False,False,False
2023-04-28,47,157.85,4,False,4,28,51.0,63.0,49.285714285714285,48.214285714285715,7.973169292786152,False,False,True,True,False,False,False,False,False,False,False,False
2023-04-29,57,198.0,5,True,4,29,47.0,43.0,47.0,47.857142857142854,5.196152422706594,False,False,True,True,False,False,False,False,False,False,False,False
2023-04-30,42,154.28,6,True,4,30,57.0,39.0,49.0,49.214285714285715,6.0277137733416675,False,False,True,True,False,False,False,False,False,False,False,False
2023-05-01,56,195.25,0,False,5,1,42.0,55.0,49.42857142857143,48.714285714285715,5.255382728122386,False,False,True,True,False,False,False,False,False,False,False,False
2023-05-02,45,159.0,1,False,5,2,56.0,46.0,49.57142857142857,49.357142857142854,5.442338432975947,False,False,True,True,False,False,False,False,False,False,False,False
2023-05-03,58,206.0,2,False,5,3,45.0,48.0,49.42857142857143,49.785714285714285,5.563486402641821,False,False,True,True,False,False,False,False,False,False,False,False
2023-05-04,52,187.5,3,False,5,4,58.0,51.0,50.857142857142854,51.357142857142854,6.36209010280347,False,False,True,True,False,False,False,False,False,False,False,False
2023-05-05,67,235.25,4,False,5,5,52.0,47.0,51.0,50.142857142857146,6.377042156569615,False,False,True,True,False,False,False,False,False,False,False,False
2023-05-06,57,197.75,5,True,5,6,67.0,57.0,53.857142857142854,50.42857142857143,8.434622525214529,False,False,True,True,False,False,False,False,False,False,False,False
2023-05-07,41,144.0,6,True,5,7,57.0,42.0,53.857142857142854,51.42857142857143,8.434622525214529,False,False,True,True,False,False,False,False,False,False,False,False
2023-05-08,56,199.25,0,False,5,8,41.0,56.0,53.714285714285715,51.57142857142857,8.673989580238983,False,False,True,True,False,False,False,False,False,False,False,False
2023-05-09,48,201.17,1,False,5,9,56.0,45.0,53.714285714285715,51.642857142857146,8.673989580238983,False,False,True,True,False,False,False,False,False,False,False,False
2023-05-10,58,208.0,2,False,5,10,48.0,58.0,54.142857142857146,51.785714285714285,8.234653836654156,False,False,True,True,False,False,False,False,False,False,False,False
2023-05-11,51,183.5,3,False,5,11,58.0,52.0,54.142857142857146,52.5,8.234653836654156,False,False,True,True,False,False,False,False,False,False,False,False
2023-05-12,74,264.75,4,False,5,12,51.0,67.0,54.0,52.5,8.286535263103987,False,False,True,True,False,False,False,False,False,False,False,False
2023-05-13,74,263.25,5,True,5,13,74.0,57.0,55.0,54.42857142857143,10.295630140986958,False,False,True,True,False,False,False,False,False,False,False,False
2023-05-14,79,281.5,6,True,5,14,74.0,41.0,57.42857142857143,55.642857142857146,12.594405409508088,False,False,True,True,False,False,False,False,False,False,False,False
2023-05-15,48,168.75,0,False,5,15,79.0,56.0,62.857142857142854,58.285714285714285,12.522360951894111,False,False,True,True,False,False,False,False,False,False,False,False
2023-05-16,53,191.0,1,False,5,16,48.0,48.0,61.714285714285715,57.714285714285715,13.573433435873692,False,False,True,True,False,False,False,False,False,False,False,False
2023-05-17,60,215.75,2,False,5,17,53.0,58.0,62.42857142857143,58.285714285714285,12.843378875995972,False,False,True,True,False,False,False,False,False,False,False,False
2023-05-18,61,213.75,3,False,5,18,60.0,51.0,62.714285714285715,58.42857142857143,12.750350135248333,False,False,True,True,False,False,False,False,False,False,False,False
2023-05-19,40,145.75,4,False,5,19,61.0,74.0,64.14285714285714,59.07142857142857,11.739230119966228,False,False,True,True,False,False,False,False,False,False,False,False
2023-05-20,80,274.6,5,True,5,20,40.0,74.0,59.285714285714285,57.142857142857146,13.828886261665973,False,False,True,True,False,False,False,False,False,False,False,False
2023-05-21,65,224.9,6,True,5,21,80.0,79.0,60.142857142857146,58.785714285714285,15.026959899112075,False,False,True,True,False,False,False,False,False,False,False,False
2023-05-22,67,228.05,0,False,5,22,65.0,48.0,58.142857142857146,60.5,12.876704695282971,False,False,True,True,False,False,False,False,False,False,False,False
2023-05-23,41,140.15,1,False,5,23,67.0,53.0,60.857142857142854,61.285714285714285,12.375090187261494,False,False,True,True,False,False,False,False,False,False,False,False
2023-05-24,61,201.0,2,False,5,24,41.0,60.0,59.142857142857146,60.785714285714285,14.322808982279131,False,False,True,True,False,False,False,False,False,False,False,False
2023-05-25,46,161.85,3,False,5,25,61.0,61.0,59.285714285714285,61.0,14.337762327902746,False,False,True,True,False,False,False,False,False,False,False,False
2023-05-26,52,180.75,4,False,5,26,46.0,40.0,57.142857142857146,60.642857142857146,15.137465347370934,False,False,True,True,False,False,False,False,False,False,False,False
2023-05-27,71,243.05,5,True,5,27,52.0,80.0,58.857142857142854,59.07142857142857,13.458932243787238,False,False,True,True,False,False,False,False,False,False,False,False
2023-05-28,54,188.05,6,True,5,28,71.0,65.0,57.57142857142857,58.857142857142854,11.370387604902174,False,False,True,True,False,False,False,False,False,False,False,False
2023-05-29,77,270.0,0,False,5,29,54.0,67.0,56.0,57.07142857142857,10.923979738782569,False,False,True,True,False,False,False,False,False,False,False,False
2023-05-30,48,168.43,1,False,5,30,77.0,41.0,57.42857142857143,59.142857142857146,13.04935685333622,False,False,True,True,False,False,False,False,False,False,False,False
2023-05-31,59,210.02,2,False,5,31,48.0,61.0,58.42857142857143,58.785714285714285,11.787806452108875,False,False,True,True,False,False,False,False,False,False,False,False
2023-06-01,55,192.0,3,False,6,1,59.0,46.0,58.142857142857146,58.714285714285715,11.739230119966235,False,False,True,True,False,False,False,False,False,False,False,False
2023-06-02,48,169.5,4,False,6,2,55.0,52.0,59.42857142857143,58.285714285714285,10.62790576512511,False,False,True,True,False,False,False,False,False,False,False,False
2023-06-03,66,234.0,5,True,6,3,48.0,71.0,58.857142857142854,58.857142857142854,11.186726828829592,False,False,True,True,False,False,False,False,False,False,False,False
2023-06-04,59,211.0,6,True,6,4,66.0,54.0,58.142857142857146,57.857142857142854,10.415190371576946,False,False,True,True,False,False,False,False,False,False,False,False
2023-06-05,65,229.75,0,False,6,5,59.0,77.0,58.857142857142854,57.42857142857143,10.253919111386425,False,False,True,True,False,False,False,False,False,False,False,False
2023-06-06,56,191.75,1,False,6,6,65.0,48.0,57.142857142857146,57.285714285714285,7.289914755527383,False,False,True,True,False,False,False,False,False,False,False,False
2023-06-07,42,148.5,2,False,6,7,56.0,59.0,58.285714285714285,58.357142857142854,6.1566843271976,False,False,True,True,False,False,False,False,False,False,False,False
2023-06-08,56,199.5,3,False,6,8,42.0,55.0,55.857142857142854,57.0,8.668497975015967,False,False,True,True,False,False,False,False,False,False,False,False
2023-06-09,51,214.94,4,False,6,9,56.0,48.0,56.0,57.714285714285715,8.660254037844316,False,False,True,True,False,False,False,False,False,False,False,False
2023-06-10,64,230.25,5,True,6,10,51.0,66.0,56.42857142857143,57.642857142857146,8.263517065131108,False,False,True,True,False,False,False,False,False,False,False,False
2023-06-11,53,189.0,6,True,6,11,64.0,59.0,56.142857142857146,57.142857142857146,7.904188160474753,False,False,True,True,False,False,False,False,False,False,False,False
2023-06-12,86,308.75,0,False,6,12,53.0,65.0,55.285714285714285,57.07142857142857,7.867957924694356,False,False,True,True,False,False,False,False,False,False,False,False
2023-06-13,85,306.0,1,False,6,13,86.0,56.0,58.285714285714285,57.714285714285715,13.889015872435333,False,False,True,True,False,False,False,False,False,False,False,False
2023-06-14,85,303.5,2,False,6,14,85.0,42.0,62.42857142857143,60.357142857142854,17.057326313123625,False,False,True,True,False,False,False,False,False,False,False,False
2023-06-15,49,171.0,3,False,6,15,85.0,56.0,68.57142857142857,62.214285714285715,16.19523739516382,False,False,True,True,False,False,False,False,False,False,False,False
2023-06-16,55,194.75,4,False,6,16,49.0,51.0,67.57142857142857,61.785714285714285,17.280597432353023,False,False,True,True,False,False,False,False,False,False,False,False
2023-06-17,64,233.5,5,True,6,17,55.0,64.0,68.14285714285714,62.285714285714285,16.697590359375873,False,False,True,True,False,False,False,False,False,False,False,False
2023-06-18,56,195.0,6,True,6,18,64.0,53.0,68.14285714285714,62.142857142857146,16.697590359375873,False,False,True,True,False,False,False,False,False,False,False,False
2023-06-19,54,192.75,0,False,6,19,56.0,86.0,68.57142857142857,61.92857142857143,16.27735792296708,False,False,True,True,False,False,False,False,False,False,False,False
2023-06-20,86,290.75,1,False,6,20,54.0,85.0,64.0,61.142857142857146,15.011106998930227,False,False,True,True,False,False,False,False,False,False,False,False
2023-06-21,72,248.6,2,False,6,21,86.0,85.0,64.14285714285714,63.285714285714285,15.24716991694489,False,False,True,True,False,False,False,False,False,False,False,False
2023-06-22,63,218.0,3,False,6,22,72.0,49.0,62.285714285714285,65.42857142857143,12.893335303097262,False,False,True,True,False,False,False,False,False,False,False,False
2023-06-23,42,140.7,4,False,6,23,63.0,55.0,64.28571428571429,65.92857142857143,11.499482390007557,False,False,True,True,False,False,False,False,False,False,False,False
2023-06-24,65,221.9,5,True,6,24,42.0,64.0,62.42857142857143,65.28571428571429,14.022091413874266,False,False,True,True,False,False,False,False,False,False,False,False
2023-06-25,66,228.65,6,True,6,25,65.0,56.0,62.57142857142857,65.35714285714286,14.04584330988044,False,False,True,True,False,False,False,False,False,False,False,False
2023-06-26,62,208.35,0,False,6,26,66.0,54.0,64.0,66.28571428571429,13.771952173409018,False,False,True,True,False,False,False,False,False,False,False,False
2023-06-27,74,249.95,1,False,6,27,62.0,86.0,65.14285714285714,64.57142857142857,13.120322295692883,False,False,True,True,False,False,False,False,False,False,False,False
2023-06-28,61,208.75,2,False,6,28,74.0,72.0,63.42857142857143,63.785714285714285,10.453980786557484,False,False,True,True,False,False,False,False,False,False,False,False
2023-06-29,77,266.8,3,False,6,29,61.0,63.0,61.857142857142854,62.07142857142857,9.75412000863512,False,False,True,True,False,False,False,False,False,False,False,False
2023-06-30,58,209.63,4,False,6,30,77.0,42.0,63.857142857142854,64.07142857142857,11.334733807028254,False,False,True,True,False,False,False,False,False,False,False,False
2023-01-15,1,14.0,6,True,1,15,6.0,1.0,2.2857142857142856,1.1428571428571428,2.627691364061218,False,False,True,False,True,False,False,False,False,False,False,False
2023-01-16,1,14.0,0,False,1,16,1.0,6.0,2.2857142857142856,1.2142857142857142,2.627691364061218,False,False,True,False,True,False,False,False,False,False,False,False
2023-01-17,2,40.0,1,False,1,17,1.0,1.0,1.5714285714285714,1.2857142857142858,2.070196678027062,False,False,True,False,True,False,False,False,False,False,False,False
2023-01-18,1,14.0,2,False,1,18,2.0,0.0,1.7142857142857142,1.4285714285714286,2.058663459163551,False,False,True,False,True,False,False,False,False,False,False,False
2023-01-19,2,40.0,3,False,1,19,1.0,0.0,1.8571428571428572,1.5,1.9518001458970662,False,False,True,False,True,False,False,False,False,False,False,False
2023-01-20,0,0.0,4,False,1,20,2.0,2.0,2.142857142857143,1.6428571428571428,1.7728105208558365,False,False,True,False,True,False,False,False,False,False,False,False
2023-01-21,1,28.0,5,True,1,21,0.0,6.0,1.8571428571428572,1.6428571428571428,1.9518001458970662,False,False,True,False,True,False,False,False,False,False,False,False
2023-01-22,3,54.0,6,True,1,22,1.0,1.0,1.1428571428571428,1.7142857142857142,0.690065559342354,False,False,True,False,True,False,False,False,False,False,False,False
2023-01-23,2,42.0,0,False,1,23,3.0,1.0,1.4285714285714286,1.8571428571428572,0.975900072948533,False,False,True,False,True,False,False,False,False,False,False,False
2023-01-24,3,70.0,1,False,1,24,2.0,2.0,1.5714285714285714,1.5714285714285714,0.975900072948533,False,False,True,False,True,False,False,False,False,False,False,False
2023-01-25,0,0.0,2,False,1,25,3.0,1.0,1.7142857142857142,1.7142857142857142,1.1126972805283732,False,False,True,False,True,False,False,False,False,False,False,False
2023-01-26,4,70.0,3,False,1,26,0.0,2.0,1.5714285714285714,1.7142857142857142,1.2724180205607034,False,False,True,False,True,False,False,False,False,False,False,False
2023-01-27,4,64.0,4,False,1,27,4.0,0.0,1.8571428571428572,2.0,1.5735915849388862,False,False,True,False,True,False,False,False,False,False,False,False
2023-01-28,0,0.0,5,True,1,28,4.0,1.0,2.4285714285714284,2.142857142857143,1.5118578920369086,False,False,True,False,True,False,False,False,False,False,False,False
2023-01-29,0,0.0,6,True,1,29,0.0,3.0,2.2857142857142856,1.7142857142857142,1.704336206492693,False,False,True,False,True,False,False,False,False,False,False,False
2023-01-30,6,96.0,0,False,1,30,0.0,2.0,1.8571428571428572,1.6428571428571428,1.8644544714716087,False,False,True,False,True,False,False,False,False,False,False,False
2023-01-31,1,28.0,1,False,1,31,6.0,3.0,2.4285714285714284,2.0,2.439750182371333,False,False,True,False,True,False,False,False,False,False,False,False
2023-02-01,0,0.0,2,False,2,1,1.0,0.0,2.142857142857143,1.9285714285714286,2.4784787961282104,False,False,True,False,True,False,False,False,False,False,False,False
2023-02-02,0,0.0,3,False,2,2,0.0,4.0,2.142857142857143,1.8571428571428572,2.4784787961282104,False,False,True,False,True,False,False,False,False,False,False,False
2023-02-03,0,0.0,4,False,2,3,0.0,4.0,1.5714285714285714,1.7142857142857142,2.439750182371333,False,False,True,False,True,False,False,False,False,False,False,False
2023-02-04,0,0.0,5,True,2,4,0.0,0.0,1.0,1.7142857142857142,2.2360679774997894,False,False,True,False,True,False,False,False,False,False,False,False
2023-02-05,0,0.0,6,True,2,5,0.0,0.0,1.0,1.6428571428571428,2.2360679774997894,False,False,True,False,True,False,False,False,False,False,False,False
2023-02-06,0,0.0,0,False,2,6,0.0,6.0,1.0,1.4285714285714286,2.2360679774997894,False,False,True,False,True,False,False,False,False,False,False,False
2023-02-07,0,0.0,1,False,2,7,0.0,1.0,0.14285714285714285,1.2857142857142858,0.3779644730092246,False,False,True,False,True,False,False,False,False,False,False,False
2023-02-08,1,14.0,2,False,2,8,0.0,0.0,0.0,1.0714285714285714,0.0,False,False,True,False,True,False,False,False,False,False,False,False
2023-02-09,3,42.0,3,False,2,9,1.0,0.0,0.14285714285714285,1.1428571428571428,0.37796447300922725,False,False,True,False,True,False,False,False,False,False,False,False
2023-02-10,1,12.0,4,False,2,10,3.0,0.0,0.5714285714285714,1.0714285714285714,1.1338934190276817,False,False,True,False,True,False,False,False,False,False,False,False
2023-02-11,0,0.0,5,True,2,11,1.0,0.0,0.7142857142857143,0.8571428571428571,1.1126972805283737,False,False,True,False,True,False,False,False,False,False,False,False
2023-02-12,0,0.0,6,True,2,12,0.0,0.0,0.7142857142857143,0.8571428571428571,1.1126972805283737,False,False,True,False,True,False,False,False,False,False,False,False
2023-02-13,0,0.0,0,False,2,13,0.0,0.0,0.7142857142857143,0.8571428571428571,1.1126972805283737,False,False,True,False,True,False,False,False,False,False,False,False
2023-02-14,4,52.0,1,False,2,14,0.0,0.0,0.7142857142857143,0.42857142857142855,1.1126972805283737,False,False,True,False,True,False,False,False,False,False,False,False
2023-02-15,4,50.0,2,False,2,15,4.0,1.0,1.2857142857142858,0.6428571428571429,1.6035674514745464,False,False,True,False,True,False,False,False,False,False,False,False
2023-02-16,3,40.0,3,False,2,16,4.0,3.0,1.7142857142857142,0.9285714285714286,1.889822365046136,False,False,True,False,True,False,False,False,False,False,False,False
2023-02-17,1,12.0,4,False,2,17,3.0,1.0,1.7142857142857142,1.1428571428571428,1.889822365046136,False,False,True,False,True,False,False,False,False,False,False,False
2023-02-18,1,14.0,5,True,2,18,1.0,0.0,1.7142857142857142,1.2142857142857142,1.889822365046136,False,False,True,False,True,False,False,False,False,False,False,False
2023-02-19,2,40.0,6,True,2,19,1.0,0.0,1.8571428571428572,1.2857142857142858,1.7728105208558367,False,False,True,False,True,False,False,False,False,False,False,False
2023-02-20,3,38.0,0,False,2,20,2.0,0.0,2.142857142857143,1.4285714285714286,1.5735915849388862,False,False,True,False,True,False,False,False,False,False,False,False
2023-02-21,3,68.0,1,False,2,21,3.0,4.0,2.5714285714285716,1.6428571428571428,1.2724180205607034,False,False,True,False,True,False,False,False,False,False,False,False
2023-02-22,1,12.0,2,False,2,22,3.0,4.0,2.4285714285714284,1.8571428571428572,1.1338934190276813,False,False,True,False,True,False,False,False,False,False,False,False
2023-02-23,1,14.0,3,False,2,23,1.0,3.0,2.0,1.8571428571428572,0.9999999999999998,False,False,True,False,True,False,False,False,False,False,False,False
2023-02-24,0,0.0,4,False,2,24,1.0,1.0,1.7142857142857142,1.7142857142857142,0.9511897312113418,False,False,True,False,True,False,False,False,False,False,False,False
2023-02-25,0,0.0,5,True,2,25,0.0,1.0,1.5714285714285714,1.6428571428571428,1.1338934190276817,False,False,True,False,True,False,False,False,False,False,False,False
2023-02-26,3,56.0,6,True,2,26,0.0,2.0,1.4285714285714286,1.6428571428571428,1.2724180205607039,False,False,True,False,True,False,False,False,False,False,False,False
2023-02-27,4,64.0,0,False,2,27,3.0,3.0,1.5714285714285714,1.8571428571428572,1.3972762620115438,False,False,True,False,True,False,False,False,False,False,False,False
2023-02-28,0,0.0,1,False,2,28,4.0,3.0,1.7142857142857142,2.142857142857143,1.6035674514745462,False,False,True,False,True,False,False,False,False,False,False,False
2023-03-01,0,0.0,2,False,3,1,0.0,1.0,1.2857142857142858,1.8571428571428572,1.6035674514745464,False,False,True,False,True,False,False,False,False,False,False,False
2023-03-02,0,0.0,3,False,3,2,0.0,1.0,1.1428571428571428,1.5714285714285714,1.6761634196950517,False,False,True,False,True,False,False,False,False,False,False,False
2023-03-03,0,0.0,4,False,3,3,0.0,0.0,1.0,1.3571428571428572,1.7320508075688774,False,False,True,False,True,False,False,False,False,False,False,False
2023-03-04,0,0.0,5,True,3,4,0.0,0.0,1.0,1.2857142857142858,1.7320508075688774,False,False,True,False,True,False,False,False,False,False,False,False
2023-03-05,0,0.0,6,True,3,5,0.0,3.0,1.0,1.2142857142857142,1.7320508075688774,False,False,True,False,True,False,False,False,False,False,False,False
2023-03-06,0,0.0,0,False,3,6,0.0,4.0,0.5714285714285714,1.0714285714285714,1.5118578920369092,False,False,True,False,True,False,False,False,False,False,False,False
2023-03-07,0,0.0,1,False,3,7,0.0,0.0,0.0,0.8571428571428571,0.0,False,False,True,False,True,False,False,False,False,False,False,False
2023-03-08,1,14.0,2,False,3,8,0.0,0.0,0.0,0.6428571428571429,0.0,False,False,True,False,True,False,False,False,False,False,False,False
2023-03-09,12,152.0,3,False,3,9,1.0,0.0,0.14285714285714285,0.6428571428571429,0.37796447300922725,False,False,True,False,True,False,False,False,False,False,False,False
2023-03-10,2,40.0,4,False,3,10,12.0,0.0,1.8571428571428572,1.4285714285714286,4.488079449258573,False,False,True,False,True,False,False,False,False,False,False,False
2023-03-11,0,0.0,5,True,3,11,2.0,0.0,2.142857142857143,1.5714285714285714,4.4131837120372035,False,False,True,False,True,False,False,False,False,False,False,False
2023-03-12,0,0.0,6,True,3,12,0.0,0.0,2.142857142857143,1.5714285714285714,4.4131837120372035,False,False,True,False,True,False,False,False,False,False,False,False
2023-03-13,1,14.0,0,False,3,13,0.0,0.0,2.142857142857143,1.3571428571428572,4.4131837120372035,False,False,True,False,True,False,False,False,False,False,False,False
2023-03-14,6,106.0,1,False,3,14,1.0,0.0,2.2857142857142856,1.1428571428571428,4.347960660443227,False,False,True,False,True,False,False,False,False,False,False,False
2023-03-15,3,36.0,2,False,3,15,6.0,1.0,3.142857142857143,1.5714285714285714,4.4131837120372035,False,False,True,False,True,False,False,False,False,False,False,False
2023-03-16,2,26.0,3,False,3,16,3.0,12.0,3.4285714285714284,1.7857142857142858,4.3149794459588815,False,False,True,False,True,False,False,False,False,False,False,False
2023-03-17,3,54.0,4,False,3,17,2.0,2.0,2.0,1.9285714285714286,2.0816659994661317,False,False,True,False,True,False,False,False,False,False,False,False
2023-03-18,3,42.0,5,True,3,18,3.0,0.0,2.142857142857143,2.142857142857143,2.1157009420498145,False,False,True,False,True,False,False,False,False,False,False,False
2023-03-19,0,0.0,6,True,3,19,3.0,0.0,2.5714285714285716,2.357142857142857,1.9023794624226826,False,False,True,False,True,False,False,False,False,False,False,False
2023-03-20,2,24.0,0,False,3,20,0.0,1.0,2.5714285714285716,2.357142857142857,1.9023794624226826,False,False,True,False,True,False,False,False,False,False,False,False
2023-03-21,2,40.0,1,False,3,21,2.0,6.0,2.7142857142857144,2.5,1.7994708216848734,False,False,True,False,True,False,False,False,False,False,False,False
2023-03-22,4,82.0,2,False,3,22,2.0,3.0,2.142857142857143,2.642857142857143,1.0690449676496956,False,False,True,False,True,False,False,False,False,False,False,False
2023-03-23,0,0.0,3,False,3,23,4.0,2.0,2.2857142857142856,2.857142857142857,1.2535663410560156,False,False,True,False,True,False,False,False,False,False,False,False
2023-03-24,2,28.0,4,False,3,24,0.0,3.0,2.0,2.0,1.5275252316519452,False,False,True,False,True,False,False,False,False,False,False,False
2023-03-25,3,84.0,5,True,3,25,2.0,3.0,1.8571428571428572,2.0,1.4638501094227985,False,False,True,False,True,False,False,False,False,False,False,False
2023-03-26,1,14.0,6,True,3,26,3.0,0.0,1.8571428571428572,2.2142857142857144,1.4638501094227985,False,False,True,False,True,False,False,False,False,False,False,False
2023-03-27,2,40.0,0,False,3,27,1.0,2.0,2.0,2.2857142857142856,1.290994448735804,False,False,True,False,True,False,False,False,False,False,False,False
2023-03-28,0,0.0,1,False,3,28,2.0,2.0,2.0,2.357142857142857,1.290994448735804,False,False,True,False,True,False,False,False,False,False,False,False
2023-03-29,0,0.0,2,False,3,29,0.0,4.0,1.7142857142857142,1.9285714285714286,1.49602648308619,False,False,True,False,True,False,False,False,False,False,False,False
2023-03-30,0,0.0,3,False,3,30,0.0,0.0,1.1428571428571428,1.7142857142857142,1.2149857925879104,False,False,True,False,True,False,False,False,False,False,False,False
2023-03-31,1,14.0,4,False,3,31,0.0,2.0,1.1428571428571428,1.5714285714285714,1.2149857925879104,False,False,True,False,True,False,False,False,False,False,False,False
2023-04-01,0,0.0,5,True,4,1,1.0,3.0,1.0,1.4285714285714286,1.1547005383792501,False,False,True,False,True,False,False,False,False,False,False,False
2023-04-02,0,0.0,6,True,4,2,0.0,1.0,0.5714285714285714,1.2142857142857142,0.7867957924694414,False,False,True,False,True,False,False,False,False,False,False,False
2023-04-03,0,0.0,0,False,4,3,0.0,2.0,0.42857142857142855,1.2142857142857142,0.7867957924694414,False,False,True,False,True,False,False,False,False,False,False,False
2023-04-04,0,0.0,1,False,4,4,0.0,0.0,0.14285714285714285,1.0714285714285714,0.3779644730092239,False,False,True,False,True,False,False,False,False,False,False,False
2023-04-05,0,0.0,2,False,4,5,0.0,0.0,0.14285714285714285,0.9285714285714286,0.3779644730092239,False,False,True,False,True,False,False,False,False,False,False,False
2023-04-06,0,0.0,3,False,4,6,0.0,0.0,0.14285714285714285,0.6428571428571429,0.3779644730092239,False,False,True,False,True,False,False,False,False,False,False,False
2023-04-07,0,0.0,4,False,4,7,0.0,1.0,0.14285714285714285,0.6428571428571429,0.3779644730092239,False,False,True,False,True,False,False,False,False,False,False,False
2023-04-08,2,28.0,5,True,4,8,0.0,0.0,0.0,0.5,0.0,False,False,True,False,True,False,False,False,False,False,False,False
2023-04-09,12,178.0,6,True,4,9,2.0,0.0,0.2857142857142857,0.42857142857142855,0.7559289460184545,False,False,True,False,True,False,False,False,False,False,False,False
2023-04-10,3,54.0,0,False,4,10,12.0,0.0,2.0,1.2142857142857142,4.472135954999579,False,False,True,False,True,False,False,False,False,False,False,False
2023-04-11,0,0.0,1,False,4,11,3.0,0.0,2.4285714285714284,1.2857142857142858,4.391550328268399,False,False,True,False,True,False,False,False,False,False,False,False
2023-04-12,0,0.0,2,False,4,12,0.0,0.0,2.4285714285714284,1.2857142857142858,4.391550328268399,False,False,True,False,True,False,False,False,False,False,False,False
2023-04-13,2,42.0,3,False,4,13,0.0,0.0,2.4285714285714284,1.2857142857142858,4.391550328268399,False,False,True,False,True,False,False,False,False,False,False,False
2023-04-14,10,174.0,4,False,4,14,2.0,0.0,2.7142857142857144,1.4285714285714286,4.270608298368657,False,False,True,False,True,False,False,False,False,False,False,False
2023-04-15,3,38.0,5,True,4,15,10.0,2.0,4.142857142857143,2.0714285714285716,4.845223470201398,False,False,True,False,True,False,False,False,False,False,False,False
2023-04-16,5,82.0,6,True,4,16,3.0,12.0,4.285714285714286,2.2857142857142856,4.785891965429422,False,False,True,False,True,False,False,False,False,False,False,False
2023-04-17,3,40.0,0,False,4,17,5.0,3.0,3.2857142857142856,2.642857142857143,3.45032779671177,False,False,True,False,True,False,False,False,False,False,False,False
2023-04-18,3,40.0,1,False,4,18,3.0,0.0,3.2857142857142856,2.857142857142857,3.45032779671177,False,False,True,False,True,False,False,False,False,False,False,False
2023-04-19,2,28.0,2,False,4,19,3.0,0.0,3.7142857142857144,3.0714285714285716,3.147183169877771,False,False,True,False,True,False,False,False,False,False,False,False
2023-04-20,2,24.0,3,False,4,20,2.0,2.0,4.0,3.2142857142857144,2.828427124746189,False,False,True,False,True,False,False,False,False,False,False,False
2023-04-21,1,12.0,4,False,4,21,2.0,10.0,4.0,3.357142857142857,2.828427124746189,False,False,True,False,True,False,False,False,False,False,False,False
2023-04-22,2,26.0,5,True,4,22,1.0,3.0,2.7142857142857144,3.4285714285714284,1.2535663410560134,False,False,True,False,True,False,False,False,False,False,False,False
2023-04-23,2,28.0,6,True,4,23,2.0,5.0,2.5714285714285716,3.4285714285714284,1.2724180205606994,False,False,True,False,True,False,False,False,False,False,False,False
2023-04-24,2,42.0,0,False,4,24,2.0,3.0,2.142857142857143,2.7142857142857144,0.6900655593423463,False,False,True,False,True,False,False,False,False,False,False,False
2023-04-25,3,70.0,1,False,4,25,2.0,3.0,2.0,2.642857142857143,0.5773502691896161,False,False,True,False,True,False,False,False,False,False,False,False
2023-04-26,4,70.0,2,False,4,26,3.0,2.0,2.0,2.857142857142857,0.5773502691896161,False,False,True,False,True,False,False,False,False,False,False,False
2023-04-27,4,80.0,3,False,4,27,4.0,2.0,2.2857142857142856,3.142857142857143,0.9511897312113362,False,False,True,False,True,False,False,False,False,False,False,False
2023-04-28,0,0.0,4,False,4,28,4.0,1.0,2.5714285714285716,3.2857142857142856,1.133893419027677,False,False,True,False,True,False,False,False,False,False,False,False
2023-04-29,0,0.0,5,True,4,29,0.0,2.0,2.4285714285714284,2.5714285714285716,1.39727626201154,False,False,True,False,True,False,False,False,False,False,False,False
2023-04-30,1,12.0,6,True,4,30,0.0,2.0,2.142857142857143,2.357142857142857,1.6761634196950481,False,False,True,False,True,False,False,False,False,False,False,False
2023-05-01,0,0.0,0,False,5,1,1.0,2.0,2.0,2.0714285714285716,1.732050807568874,False,False,True,False,True,False,False,False,False,False,False,False
2023-05-02,0,0.0,1,False,5,2,0.0,3.0,1.7142857142857142,1.8571428571428572,1.889822365046133,False,False,True,False,True,False,False,False,False,False,False,False
2023-05-03,0,0.0,2,False,5,3,0.0,4.0,1.2857142857142858,1.6428571428571428,1.8898223650461328,False,False,True,False,True,False,False,False,False,False,False,False
2023-05-04,0,0.0,3,False,5,4,0.0,4.0,0.7142857142857143,1.5,1.4960264830861865,False,False,True,False,True,False,False,False,False,False,False,False
2023-05-05,0,0.0,4,False,5,5,0.0,0.0,0.14285714285714285,1.3571428571428572,0.37796447300920694,False,False,True,False,True,False,False,False,False,False,False,False
2023-05-06,0,0.0,5,True,5,6,0.0,0.0,0.14285714285714285,1.2857142857142858,0.37796447300920694,False,False,True,False,True,False,False,False,False,False,False,False
2023-05-07,0,0.0,6,True,5,7,0.0,1.0,0.14285714285714285,1.1428571428571428,0.37796447300920694,False,False,True,False,True,False,False,False,False,False,False,False
2023-05-08,2,28.0,0,False,5,8,0.0,0.0,0.0,1.0,0.0,False,False,True,False,True,False,False,False,False,False,False,False
2023-05-09,12,200.0,1,False,5,9,2.0,0.0,0.2857142857142857,1.0,0.7559289460184545,False,False,True,False,True,False,False,False,False,False,False,False
2023-05-10,2,40.0,2,False,5,10,12.0,0.0,2.0,1.6428571428571428,4.472135954999579,False,False,True,False,True,False,False,False,False,False,False,False
2023-05-11,0,0.0,3,False,5,11,2.0,0.0,2.2857142857142856,1.5,4.386125310350268,False,False,True,False,True,False,False,False,False,False,False,False
2023-05-12,0,0.0,4,False,5,12,0.0,0.0,2.2857142857142856,1.2142857142857142,4.386125310350268,False,False,True,False,True,False,False,False,False,False,False,False
2023-05-13,2,28.0,5,True,5,13,0.0,0.0,2.2857142857142856,1.2142857142857142,4.386125310350268,False,False,True,False,True,False,False,False,False,False,False,False
2023-05-14,10,158.0,6,True,5,14,2.0,0.0,2.5714285714285716,1.3571428571428572,4.2761798705987895,False,False,True,False,True,False,False,False,False,False,False,False
2023-05-15,3,36.0,0,False,5,15,10.0,2.0,4.0,2.0,4.898979485566356,False,False,True,False,True,False,False,False,False,False,False,False
2023-05-16,4,52.0,1,False,5,16,3.0,12.0,4.142857142857143,2.2142857142857144,4.845223470201398,False,False,True,False,True,False,False,False,False,False,False,False
2023-05-17,6,108.0,2,False,5,17,4.0,2.0,3.0,2.5,3.415650255319866,False,False,True,False,True,False,False,False,False,False,False,False
2023-05-18,5,64.0,3,False,5,18,6.0,0.0,3.5714285714285716,2.9285714285714284,3.5523298860110977,False,False,True,False,True,False,False,False,False,False,False,False
2023-05-19,5,82.0,4,False,5,19,5.0,0.0,4.285714285714286,3.2857142857142856,3.199702367110922,False,False,True,False,True,False,False,False,False,False,False,False
2023-05-20,4,50.0,5,True,5,20,5.0,2.0,5.0,3.642857142857143,2.581988897471611,False,False,True,False,True,False,False,False,False,False,False,False
2023-05-21,3,52.0,6,True,5,21,4.0,10.0,5.285714285714286,3.9285714285714284,2.2886885410853175,False,False,True,False,True,False,False,False,False,False,False,False
2023-05-22,1,14.0,0,False,5,22,3.0,3.0,4.285714285714286,4.142857142857143,1.1126972805283732,False,False,True,False,True,False,False,False,False,False,False,False
2023-05-23,2,42.0,1,False,5,23,1.0,4.0,4.0,4.071428571428571,1.6329931618554518,False,False,True,False,True,False,False,False,False,False,False,False
2023-05-24,3,70.0,2,False,5,24,2.0,6.0,3.7142857142857144,3.357142857142857,1.7994708216848745,False,False,True,False,True,False,False,False,False,False,False,False
2023-05-25,4,98.0,3,False,5,25,3.0,5.0,3.2857142857142856,3.4285714285714284,1.496026483086191,False,False,True,False,True,False,False,False,False,False,False,False
2023-05-26,3,56.0,4,False,5,26,4.0,5.0,3.142857142857143,3.7142857142857144,1.345185418269098,False,False,True,False,True,False,False,False,False,False,False,False
2023-05-27,3,54.0,5,True,5,27,3.0,4.0,2.857142857142857,3.9285714285714284,1.0690449676496974,False,False,True,False,True,False,False,False,False,False,False,False
2023-05-28,0,0.0,6,True,5,28,3.0,3.0,2.7142857142857144,4.0,0.9511897312113418,False,False,True,False,True,False,False,False,False,False,False,False
2023-05-29,0,0.0,0,False,5,29,0.0,1.0,2.2857142857142856,3.2857142857142856,1.3801311186847085,False,False,True,False,True,False,False,False,False,False,False,False
2023-05-30,5,78.0,1,False,5,30,0.0,2.0,2.142857142857143,3.0714285714285716,1.5735915849388864,False,False,True,False,True,False,False,False,False,False,False,False
2023-05-31,2,24.0,2,False,5,31,5.0,3.0,2.5714285714285716,3.142857142857143,1.9023794624226835,False,False,True,False,True,False,False,False,False,False,False,False
2023-06-01,0,0.0,3,False,6,1,2.0,4.0,2.4285714285714284,2.857142857142857,1.9023794624226837,False,False,True,False,True,False,False,False,False,False,False,False
2023-06-02,0,0.0,4,False,6,2,0.0,3.0,1.8571428571428572,2.5,1.9518001458970669,False,False,True,False,True,False,False,False,False,False,False,False
2023-06-03,0,0.0,5,True,6,3,0.0,3.0,1.4285714285714286,2.142857142857143,1.9880595947760105,False,False,True,False,True,False,False,False,False,False,False,False
2023-06-04,0,0.0,6,True,6,4,0.0,0.0,1.0,1.8571428571428572,1.914854215512677,False,False,True,False,True,False,False,False,False,False,False,False
2023-06-05,0,0.0,0,False,6,5,0.0,0.0,1.0,1.6428571428571428,1.914854215512677,False,False,True,False,True,False,False,False,False,False,False,False
2023-06-06,0,0.0,1,False,6,6,0.0,5.0,1.0,1.5714285714285714,1.914854215512677,False,False,True,False,True,False,False,False,False,False,False,False
2023-06-07,0,0.0,2,False,6,7,0.0,2.0,0.2857142857142857,1.4285714285714286,0.7559289460184578,False,False,True,False,True,False,False,False,False,False,False,False
2023-06-08,1,14.0,3,False,6,8,0.0,0.0,0.0,1.2142857142857142,0.0,False,False,True,False,True,False,False,False,False,False,False,False
2023-06-09,23,328.0,4,False,6,9,1.0,0.0,0.14285714285714285,1.0,0.37796447300922725,False,False,True,False,True,False,False,False,False,False,False,False
2023-06-10,3,54.0,5,True,6,10,23.0,0.0,3.4285714285714284,2.4285714285714284,8.638231741453087,False,False,True,False,True,False,False,False,False,False,False,False
2023-06-11,0,0.0,6,True,6,11,3.0,0.0,3.857142857142857,2.4285714285714284,8.513294924774453,False,False,True,False,True,False,False,False,False,False,False,False
2023-06-12,0,0.0,0,False,6,12,0.0,0.0,3.857142857142857,2.4285714285714284,8.513294924774453,False,False,True,False,True,False,False,False,False,False,False,False
2023-06-13,3,56.0,1,False,6,13,0.0,0.0,3.857142857142857,2.4285714285714284,8.513294924774453,False,False,True,False,True,False,False,False,False,False,False,False
2023-06-14,13,212.0,2,False,6,14,3.0,0.0,4.285714285714286,2.2857142857142856,8.360906763309941,False,False,True,False,True,False,False,False,False,False,False,False
2023-06-15,2,26.0,3,False,6,15,13.0,1.0,6.142857142857143,3.0714285714285716,8.687703406320365,False,False,True,False,True,False,False,False,False,False,False,False
2023-06-16,6,78.0,4,False,6,16,2.0,23.0,6.285714285714286,3.2142857142857144,8.59678788296896,False,False,True,False,True,False,False,False,False,False,False,False
2023-06-17,4,66.0,5,True,6,17,6.0,3.0,3.857142857142857,3.642857142857143,4.525062483125563,False,False,True,False,True,False,False,False,False,False,False,False
2023-06-18,7,92.0,6,True,6,18,4.0,0.0,4.0,3.9285714285714284,4.509249752822895,False,False,True,False,True,False,False,False,False,False,False,False
2023-06-19,4,82.0,0,False,6,19,7.0,0.0,5.0,4.428571428571429,4.2426406871192865,False,False,True,False,True,False,False,False,False,False,False,False
2023-06-20,3,36.0,1,False,6,20,4.0,3.0,5.571428571428571,4.714285714285714,3.6903993847614425,False,False,True,False,True,False,False,False,False,False,False,False
2023-06-21,3,68.0,2,False,6,21,3.0,13.0,5.571428571428571,4.928571428571429,3.6903993847614425,False,False,True,False,True,False,False,False,False,False,False,False
2023-06-22,3,38.0,3,False,6,22,3.0,2.0,4.142857142857143,5.142857142857143,1.7728105208558396,False,False,True,False,True,False,False,False,False,False,False,False
2023-06-23,2,28.0,4,False,6,23,3.0,6.0,4.285714285714286,5.285714285714286,1.6035674514745497,False,False,True,False,True,False,False,False,False,False,False,False
2023-06-24,5,112.0,5,True,6,24,2.0,4.0,3.7142857142857144,3.7857142857142856,1.6035674514745488,False,False,True,False,True,False,False,False,False,False,False,False
2023-06-25,3,70.0,6,True,6,25,5.0,7.0,3.857142857142857,3.9285714285714284,1.6761634196950543,False,False,True,False,True,False,False,False,False,False,False,False
2023-06-26,5,112.0,0,False,6,26,3.0,4.0,3.2857142857142856,4.142857142857143,0.9511897312113451,False,False,True,False,True,False,False,False,False,False,False,False
2023-06-27,5,94.0,1,False,6,27,5.0,3.0,3.4285714285714284,4.5,1.1338934190276848,False,False,True,False,True,False,False,False,False,False,False,False
2023-06-28,0,0.0,2,False,6,28,5.0,3.0,3.7142857142857144,4.642857142857143,1.253566341056021,False,False,True,False,True,False,False,False,False,False,False,False
2023-06-29,0,0.0,3,False,6,29,0.0,3.0,3.2857142857142856,3.7142857142857144,1.8898223650461379,False,False,True,False,True,False,False,False,False,False,False,False
2023-06-30,4,56.0,4,False,6,30,0.0,2.0,2.857142857142857,3.5714285714285716,2.2677868380553643,False,False,True,False,True,False,False,False,False,False,False,False
2023-01-15,126,378.8,6,True,1,15,92.0,119.0,104.57142857142857,105.85714285714286,13.389761547007259,False,False,True,False,False,True,False,False,False,False,False,False
2023-01-16,110,339.55,0,False,1,16,126.0,111.0,105.57142857142857,106.5,14.830791649550639,False,False,True,False,False,True,False,False,False,False,False,False
2023-01-17,98,288.05,1,False,1,17,110.0,104.0,105.42857142857143,107.14285714285714,14.77449539868331,False,False,True,False,False,True,False,False,False,False,False,False
2023-01-18,105,321.65,2,False,1,18,98.0,84.0,104.57142857142857,106.21428571428571,15.04279609267221,False,False,True,False,False,True,False,False,False,False,False,False
2023-01-19,106,330.55,3,False,1,19,105.0,102.0,107.57142857142857,106.92857142857143,12.053452380364487,False,False,True,False,False,True,False,False,False,False,False,False
2023-01-20,103,304.85,4,False,1,20,106.0,120.0,108.14285714285714,105.92857142857143,11.838194843085544,False,False,True,False,False,True,False,False,False,False,False,False
2023-01-21,118,363.0,5,True,1,21,103.0,92.0,105.71428571428571,104.64285714285714,10.688222267435087,False,False,True,False,False,True,False,False,False,False,False,False
2023-01-22,143,430.2,6,True,1,22,118.0,126.0,109.42857142857143,107.0,9.589180410878761,False,False,True,False,False,True,False,False,False,False,False,False
2023-01-23,141,426.7,0,False,1,23,143.0,110.0,111.85714285714286,108.71428571428571,15.071259308460494,False,False,True,False,False,True,False,False,False,False,False,False
2023-01-24,132,398.45,1,False,1,24,141.0,98.0,116.28571428571429,110.85714285714286,18.58058382393016,False,False,True,False,False,True,False,False,False,False,False,False
2023-01-25,134,393.75,2,False,1,25,132.0,105.0,121.14285714285714,112.85714285714286,17.410998166183834,False,False,True,False,False,True,False,False,False,False,False,False
2023-01-26,128,385.05,3,False,1,26,134.0,106.0,125.28571428571429,116.42857142857143,16.34741861084174,False,False,True,False,False,True,False,False,False,False,False,False
2023-01-27,132,389.55,4,False,1,27,128.0,103.0,128.42857142857142,118.28571428571429,13.96253490424932,False,False,True,False,False,True,False,False,False,False,False,False
2023-01-28,102,302.35,5,True,1,28,132.0,118.0,132.57142857142858,119.14285714285714,8.323804075404107,False,False,True,False,False,True,False,False,False,False,False,False
2023-01-29,98,308.65,6,True,1,29,102.0,143.0,130.28571428571428,119.85714285714286,13.548853404307986,False,False,True,False,False,True,False,False,False,False,False,False
2023-01-30,72,221.6,0,False,1,30,98.0,141.0,123.85714285714286,117.85714285714286,16.79710859472118,False,False,True,False,False,True,False,False,False,False,False,False
2023-01-31,84,264.45,1,False,1,31,72.0,132.0,114.0,115.14285714285714,23.83275057562593,False,False,True,False,False,True,False,False,False,False,False,False
2023-02-01,122,365.6,2,False,2,1,84.0,134.0,107.14285714285714,114.14285714285714,24.680819620564762,False,False,True,False,False,True,False,False,False,False,False,False
2023-02-02,92,253.3,3,False,2,2,122.0,128.0,105.42857142857143,115.35714285714286,22.853571149509904,False,False,True,False,False,True,False,False,False,False,False,False
2023-02-03,117,370.05,4,False,2,3,92.0,132.0,100.28571428571429,114.35714285714286,20.894291770036745,False,False,True,False,False,True,False,False,False,False,False,False
2023-02-04,120,363.85,5,True,2,4,117.0,102.0,98.14285714285714,115.35714285714286,17.610873264629824,False,False,True,False,False,True,False,False,False,False,False,False
2023-02-05,94,297.0,6,True,2,5,120.0,98.0,100.71428571428571,115.5,19.4825929632435,False,False,True,False,False,True,False,False,False,False,False,False
2023-02-06,103,315.45,0,False,2,6,94.0,72.0,100.14285714285714,112.0,19.633547577454948,False,False,True,False,False,True,False,False,False,False,False,False
2023-02-07,88,268.75,1,False,2,7,103.0,84.0,104.57142857142857,109.28571428571429,15.229982959687709,False,False,True,False,False,True,False,False,False,False,False,False
2023-02-08,100,310.75,2,False,2,8,88.0,122.0,105.14285714285714,106.14285714285714,14.380873541253358,False,False,True,False,False,True,False,False,False,False,False,False
2023-02-09,104,327.85,3,False,2,9,100.0,92.0,102.0,103.71428571428571,12.34233905438228,False,False,True,False,False,True,False,False,False,False,False,False
2023-02-10,126,383.05,4,False,2,10,104.0,117.0,103.71428571428571,102.0,11.528432760126542,False,False,True,False,False,True,False,False,False,False,False,False
2023-02-11,92,277.25,5,True,2,11,126.0,120.0,105.0,101.57142857142857,13.576941236277426,False,False,True,False,False,True,False,False,False,False,False,False
2023-02-12,131,375.5,6,True,2,12,92.0,94.0,101.0,100.85714285714286,12.503332889007234,False,False,True,False,False,True,False,False,False,False,False,False
2023-02-13,131,399.6,0,False,2,13,131.0,103.0,106.28571428571429,103.21428571428571,16.29636243372814,False,False,True,False,False,True,False,False,False,False,False,False
2023-02-14,110,337.05,1,False,2,14,131.0,88.0,110.28571428571429,107.42857142857143,18.62537951035521,False,False,True,False,False,True,False,False,False,False,False,False
2023-02-15,89,275.3,2,False,2,15,110.0,100.0,113.42857142857143,109.28571428571429,15.893994073833227,False,False,True,False,False,True,False,False,False,False,False,False
2023-02-16,96,295.35,3,False,2,16,89.0,104.0,111.85714285714286,106.92857142857143,17.86456988407096,False,False,True,False,False,True,False,False,False,False,False,False
2023-02-17,88,263.45,4,False,2,17,96.0,126.0,110.71428571428571,107.21428571428571,18.687913078728,False,False,True,False,False,True,False,False,False,False,False,False
2023-02-18,82,260.55,5,True,2,18,88.0,92.0,105.28571428571429,105.14285714285714,19.02379462422676,False,False,True,False,False,True,False,False,False,False,False,False
2023-02-19,117,367.9,6,True,2,19,82.0,131.0,103.85714285714286,102.42857142857143,20.50551609875224,False,False,True,False,False,True,False,False,False,False,False,False
2023-02-20,141,427.65,0,False,2,20,117.0,131.0,101.85714285714286,104.07142857142857,17.93905024825786,False,False,True,False,False,True,False,False,False,False,False,False
2023-02-21,97,287.25,1,False,2,21,141.0,110.0,103.28571428571429,106.78571428571429,20.814372323903786,False,False,True,False,False,True,False,False,False,False,False,False
2023-02-22,131,393.05,2,False,2,22,97.0,89.0,101.42857142857143,107.42857142857143,20.695064974184323,False,False,True,False,False,True,False,False,False,False,False,False
2023-02-23,121,365.3,3,False,2,23,131.0,96.0,107.42857142857143,109.64285714285714,22.50079363679671,False,False,True,False,False,True,False,False,False,False,False,False
2023-02-24,131,384.75,4,False,2,24,121.0,88.0,111.0,110.85714285714286,22.36813209307677,False,False,True,False,False,True,False,False,False,False,False,False
2023-02-25,151,426.5,5,True,2,25,131.0,82.0,117.14285714285714,111.21428571428571,20.85208679747718,False,False,True,False,False,True,False,False,False,False,False,False
2023-02-26,120,369.25,6,True,2,26,151.0,117.0,127.0,115.42857142857143,17.511900715418246,False,False,True,False,False,True,False,False,False,False,False,False
2023-02-27,166,482.85,0,False,2,27,120.0,141.0,127.42857142857143,114.64285714285714,17.26129719784641,False,False,True,False,False,True,False,False,False,False,False,False
2023-02-28,114,354.65,1,False,2,28,166.0,97.0,131.0,117.14285714285714,22.368132093076817,False,False,True,False,False,True,False,False,False,False,False,False
2023-03-01,160,493.65,2,False,3,1,114.0,131.0,133.42857142857142,117.42857142857143,18.680267154202607,False,False,True,False,False,True,False,False,False,False,False,False
2023-03-02,121,363.6,3,False,3,2,160.0,121.0,137.57142857142858,122.5,21.109690846126757,False,False,True,False,False,True,False,False,False,False,False,False
2023-03-03,136,401.85,4,False,3,3,121.0,131.0,137.57142857142858,124.28571428571429,21.109690846126757,False,False,True,False,False,True,False,False,False,False,False,False
2023-03-04,125,374.25,5,True,3,4,136.0,151.0,138.28571428571428,127.71428571428571,20.93413707889808,False,False,True,False,False,True,False,False,False,False,False,False
2023-03-05,122,373.5,6,True,3,5,125.0,120.0,134.57142857142858,130.78571428571428,20.606286604311986,False,False,True,False,False,True,False,False,False,False,False,False
2023-03-06,124,391.0,0,False,3,6,122.0,166.0,134.85714285714286,131.14285714285714,20.383233072213798,False,False,True,False,False,True,False,False,False,False,False,False
2023-03-07,88,269.35,1,False,3,7,124.0,114.0,128.85714285714286,129.92857142857142,15.214341605083991,False,False,True,False,False,True,False,False,False,False,False,False
2023-03-08,121,388.45,2,False,3,8,88.0,160.0,125.14285714285714,129.28571428571428,21.3731028119345,False,False,True,False,False,True,False,False,False,False,False,False
2023-03-09,144,436.3,3,False,3,9,121.0,121.0,119.57142857142857,128.57142857142858,14.864467059144058,False,False,True,False,False,True,False,False,False,False,False,False
2023-03-10,125,381.05,4,False,3,10,144.0,136.0,122.85714285714286,130.21428571428572,17.53499901557422,False,False,True,False,False,True,False,False,False,False,False,False
2023-03-11,124,390.95,5,True,3,11,125.0,125.0,121.28571428571429,129.78571428571428,16.63043681240594,False,False,True,False,False,True,False,False,False,False,False,False
2023-03-12,143,438.9,6,True,3,12,124.0,122.0,121.14285714285714,127.85714285714286,16.597475424780377,False,False,True,False,False,True,False,False,False,False,False,False
2023-03-13,138,443.0,0,False,3,13,143.0,124.0,124.14285714285714,129.5,18.560069786404064,False,False,True,False,False,True,False,False,False,False,False,False
2023-03-14,114,359.1,1,False,3,14,138.0,88.0,126.14285714285714,127.5,19.282363024523804,False,False,True,False,False,True,False,False,False,False,False,False
2023-03-15,110,324.8,2,False,3,15,114.0,121.0,129.85714285714286,127.5,11.739230119966274,False,False,True,False,False,True,False,False,False,False,False,False
2023-03-16,116,349.0,3,False,3,16,110.0,144.0,128.28571428571428,123.92857142857143,13.69567189193096,False,False,True,False,False,True,False,False,False,False,False,False
2023-03-17,122,368.3,4,False,3,17,116.0,125.0,124.28571428571429,123.57142857142857,12.365466505747378,False,False,True,False,False,True,False,False,False,False,False,False
2023-03-18,119,369.7,5,True,3,18,122.0,124.0,123.85714285714286,122.57142857142857,12.388550781919115,False,False,True,False,False,True,False,False,False,False,False,False
2023-03-19,109,334.3,6,True,3,19,119.0,143.0,123.14285714285714,122.14285714285714,12.522360951894091,False,False,True,False,False,True,False,False,False,False,False,False
2023-03-20,146,436.7,0,False,3,20,109.0,138.0,118.28571428571429,121.21428571428571,9.844021632684427,False,False,True,False,False,True,False,False,False,False,False,False
2023-03-21,126,387.5,1,False,3,21,146.0,114.0,119.42857142857143,122.78571428571429,12.594405409508024,False,False,True,False,False,True,False,False,False,False,False,False
2023-03-22,148,442.35,2,False,3,22,126.0,110.0,121.14285714285714,125.5,12.548951768023823,False,False,True,False,False,True,False,False,False,False,False,False
2023-03-23,154,490.95,3,False,3,23,148.0,116.0,126.57142857142857,127.42857142857143,14.920423841803109,False,False,True,False,False,True,False,False,False,False,False,False
2023-03-24,169,508.8,4,False,3,24,154.0,122.0,132.0,128.14285714285714,17.17556403731768,False,False,True,False,False,True,False,False,False,False,False,False
2023-03-25,175,508.85,5,True,3,25,169.0,119.0,138.71428571428572,131.28571428571428,21.305040762804563,False,False,True,False,False,True,False,False,False,False,False,False
2023-03-26,124,393.95,6,True,3,26,175.0,109.0,146.71428571428572,134.92857142857142,23.106379246969134,False,False,True,False,False,True,False,False,False,False,False,False
2023-03-27,177,515.25,0,False,3,27,124.0,146.0,148.85714285714286,133.57142857142858,19.42874649781079,False,False,True,False,False,True,False,False,False,False,False,False
2023-03-28,162,490.7,1,False,3,28,177.0,126.0,153.28571428571428,136.35714285714286,22.02812055619137,False,False,True,False,False,True,False,False,False,False,False,False
2023-03-29,124,362.1,2,False,3,29,162.0,148.0,158.42857142857142,139.78571428571428,18.51897353938355,False,False,True,False,False,True,False,False,False,False,False,False
2023-03-30,138,409.40000000000003,3,False,3,30,124.0,154.0,155.0,140.78571428571428,22.55363976538316,False,False,True,False,False,True,False,False,False,False,False,False
2023-03-31,113,341.85,4,False,3,31,138.0,169.0,152.71428571428572,142.35714285714286,23.464258534448383,False,False,True,False,False,True,False,False,False,False,False,False
2023-04-01,176,542.05,5,True,4,1,113.0,175.0,144.71428571428572,141.71428571428572,26.354723079012444,False,False,True,False,False,True,False,False,False,False,False,False
2023-04-02,145,424.6,6,True,4,2,176.0,124.0,144.85714285714286,145.78571428571428,26.548248978219384,False,False,True,False,False,True,False,False,False,False,False,False
2023-04-03,160,477.15,0,False,4,3,145.0,177.0,147.85714285714286,148.35714285714286,24.93610883457015,False,False,True,False,False,True,False,False,False,False,False,False
2023-04-04,162,482.6,1,False,4,4,160.0,162.0,145.42857142857142,149.35714285714286,22.31484664864143,False,False,True,False,False,True,False,False,False,False,False,False
2023-04-05,157,495.65,2,False,4,5,162.0,124.0,145.42857142857142,151.92857142857142,22.31484664864143,False,False,True,False,False,True,False,False,False,False,False,False
2023-04-06,152,468.75,3,False,4,6,157.0,138.0,150.14285714285714,152.57142857142858,20.440389521961862,False,False,True,False,False,True,False,False,False,False,False,False
2023-04-07,93,278.1,4,False,4,7,152.0,113.0,152.14285714285714,152.42857142857142,19.726704163211412,False,False,True,False,False,True,False,False,False,False,False,False
2023-04-08,162,516.0,5,True,4,8,93.0,176.0,149.28571428571428,147.0,26.593948470245998,False,False,True,False,False,True,False,False,False,False,False,False
2023-04-09,169,531.05,6,True,4,9,162.0,145.0,147.28571428571428,146.07142857142858,24.709743595825355,False,False,True,False,False,True,False,False,False,False,False,False
2023-04-10,148,445.0,0,False,4,10,169.0,160.0,150.71428571428572,149.28571428571428,25.972512942944768,False,False,True,False,False,True,False,False,False,False,False,False
2023-04-11,145,438.75,1,False,4,11,148.0,162.0,149.0,147.21428571428572,25.6515106767614,False,False,True,False,False,True,False,False,False,False,False,False
2023-04-12,168,503.55,2,False,4,12,145.0,157.0,146.57142857142858,146.0,25.012377888138726,False,False,True,False,False,True,False,False,False,False,False,False
2023-04-13,146,434.05,3,False,4,13,168.0,152.0,148.14285714285714,149.14285714285714,26.098713706672616,False,False,True,False,False,True,False,False,False,False,False,False
2023-04-14,127,385.1,4,False,4,14,146.0,93.0,147.28571428571428,149.71428571428572,26.049403612586456,False,False,True,False,False,True,False,False,False,False,False,False
2023-04-15,167,527.4,5,True,4,15,127.0,162.0,152.14285714285714,150.71428571428572,15.115428888264992,False,False,True,False,False,True,False,False,False,False,False,False
2023-04-16,165,509.2,6,True,4,16,167.0,169.0,152.85714285714286,150.07142857142858,15.763127560106721,False,False,True,False,False,True,False,False,False,False,False,False
2023-04-17,147,457.4,0,False,4,17,165.0,148.0,152.28571428571428,151.5,15.140610794750014,False,False,True,False,False,True,False,False,False,False,False,False
2023-04-18,130,398.2,1,False,4,18,147.0,145.0,152.14285714285714,150.57142857142858,15.192416654684308,False,False,True,False,False,True,False,False,False,False,False,False
2023-04-19,149,463.0,2,False,4,19,130.0,168.0,150.0,148.28571428571428,17.281975195754427,False,False,True,False,False,True,False,False,False,False,False,False
2023-04-20,169,516.35,3,False,4,20,149.0,146.0,147.28571428571428,147.71428571428572,15.370038882127094,False,False,True,False,False,True,False,False,False,False,False,False
2023-04-21,178,536.1,4,False,4,21,169.0,127.0,150.57142857142858,148.92857142857142,17.376777058833024,False,False,True,False,False,True,False,False,False,False,False,False
2023-04-22,221,652.55,5,True,4,22,178.0,167.0,157.85714285714286,155.0,16.516946564348114,False,False,True,False,False,True,False,False,False,False,False,False
2023-04-23,236,715.7,6,True,4,23,221.0,165.0,165.57142857142858,159.21428571428572,29.222463635915272,False,False,True,False,False,True,False,False,False,False,False,False
2023-04-24,205,633.95,0,False,4,24,236.0,147.0,175.71428571428572,164.0,39.504068506565766,False,False,True,False,False,True,False,False,False,False,False,False
2023-04-25,208,603.7,1,False,4,25,205.0,130.0,184.0,168.07142857142858,38.54867053479297,False,False,True,False,False,True,False,False,False,False,False,False
2023-04-26,213,641.55,2,False,4,26,208.0,149.0,195.14285714285714,172.57142857142858,30.840604033366084,False,False,True,False,False,True,False,False,False,False,False,False
2023-04-27,238,691.3,3,False,4,27,213.0,169.0,204.28571428571428,175.78571428571428,23.492653360248266,False,False,True,False,False,True,False,False,False,False,False,False
2023-04-28,180,522.1,4,False,4,28,238.0,178.0,214.14285714285714,182.35714285714286,20.505516098752945,False,False,True,False,False,True,False,False,False,False,False,False
2023-04-29,141,400.25,5,True,4,29,180.0,221.0,214.42857142857142,186.14285714285714,19.923663843590788,False,False,True,False,False,True,False,False,False,False,False,False
2023-04-30,165,487.9,6,True,4,30,141.0,236.0,203.0,184.28571428571428,33.70459909270575,False,False,True,False,False,True,False,False,False,False,False,False
2023-05-01,219,669.4,0,False,5,1,165.0,205.0,192.85714285714286,184.28571428571428,32.789371100142716,False,False,True,False,False,True,False,False,False,False,False,False
2023-05-02,177,513.5,1,False,5,2,219.0,208.0,194.85714285714286,189.42857142857142,34.05597633029395,False,False,True,False,False,True,False,False,False,False,False,False
2023-05-03,204,614.6,2,False,5,3,177.0,213.0,190.42857142857142,192.78571428571428,34.07764244025297,False,False,True,False,False,True,False,False,False,False,False,False
2023-05-04,189,549.2,3,False,5,4,204.0,238.0,189.14285714285714,196.71428571428572,33.24368898216431,False,False,True,False,False,True,False,False,False,False,False,False
2023-05-05,211,648.65,4,False,5,5,189.0,180.0,182.14285714285714,198.14285714285714,25.497899073117182,False,False,True,False,False,True,False,False,False,False,False,False
2023-05-06,204,616.9,5,True,5,6,211.0,141.0,186.57142857142858,200.5,27.663797900608817,False,False,True,False,False,True,False,False,False,False,False,False
2023-05-07,142,423.05,6,True,5,7,204.0,165.0,195.57142857142858,199.28571428571428,19.372292437544196,False,False,True,False,False,True,False,False,False,False,False,False
2023-05-08,225,703.85,0,False,5,8,142.0,219.0,192.28571428571428,192.57142857142858,26.177052837134127,False,False,True,False,False,True,False,False,False,False,False,False
2023-05-09,215,662.85,1,False,5,9,225.0,177.0,193.14285714285714,194.0,27.272871572490143,False,False,True,False,False,True,False,False,False,False,False,False
2023-05-10,185,562.3,2,False,5,10,215.0,204.0,198.57142857142858,194.5,27.306025848135917,False,False,True,False,False,True,False,False,False,False,False,False
2023-05-11,180,544.4,3,False,5,11,185.0,189.0,195.85714285714286,192.5,27.619006568114322,False,False,True,False,False,True,False,False,False,False,False,False
2023-05-12,210,625.8,4,False,5,12,180.0,211.0,194.57142857142858,188.35714285714286,28.19489991031,False,False,True,False,False,True,False,False,False,False,False,False
2023-05-13,226,707.45,5,True,5,13,210.0,204.0,194.42857142857142,190.5,28.100160989201918,False,False,True,False,False,True,False,False,False,False,False,False
2023-05-14,184,571.0,6,True,5,14,226.0,142.0,197.57142857142858,196.57142857142858,30.478720133109263,False,False,True,False,False,True,False,False,False,False,False,False
2023-05-15,211,651.15,0,False,5,15,184.0,225.0,203.57142857142858,197.92857142857142,20.0736738279868,False,False,True,False,False,True,False,False,False,False,False,False
2023-05-16,198,609.0,1,False,5,16,211.0,215.0,201.57142857142858,197.35714285714286,18.192096661803483,False,False,True,False,False,True,False,False,False,False,False,False
2023-05-17,200,630.8,2,False,5,17,198.0,185.0,199.14285714285714,198.85714285714286,17.20880173466115,False,False,True,False,False,True,False,False,False,False,False,False
2023-05-18,185,563.75,3,False,5,18,200.0,180.0,201.28571428571428,198.57142857142858,16.049032013534305,False,False,True,False,False,True,False,False,False,False,False,False
2023-05-19,213,649.8,4,False,5,19,185.0,210.0,202.0,198.28571428571428,15.022205785659018,False,False,True,False,False,True,False,False,False,False,False,False
2023-05-20,233,721.55,5,True,5,20,213.0,226.0,202.42857142857142,198.42857142857142,15.328156475988944,False,False,True,False,False,True,False,False,False,False,False,False
2023-05-21,232,693.6,6,True,5,21,233.0,184.0,203.42857142857142,200.5,17.23230631553427,False,False,True,False,False,True,False,False,False,False,False,False
2023-05-22,294,892.0500000000001,0,False,5,22,232.0,211.0,210.28571428571428,206.92857142857142,17.754945655735472,False,False,True,False,False,True,False,False,False,False,False,False
2023-05-23,250,767.05,1,False,5,23,294.0,198.0,222.14285714285714,211.85714285714286,36.320006293266076,False,False,True,False,False,True,False,False,False,False,False,False
2023-05-24,229,672.3000000000001,2,False,5,24,250.0,200.0,229.57142857142858,214.35714285714286,35.87411853903054,False,False,True,False,False,True,False,False,False,False,False,False
2023-05-25,248,728.4,3,False,5,25,229.0,185.0,233.71428571428572,217.5,33.48489353780494,False,False,True,False,False,True,False,False,False,False,False,False
2023-05-26,242,726.55,4,False,5,26,248.0,213.0,242.71428571428572,222.35714285714286,25.792209971968973,False,False,True,False,False,True,False,False,False,False,False,False
2023-05-27,279,810.5500000000001,5,True,5,27,242.0,233.0,246.85714285714286,224.64285714285714,22.31911416573023,False,False,True,False,False,True,False,False,False,False,False,False
2023-05-28,234,722.15,6,True,5,28,279.0,232.0,253.42857142857142,228.42857142857142,24.24772939787202,False,False,True,False,False,True,False,False,False,False,False,False
2023-05-29,162,467.40000000000003,0,False,5,29,234.0,294.0,253.71428571428572,232.0,23.96326553786319,False,False,True,False,False,True,False,False,False,False,False,False
2023-05-30,200,633.4,1,False,5,30,162.0,250.0,234.85714285714286,228.5,35.92783772800082,False,False,True,False,False,True,False,False,False,False,False,False
2023-05-31,193,605.0,2,False,5,31,200.0,229.0,227.71428571428572,228.64285714285714,37.3573477186411,False,False,True,False,False,True,False,False,False,False,False,False
2023-06-01,246,749.25,3,False,6,1,193.0,248.0,222.57142857142858,228.14285714285714,39.56369186875439,False,False,True,False,False,True,False,False,False,False,False,False
2023-06-02,203,600.45,4,False,6,2,246.0,242.0,222.28571428571428,232.5,39.356127374333845,False,False,True,False,False,True,False,False,False,False,False,False
2023-06-03,228,685.9,5,True,6,3,203.0,279.0,216.71428571428572,231.78571428571428,38.85749299562166,False,False,True,False,False,True,False,False,False,False,False,False
2023-06-04,212,634.25,6,True,6,4,228.0,234.0,209.42857142857142,231.42857142857142,28.681336224434666,False,False,True,False,False,True,False,False,False,False,False,False
2023-06-05,212,671.7,0,False,6,5,212.0,162.0,206.28571428571428,230.0,26.67529622274975,False,False,True,False,False,True,False,False,False,False,False,False
2023-06-06,239,722.05,1,False,6,6,212.0,200.0,213.42857142857142,224.14285714285714,18.182932866264196,False,False,True,False,False,True,False,False,False,False,False,False
2023-06-07,148,445.5,2,False,6,7,239.0,193.0,219.0,223.35714285714286,19.321835661586604,False,False,True,False,False,True,False,False,False,False,False,False
2023-06-08,226,689.4,3,False,6,8,148.0,246.0,212.57142857142858,217.57142857142858,32.44409110483865,False,False,True,False,False,True,False,False,False,False,False,False
2023-06-09,258,772.2,4,False,6,9,226.0,203.0,209.71428571428572,216.0,29.78094628961247,False,False,True,False,False,True,False,False,False,False,False,False
2023-06-10,203,620.05,5,True,6,10,258.0,228.0,217.57142857142858,217.14285714285714,34.5825444545714,False,False,True,False,False,True,False,False,False,False,False,False
2023-06-11,194,600.6,6,True,6,11,203.0,212.0,214.0,211.71428571428572,34.61695153148753,False,False,True,False,False,True,False,False,False,False,False,False
2023-06-12,231,688.3,0,False,6,12,194.0,212.0,211.42857142857142,208.85714285714286,35.448822937004124,False,False,True,False,False,True,False,False,False,False,False,False
2023-06-13,271,847.05,1,False,6,13,231.0,239.0,214.14285714285714,213.78571428571428,36.218911135062406,False,False,True,False,False,True,False,False,False,False,False,False
2023-06-14,200,634.1,2,False,6,14,271.0,148.0,218.71428571428572,218.85714285714286,41.511903054884414,False,False,True,False,False,True,False,False,False,False,False,False
2023-06-15,227,681.15,3,False,6,15,200.0,226.0,226.14285714285714,219.35714285714286,29.72893411828879,False,False,True,False,False,True,False,False,False,False,False,False
2023-06-16,214,654.9,4,False,6,16,227.0,258.0,226.28571428571428,218.0,29.73053584960745,False,False,True,False,False,True,False,False,False,False,False,False
2023-06-17,214,664.65,5,True,6,17,214.0,203.0,220.0,218.78571428571428,26.36917392208867,False,False,True,False,False,True,False,False,False,False,False,False
2023-06-18,211,650.7,6,True,6,18,214.0,194.0,221.57142857142858,217.78571428571428,25.50070027049734,False,False,True,False,False,True,False,False,False,False,False,False
2023-06-19,228,690.95,0,False,6,19,211.0,231.0,224.0,217.71428571428572,23.13727151877169,False,False,True,False,False,True,False,False,False,False,False,False
2023-06-20,252,770.2,1,False,6,20,228.0,271.0,223.57142857142858,218.85714285714286,23.01345362215497,False,False,True,False,False,True,False,False,False,False,False,False
2023-06-21,252,754.35,2,False,6,21,252.0,200.0,220.85714285714286,219.78571428571428,16.75737222268313,False,False,True,False,False,True,False,False,False,False,False,False
2023-06-22,292,870.7,3,False,6,22,252.0,227.0,228.28571428571428,227.21428571428572,17.480601493411545,False,False,True,False,False,True,False,False,False,False,False,False
2023-06-23,319,961.5500000000001,4,False,6,23,292.0,214.0,237.57142857142858,231.92857142857142,29.686456748587464,False,False,True,False,False,True,False,False,False,False,False,False
2023-06-24,245,736.05,5,True,6,24,319.0,214.0,252.57142857142858,236.28571428571428,40.389178182847004,False,False,True,False,False,True,False,False,False,False,False,False
2023-06-25,310,899.75,6,True,6,25,245.0,211.0,257.0,239.28571428571428,37.01351104664422,False,False,True,False,False,True,False,False,False,False,False,False
2023-06-26,278,837.75,0,False,6,26,310.0,228.0,271.14285714285717,247.57142857142858,35.38563065910963,False,False,True,False,False,True,False,False,False,False,False,False
2023-06-27,335,957.9,1,False,6,27,278.0,252.0,278.2857142857143,250.92857142857142,29.83685799875989,False,False,True,False,False,True,False,False,False,False,False,False
2023-06-28,242,735.75,2,False,6,28,335.0,252.0,290.14285714285717,255.5,33.86949744449908,False,False,True,False,False,True,False,False,False,False,False,False
2023-06-29,186,537.6,3,False,6,29,242.0,292.0,288.7142857142857,258.5,35.896677124373234,False,False,True,False,False,True,False,False,False,False,False,False
2023-06-30,198,590.3,4,False,6,30,186.0,319.0,273.57142857142856,255.57142857142858,52.70312180145604,False,False,True,False,False,True,False,False,False,False,False,False
2023-01-15,1,18.0,6,True,1,15,0.0,7.0,3.4285714285714284,2.357142857142857,2.0701966780270626,False,False,True,False,False,False,True,False,False,False,False,False
2023-01-16,4,87.75,0,False,1,16,1.0,4.0,2.5714285714285716,2.4285714285714284,1.5118578920369092,False,False,True,False,False,False,True,False,False,False,False,False
2023-01-17,2,32.5,1,False,1,17,4.0,4.0,2.5714285714285716,2.7142857142857144,1.5118578920369092,False,False,True,False,False,False,True,False,False,False,False,False
2023-01-18,1,15.0,2,False,1,18,2.0,3.0,2.2857142857142856,2.857142857142857,1.380131118684709,False,False,True,False,False,False,True,False,False,False,False,False
2023-01-19,2,38.45,3,False,1,19,1.0,3.0,2.0,2.9285714285714284,1.4142135623730956,False,False,True,False,False,False,True,False,False,False,False,False
2023-01-20,2,36.0,4,False,1,20,2.0,3.0,1.8571428571428572,3.0714285714285716,1.3451854182690992,False,False,True,False,False,False,True,False,False,False,False,False
2023-01-21,6,111.0,5,True,1,21,2.0,0.0,1.7142857142857142,3.2142857142857144,1.2535663410560183,False,False,True,False,False,False,True,False,False,False,False,False
2023-01-22,0,0.0,6,True,1,22,6.0,1.0,2.5714285714285716,3.0,1.8126539343499317,False,False,True,False,False,False,True,False,False,False,False,False
2023-01-23,1,21.0,0,False,1,23,0.0,4.0,2.4285714285714284,2.5,1.9880595947760102,False,False,True,False,False,False,True,False,False,False,False,False
2023-01-24,1,10.0,1,False,1,24,1.0,2.0,2.0,2.2857142857142856,1.9148542155126766,False,False,True,False,False,False,True,False,False,False,False,False
2023-01-25,5,87.45,2,False,1,25,1.0,1.0,1.8571428571428572,2.0714285714285716,1.9518001458970669,False,False,True,False,False,False,True,False,False,False,False,False
2023-01-26,3,61.5,3,False,1,26,5.0,2.0,2.4285714285714284,2.2142857142857144,2.2253945610567474,False,False,True,False,False,False,True,False,False,False,False,False
2023-01-27,3,57.0,4,False,1,27,3.0,2.0,2.5714285714285716,2.2142857142857144,2.2253945610567474,False,False,True,False,False,False,True,False,False,False,False,False
2023-01-28,0,0.0,5,True,1,28,3.0,6.0,2.7142857142857144,2.2142857142857144,2.214669705568283,False,False,True,False,False,False,True,False,False,False,False,False
2023-01-29,0,0.0,6,True,1,29,0.0,0.0,1.8571428571428572,2.2142857142857144,1.8644544714716094,False,False,True,False,False,False,True,False,False,False,False,False
2023-01-30,1,23.0,0,False,1,30,0.0,1.0,1.8571428571428572,2.142857142857143,1.8644544714716094,False,False,True,False,False,False,True,False,False,False,False,False
2023-01-31,5,96.5,1,False,1,31,1.0,1.0,1.8571428571428572,1.9285714285714286,1.8644544714716094,False,False,True,False,False,False,True,False,False,False,False,False
2023-02-01,0,0.0,2,False,2,1,5.0,5.0,2.4285714285714284,2.142857142857143,2.14919697074224,False,False,True,False,False,False,True,False,False,False,False,False
2023-02-02,0,0.0,3,False,2,2,0.0,3.0,1.7142857142857142,2.0714285714285716,1.976047040118708,False,False,True,False,False,False,True,False,False,False,False,False
2023-02-03,0,0.0,4,False,2,3,0.0,3.0,1.2857142857142858,1.9285714285714286,1.9760470401187082,False,False,True,False,False,False,True,False,False,False,False,False
2023-02-04,0,0.0,5,True,2,4,0.0,0.0,0.8571428571428571,1.7857142857142858,1.8644544714716096,False,False,True,False,False,False,True,False,False,False,False,False
2023-02-05,0,0.0,6,True,2,5,0.0,0.0,0.8571428571428571,1.3571428571428572,1.8644544714716096,False,False,True,False,False,False,True,False,False,False,False,False
2023-02-06,0,0.0,0,False,2,6,0.0,1.0,0.8571428571428571,1.3571428571428572,1.8644544714716096,False,False,True,False,False,False,True,False,False,False,False,False
2023-02-07,3,70.0,1,False,2,7,0.0,5.0,0.7142857142857143,1.2857142857142858,1.889822365046137,False,False,True,False,False,False,True,False,False,False,False,False
2023-02-08,3,58.5,2,False,2,8,3.0,0.0,0.42857142857142855,1.4285714285714286,1.1338934190276817,False,False,True,False,False,False,True,False,False,False,False,False
2023-02-09,1,20.45,3,False,2,9,3.0,0.0,0.8571428571428571,1.2857142857142858,1.4638501094227998,False,False,True,False,False,False,True,False,False,False,False,False
2023-02-10,3,81.0,4,False,2,10,1.0,0.0,1.0,1.1428571428571428,1.4142135623730951,False,False,True,False,False,False,True,False,False,False,False,False
2023-02-11,2,38.45,5,True,2,11,3.0,0.0,1.4285714285714286,1.1428571428571428,1.511857892036909,False,False,True,False,False,False,True,False,False,False,False,False
2023-02-12,5,129.25,6,True,2,12,2.0,0.0,1.7142857142857142,1.2857142857142858,1.3801311186847085,False,False,True,False,False,False,True,False,False,False,False,False
2023-02-13,1,21.0,0,False,2,13,5.0,0.0,2.4285714285714284,1.6428571428571428,1.618347187425374,False,False,True,False,False,False,True,False,False,False,False,False
2023-02-14,1,15.0,1,False,2,14,1.0,3.0,2.5714285714285716,1.6428571428571428,1.3972762620115438,False,False,True,False,False,False,True,False,False,False,False,False
2023-02-15,1,22.5,2,False,2,15,1.0,3.0,2.2857142857142856,1.3571428571428572,1.4960264830861911,False,False,True,False,False,False,True,False,False,False,False,False
2023-02-16,3,74.75,3,False,2,16,1.0,1.0,2.0,1.4285714285714286,1.5275252316519465,False,False,True,False,False,False,True,False,False,False,False,False
2023-02-17,0,0.0,4,False,2,17,3.0,3.0,2.2857142857142856,1.6428571428571428,1.4960264830861911,False,False,True,False,False,False,True,False,False,False,False,False
2023-02-18,5,84.0,5,True,2,18,0.0,2.0,1.8571428571428572,1.6428571428571428,1.6761634196950514,False,False,True,False,False,False,True,False,False,False,False,False
2023-02-19,2,66.0,6,True,2,19,5.0,5.0,2.2857142857142856,2.0,2.0586634591635513,False,False,True,False,False,False,True,False,False,False,False,False
2023-02-20,2,37.25,0,False,2,20,2.0,1.0,1.8571428571428572,2.142857142857143,1.6761634196950514,False,False,True,False,False,False,True,False,False,False,False,False
2023-02-21,4,78.25,1,False,2,21,2.0,1.0,2.0,2.2857142857142856,1.632993161855452,False,False,True,False,False,False,True,False,False,False,False,False
2023-02-22,4,130.5,2,False,2,22,4.0,1.0,2.4285714285714284,2.357142857142857,1.7182493859684491,False,False,True,False,False,False,True,False,False,False,False,False
2023-02-23,1,18.0,3,False,2,23,4.0,3.0,2.857142857142857,2.4285714285714284,1.6761634196950517,False,False,True,False,False,False,True,False,False,False,False,False
2023-02-24,3,46.0,4,False,2,24,1.0,0.0,2.5714285714285716,2.4285714285714284,1.8126539343499315,False,False,True,False,False,False,True,False,False,False,False,False
2023-02-25,5,91.4,5,True,2,25,3.0,5.0,3.0,2.4285714285714284,1.4142135623730951,False,False,True,False,False,False,True,False,False,False,False,False
2023-02-26,5,88.5,6,True,2,26,5.0,2.0,3.0,2.642857142857143,1.4142135623730951,False,False,True,False,False,False,True,False,False,False,False,False
2023-02-27,6,163.5,0,False,2,27,5.0,2.0,3.4285714285714284,2.642857142857143,1.5118578920369092,False,False,True,False,False,False,True,False,False,False,False,False
2023-02-28,0,0.0,1,False,2,28,6.0,4.0,4.0,3.0,1.6329931618554525,False,False,True,False,False,False,True,False,False,False,False,False
2023-03-01,0,0.0,2,False,3,1,0.0,4.0,3.4285714285714284,2.9285714285714284,2.2253945610567474,False,False,True,False,False,False,True,False,False,False,False,False
2023-03-02,0,0.0,3,False,3,2,0.0,1.0,2.857142857142857,2.857142857142857,2.5448360411214073,False,False,True,False,False,False,True,False,False,False,False,False
2023-03-03,0,0.0,4,False,3,3,0.0,3.0,2.7142857142857144,2.642857142857143,2.690370836538197,False,False,True,False,False,False,True,False,False,False,False,False
2023-03-04,0,0.0,5,True,3,4,0.0,5.0,2.2857142857142856,2.642857142857143,2.8702082220799308,False,False,True,False,False,False,True,False,False,False,False,False
2023-03-05,0,0.0,6,True,3,5,0.0,5.0,1.5714285714285714,2.2857142857142856,2.699206232527312,False,False,True,False,False,False,True,False,False,False,False,False
2023-03-06,0,0.0,0,False,3,6,0.0,6.0,0.8571428571428571,2.142857142857143,2.2677868380553625,False,False,True,False,False,False,True,False,False,False,False,False
2023-03-07,5,128.0,1,False,3,7,0.0,0.0,0.0,2.0,0.0,False,False,True,False,False,False,True,False,False,False,False,False
2023-03-08,7,122.75,2,False,3,8,5.0,0.0,0.7142857142857143,2.0714285714285716,1.889822365046136,False,False,True,False,False,False,True,False,False,False,False,False
2023-03-09,4,71.2,3,False,3,9,7.0,0.0,1.7142857142857142,2.2857142857142856,2.984084768360628,False,False,True,False,False,False,True,False,False,False,False,False
2023-03-10,3,82.75,4,False,3,10,4.0,0.0,2.2857142857142856,2.5,2.984084768360628,False,False,True,False,False,False,True,False,False,False,False,False
2023-03-11,3,73.0,5,True,3,11,3.0,0.0,2.7142857142857144,2.5,2.811540841738193,False,False,True,False,False,False,True,False,False,False,False,False
2023-03-12,3,76.0,6,True,3,12,3.0,0.0,3.142857142857143,2.357142857142857,2.5448360411214073,False,False,True,False,False,False,True,False,False,False,False,False
2023-03-13,5,122.45,0,False,3,13,3.0,0.0,3.5714285714285716,2.2142857142857144,2.14919697074224,False,False,True,False,False,False,True,False,False,False,False,False
2023-03-14,2,29.75,1,False,3,14,5.0,5.0,4.285714285714286,2.142857142857143,1.496026483086192,False,False,True,False,False,False,True,False,False,False,False,False
2023-03-15,0,0.0,2,False,3,15,2.0,7.0,3.857142857142857,2.2857142857142856,1.6761634196950521,False,False,True,False,False,False,True,False,False,False,False,False
2023-03-16,6,88.75,3,False,3,16,0.0,4.0,2.857142857142857,2.2857142857142856,1.5735915849388868,False,False,True,False,False,False,True,False,False,False,False,False
2023-03-17,1,18.0,4,False,3,17,6.0,3.0,3.142857142857143,2.7142857142857144,1.9518001458970669,False,False,True,False,False,False,True,False,False,False,False,False
2023-03-18,3,75.0,5,True,3,18,1.0,3.0,2.857142857142857,2.7857142857142856,2.115700942049816,False,False,True,False,False,False,True,False,False,False,False,False
2023-03-19,2,39.0,6,True,3,19,3.0,3.0,2.857142857142857,3.0,2.115700942049816,False,False,True,False,False,False,True,False,False,False,False,False
2023-03-20,0,0.0,0,False,3,20,2.0,5.0,2.7142857142857144,3.142857142857143,2.1380899352993956,False,False,True,False,False,False,True,False,False,False,False,False
2023-03-21,5,94.25,1,False,3,21,0.0,2.0,2.0,3.142857142857143,2.081665999466133,False,False,True,False,False,False,True,False,False,False,False,False
2023-03-22,3,85.5,2,False,3,22,5.0,0.0,2.4285714285714284,3.142857142857143,2.3704530408864084,False,False,True,False,False,False,True,False,False,False,False,False
2023-03-23,1,21.0,3,False,3,23,3.0,6.0,2.857142857142857,2.857142857142857,2.115700942049816,False,False,True,False,False,False,True,False,False,False,False,False
2023-03-24,4,68.25,4,False,3,24,1.0,1.0,2.142857142857143,2.642857142857143,1.676163419695052,False,False,True,False,False,False,True,False,False,False,False,False
2023-03-25,3,53.5,5,True,3,25,4.0,3.0,2.5714285714285716,2.7142857142857144,1.7182493859684496,False,False,True,False,False,False,True,False,False,False,False,False
2023-03-26,2,42.25,6,True,3,26,3.0,2.0,2.5714285714285716,2.7142857142857144,1.7182493859684496,False,False,True,False,False,False,True,False,False,False,False,False
2023-03-27,7,182.75,0,False,3,27,2.0,0.0,2.5714285714285716,2.642857142857143,1.7182493859684496,False,False,True,False,False,False,True,False,False,False,False,False
2023-03-28,0,0.0,1,False,3,28,7.0,5.0,3.5714285714285716,2.7857142857142856,1.9880595947760102,False,False,True,False,False,False,True,False,False,False,False,False
2023-03-29,0,0.0,2,False,3,29,0.0,3.0,2.857142857142857,2.642857142857143,2.267786838055364,False,False,True,False,False,False,True,False,False,False,False,False
2023-03-30,0,0.0,3,False,3,30,0.0,1.0,2.4285714285714284,2.642857142857143,2.507132682112035,False,False,True,False,False,False,True,False,False,False,False,False
2023-03-31,6,117.7,4,False,3,31,0.0,4.0,2.2857142857142856,2.2142857142857144,2.627691364061218,False,False,True,False,False,False,True,False,False,False,False,False
2023-04-01,0,0.0,5,True,4,1,6.0,3.0,2.5714285714285716,2.5714285714285716,2.935821455580639,False,False,True,False,False,False,True,False,False,False,False,False
2023-04-02,0,0.0,6,True,4,2,0.0,2.0,2.142857142857143,2.357142857142857,3.0783421635988546,False,False,True,False,False,False,True,False,False,False,False,False
2023-04-03,0,0.0,0,False,4,3,0.0,7.0,1.8571428571428572,2.2142857142857144,3.184785258515422,False,False,True,False,False,False,True,False,False,False,False,False
2023-04-04,0,0.0,1,False,4,4,0.0,0.0,0.8571428571428571,2.2142857142857144,2.2677868380553634,False,False,True,False,False,False,True,False,False,False,False,False
2023-04-05,0,0.0,2,False,4,5,0.0,0.0,0.8571428571428571,1.8571428571428572,2.2677868380553634,False,False,True,False,False,False,True,False,False,False,False,False
2023-04-06,0,0.0,3,False,4,6,0.0,0.0,0.8571428571428571,1.6428571428571428,2.2677868380553634,False,False,True,False,False,False,True,False,False,False,False,False
2023-04-07,10,217.75,4,False,4,7,0.0,6.0,0.8571428571428571,1.5714285714285714,2.2677868380553634,False,False,True,False,False,False,True,False,False,False,False,False
2023-04-08,12,220.5,5,True,4,8,10.0,0.0,1.4285714285714286,2.0,3.779644730092272,False,False,True,False,False,False,True,False,False,False,False,False
2023-04-09,5,75.2,6,True,4,9,12.0,0.0,3.142857142857143,2.642857142857143,5.398412465054624,False,False,True,False,False,False,True,False,False,False,False,False
2023-04-10,5,121.5,0,False,4,10,5.0,0.0,3.857142857142857,2.857142857142857,5.241773600241666,False,False,True,False,False,False,True,False,False,False,False,False
2023-04-11,2,28.0,1,False,4,11,5.0,0.0,4.571428571428571,2.7142857142857144,4.961758520831865,False,False,True,False,False,False,True,False,False,False,False,False
2023-04-12,5,153.25,2,False,4,12,2.0,0.0,4.857142857142857,2.857142857142857,4.705619740571601,False,False,True,False,False,False,True,False,False,False,False,False
2023-04-13,3,57.0,3,False,4,13,5.0,0.0,5.571428571428571,3.2142857142857144,4.197504927816955,False,False,True,False,False,False,True,False,False,False,False,False
2023-04-14,2,37.25,4,False,4,14,3.0,10.0,6.0,3.4285714285714284,3.6514837167011076,False,False,True,False,False,False,True,False,False,False,False,False
2023-04-15,1,20.45,5,True,4,15,2.0,12.0,4.857142857142857,3.142857142857143,3.4364987719368982,False,False,True,False,False,False,True,False,False,False,False,False
2023-04-16,6,124.0,6,True,4,16,1.0,5.0,3.2857142857142856,3.2142857142857144,1.7043362064926924,False,False,True,False,False,False,True,False,False,False,False,False
2023-04-17,2,43.5,0,False,4,17,6.0,5.0,3.4285714285714284,3.642857142857143,1.9023794624226829,False,False,True,False,False,False,True,False,False,False,False,False
2023-04-18,6,103.75,1,False,4,18,2.0,2.0,3.0,3.7857142857142856,1.8257418583505525,False,False,True,False,False,False,True,False,False,False,False,False
2023-04-19,2,63.0,2,False,4,19,6.0,5.0,3.5714285714285716,4.214285714285714,2.0701966780270618,False,False,True,False,False,False,True,False,False,False,False,False
2023-04-20,4,78.25,3,False,4,20,2.0,3.0,3.142857142857143,4.357142857142857,2.0354009783964284,False,False,True,False,False,False,True,False,False,False,False,False
2023-04-21,4,75.0,4,False,4,21,4.0,2.0,3.2857142857142856,4.642857142857143,2.0586634591635504,False,False,True,False,False,False,True,False,False,False,False,False
2023-04-22,7,146.25,5,True,4,22,4.0,1.0,3.5714285714285716,4.214285714285714,1.988059594776009,False,False,True,False,False,False,True,False,False,False,False,False
2023-04-23,2,37.75,6,True,4,23,7.0,6.0,4.428571428571429,3.857142857142857,1.9880595947760094,False,False,True,False,False,False,True,False,False,False,False,False
2023-04-24,1,21.0,0,False,4,24,2.0,2.0,3.857142857142857,3.642857142857143,2.035400978396429,False,False,True,False,False,False,True,False,False,False,False,False
2023-04-25,5,93.15,1,False,4,25,1.0,6.0,3.7142857142857144,3.357142857142857,2.2146697055682822,False,False,True,False,False,False,True,False,False,False,False,False
2023-04-26,7,134.0,2,False,4,26,5.0,2.0,3.5714285714285716,3.5714285714285716,2.070196678027062,False,False,True,False,False,False,True,False,False,False,False,False
2023-04-27,1,21.0,3,False,4,27,7.0,4.0,4.285714285714286,3.7142857142857144,2.288688541085317,False,False,True,False,False,False,True,False,False,False,False,False
2023-04-28,0,0.0,4,False,4,28,1.0,4.0,3.857142857142857,3.5714285714285716,2.609506430251477,False,False,True,False,False,False,True,False,False,False,False,False
2023-04-29,0,0.0,5,True,4,29,0.0,7.0,3.2857142857142856,3.4285714285714284,2.984084768360628,False,False,True,False,False,False,True,False,False,False,False,False
2023-04-30,2,35.75,6,True,4,30,0.0,2.0,2.2857142857142856,3.357142857142857,2.690370836538196,False,False,True,False,False,False,True,False,False,False,False,False
2023-05-01,0,0.0,0,False,5,1,2.0,1.0,2.2857142857142856,3.0714285714285716,2.690370836538196,False,False,True,False,False,False,True,False,False,False,False,False
2023-05-02,0,0.0,1,False,5,2,0.0,5.0,2.142857142857143,2.9285714285714284,2.794552524023087,False,False,True,False,False,False,True,False,False,False,False,False
2023-05-03,0,0.0,2,False,5,3,0.0,7.0,1.4285714285714286,2.5,2.572750982712399,False,False,True,False,False,False,True,False,False,False,False,False
2023-05-04,0,0.0,3,False,5,4,0.0,1.0,0.42857142857142855,2.357142857142857,0.7867957924694401,False,False,True,False,False,False,True,False,False,False,False,False
2023-05-05,0,0.0,4,False,5,5,0.0,0.0,0.2857142857142857,2.0714285714285716,0.7559289460184514,False,False,True,False,False,False,True,False,False,False,False,False
2023-05-06,0,0.0,5,True,5,6,0.0,0.0,0.2857142857142857,1.7857142857142858,0.7559289460184514,False,False,True,False,False,False,True,False,False,False,False,False
2023-05-07,6,145.0,6,True,5,7,0.0,2.0,0.2857142857142857,1.2857142857142858,0.7559289460184514,False,False,True,False,False,False,True,False,False,False,False,False
2023-05-08,10,182.75,0,False,5,8,6.0,0.0,0.8571428571428571,1.5714285714285714,2.2677868380553634,False,False,True,False,False,False,True,False,False,False,False,False
2023-05-09,4,69.45,1,False,5,9,10.0,0.0,2.2857142857142856,2.2142857142857144,4.0708019567928595,False,False,True,False,False,False,True,False,False,False,False,False
2023-05-10,3,81.0,2,False,5,10,4.0,0.0,2.857142857142857,2.142857142857143,3.9761191895520196,False,False,True,False,False,False,True,False,False,False,False,False
2023-05-11,4,79.9,3,False,5,11,3.0,0.0,3.2857142857142856,1.8571428571428572,3.7733400639347683,False,False,True,False,False,False,True,False,False,False,False,False
2023-05-12,4,78.0,4,False,5,12,4.0,0.0,3.857142857142857,2.0714285714285716,3.484660262185848,False,False,True,False,False,False,True,False,False,False,False,False
2023-05-13,5,116.75,5,True,5,13,4.0,0.0,4.428571428571429,2.357142857142857,3.0472470011002204,False,False,True,False,False,False,True,False,False,False,False,False
2023-05-14,3,58.5,6,True,5,14,5.0,6.0,5.142857142857143,2.7142857142857144,2.3401261667248785,False,False,True,False,False,False,True,False,False,False,False,False
2023-05-15,2,38.45,0,False,5,15,3.0,10.0,4.714285714285714,2.7857142857142856,2.4299715851758235,False,False,True,False,False,False,True,False,False,False,False,False
2023-05-16,7,169.25,1,False,5,16,2.0,4.0,3.5714285714285716,2.9285714285714284,0.9759000729485359,False,False,True,False,False,False,True,False,False,False,False,False
2023-05-17,5,89.5,2,False,5,17,7.0,3.0,4.0,3.4285714285714284,1.6329931618554532,False,False,True,False,False,False,True,False,False,False,False,False
2023-05-18,8,142.2,3,False,5,18,5.0,4.0,4.285714285714286,3.7857142857142856,1.603567451474547,False,False,True,False,False,False,True,False,False,False,False,False
2023-05-19,2,65.45,4,False,5,19,8.0,4.0,4.857142857142857,4.357142857142857,2.115700942049815,False,False,True,False,False,False,True,False,False,False,False,False
2023-05-20,3,52.5,5,True,5,20,2.0,5.0,4.571428571428571,4.5,2.3704530408864084,False,False,True,False,False,False,True,False,False,False,False,False
2023-05-21,4,70.25,6,True,5,21,3.0,3.0,4.285714285714286,4.714285714285714,2.4299715851758243,False,False,True,False,False,False,True,False,False,False,False,False
2023-05-22,9,209.25,0,False,5,22,4.0,2.0,4.428571428571429,4.571428571428571,2.3704530408864084,False,False,True,False,False,False,True,False,False,False,False,False
2023-05-23,2,33.0,1,False,5,23,9.0,7.0,5.428571428571429,4.5,2.6367367999823093,False,False,True,False,False,False,True,False,False,False,False,False
2023-05-24,4,68.5,2,False,5,24,2.0,5.0,4.714285714285714,4.357142857142857,2.811540841738193,False,False,True,False,False,False,True,False,False,False,False,False
2023-05-25,6,90.95,3,False,5,25,4.0,8.0,4.571428571428571,4.428571428571429,2.819996622760558,False,False,True,False,False,False,True,False,False,False,False,False
2023-05-26,5,101.0,4,False,5,26,6.0,2.0,4.285714285714286,4.571428571428571,2.497617912751116,False,False,True,False,False,False,True,False,False,False,False,False
2023-05-27,7,184.5,5,True,5,27,5.0,3.0,4.714285714285714,4.642857142857143,2.2886885410853175,False,False,True,False,False,False,True,False,False,False,False,False
2023-05-28,0,0.0,6,True,5,28,7.0,4.0,5.285714285714286,4.785714285714286,2.288688541085317,False,False,True,False,False,False,True,False,False,False,False,False
2023-05-29,0,0.0,0,False,5,29,0.0,9.0,4.714285714285714,4.571428571428571,3.0394235042348474,False,False,True,False,False,False,True,False,False,False,False,False
2023-05-30,7,174.75,1,False,5,30,0.0,2.0,3.4285714285714284,4.428571428571429,2.819996622760559,False,False,True,False,False,False,True,False,False,False,False,False
2023-05-31,4,104.45,2,False,5,31,7.0,4.0,4.142857142857143,4.428571428571429,3.0237157840738185,False,False,True,False,False,False,True,False,False,False,False,False
2023-06-01,0,0.0,3,False,6,1,4.0,6.0,4.142857142857143,4.357142857142857,3.0237157840738185,False,False,True,False,False,False,True,False,False,False,False,False
2023-06-02,0,0.0,4,False,6,2,0.0,5.0,3.2857142857142856,3.7857142857142856,3.2513733362117274,False,False,True,False,False,False,True,False,False,False,False,False
2023-06-03,0,0.0,5,True,6,3,0.0,7.0,2.5714285714285716,3.642857142857143,3.359421718944243,False,False,True,False,False,False,True,False,False,False,False,False
2023-06-04,0,0.0,6,True,6,4,0.0,0.0,1.5714285714285714,3.4285714285714284,2.81999662276056,False,False,True,False,False,False,True,False,False,False,False,False
2023-06-05,0,0.0,0,False,6,5,0.0,0.0,1.5714285714285714,3.142857142857143,2.81999662276056,False,False,True,False,False,False,True,False,False,False,False,False
2023-06-06,0,0.0,1,False,6,6,0.0,7.0,1.5714285714285714,2.5,2.81999662276056,False,False,True,False,False,False,True,False,False,False,False,False
2023-06-07,7,153.0,2,False,6,7,0.0,4.0,0.5714285714285714,2.357142857142857,1.5118578920369152,False,False,True,False,False,False,True,False,False,False,False,False
2023-06-08,12,228.0,3,False,6,8,7.0,0.0,1.0,2.5714285714285716,2.6457513110645907,False,False,True,False,False,False,True,False,False,False,False,False
2023-06-09,5,80.65,4,False,6,9,12.0,0.0,2.7142857142857144,3.0,4.8550415622761225,False,False,True,False,False,False,True,False,False,False,False,False
2023-06-10,7,211.5,5,True,6,10,5.0,0.0,3.4285714285714284,3.0,4.7559486560567095,False,False,True,False,False,False,True,False,False,False,False,False
2023-06-11,4,120.45,6,True,6,11,7.0,0.0,4.428571428571429,3.0,4.649628761422531,False,False,True,False,False,False,True,False,False,False,False,False
2023-06-12,6,168.0,0,False,6,12,4.0,0.0,5.0,3.2857142857142856,4.242640687119285,False,False,True,False,False,False,True,False,False,False,False,False
2023-06-13,5,116.2,1,False,6,13,6.0,0.0,5.857142857142857,3.7142857142857144,3.6253078686998625,False,False,True,False,False,False,True,False,False,False,False,False
2023-06-14,2,37.25,2,False,6,14,5.0,7.0,6.571428571428571,3.5714285714285716,2.6367367999823093,False,False,True,False,False,False,True,False,False,False,False,False
2023-06-15,2,42.95,3,False,6,15,2.0,12.0,5.857142857142857,3.4285714285714284,3.132015933791494,False,False,True,False,False,False,True,False,False,False,False,False
2023-06-16,5,107.5,4,False,6,16,2.0,5.0,4.428571428571429,3.5714285714285716,1.9023794624226826,False,False,True,False,False,False,True,False,False,False,False,False
2023-06-17,6,107.5,5,True,6,17,5.0,7.0,4.428571428571429,3.9285714285714284,1.9023794624226826,False,False,True,False,False,False,True,False,False,False,False,False
2023-06-18,9,184.2,6,True,6,18,6.0,4.0,4.285714285714286,4.357142857142857,1.704336206492692,False,False,True,False,False,False,True,False,False,False,False,False
2023-06-19,3,84.0,0,False,6,19,9.0,6.0,5.0,5.0,2.4494897427831774,False,False,True,False,False,False,True,False,False,False,False,False
2023-06-20,4,75.0,1,False,6,20,3.0,5.0,4.571428571428571,5.214285714285714,2.507132682112034,False,False,True,False,False,False,True,False,False,False,False,False
2023-06-21,6,111.0,2,False,6,21,4.0,2.0,4.428571428571429,5.5,2.507132682112034,False,False,True,False,False,False,True,False,False,False,False,False
2023-06-22,7,119.25,3,False,6,22,6.0,2.0,5.0,5.428571428571429,2.3094010767585025,False,False,True,False,False,False,True,False,False,False,False,False
2023-06-23,3,52.75,4,False,6,23,7.0,5.0,5.714285714285714,5.071428571428571,1.9760470401187076,False,False,True,False,False,False,True,False,False,False,False,False
2023-06-24,3,58.5,5,True,6,24,3.0,6.0,5.428571428571429,4.928571428571429,2.225394561056747,False,False,True,False,False,False,True,False,False,False,False,False
2023-06-25,8,135.9,6,True,6,25,3.0,9.0,5.0,4.642857142857143,2.380476142847616,False,False,True,False,False,False,True,False,False,False,False,False
2023-06-26,5,99.25,0,False,6,26,8.0,3.0,4.857142857142857,4.928571428571429,2.115700942049815,False,False,True,False,False,False,True,False,False,False,False,False
2023-06-27,6,161.75,1,False,6,27,5.0,4.0,5.142857142857143,4.857142857142857,1.951800145897066,False,False,True,False,False,False,True,False,False,False,False,False
2023-06-28,0,0.0,2,False,6,28,6.0,6.0,5.428571428571429,4.928571428571429,1.9023794624226835,False,False,True,False,False,False,True,False,False,False,False,False
2023-06-29,0,0.0,3,False,6,29,0.0,7.0,4.571428571428571,4.785714285714286,2.7602622373694157,False,False,True,False,False,False,True,False,False,False,False,False
2023-06-30,8,169.75,4,False,6,30,0.0,3.0,3.5714285714285716,4.642857142857143,2.9920529661723805,False,False,True,False,False,False,True,False,False,False,False,False
2023-01-15,19,85.5,6,True,1,15,14.0,15.0,20.428571428571427,18.642857142857142,5.7113087483559895,False,False,True,False,False,False,False,True,False,False,False,False
2023-01-16,14,55.0,0,False,1,16,19.0,21.0,21.0,18.571428571428573,5.259911279353171,False,False,True,False,False,False,False,True,False,False,False,False
2023-01-17,24,99.75,1,False,1,17,14.0,25.0,20.0,18.428571428571427,5.887840577551901,False,False,True,False,False,False,False,True,False,False,False,False
2023-01-18,23,95.0,2,False,1,18,24.0,26.0,19.857142857142858,18.714285714285715,5.756983337031399,False,False,True,False,False,False,False,True,False,False,False,False
2023-01-19,27,116.75,3,False,1,19,23.0,27.0,19.428571428571427,19.5,5.318431562567513,False,False,True,False,False,False,False,True,False,False,False,False
2023-01-20,12,47.0,4,False,1,20,27.0,15.0,19.428571428571427,20.428571428571427,5.318431562567513,False,False,True,False,False,False,False,True,False,False,False,False
2023-01-21,27,112.0,5,True,1,21,12.0,14.0,19.0,19.142857142857142,5.830951894845303,False,False,True,False,False,False,False,True,False,False,False,False
2023-01-22,19,79.25,6,True,1,22,27.0,19.0,20.857142857142858,20.642857142857142,6.039552175136044,False,False,True,False,False,False,False,True,False,False,False,False
2023-01-23,13,54.0,0,False,1,23,19.0,14.0,20.857142857142858,20.928571428571427,6.039552175136044,False,False,True,False,False,False,False,True,False,False,False,False
2023-01-24,30,118.5,1,False,1,24,13.0,24.0,20.714285714285715,20.357142857142858,6.237368187365722,False,False,True,False,False,False,False,True,False,False,False,False
2023-01-25,23,96.0,2,False,1,25,30.0,23.0,21.571428571428573,20.714285714285715,7.11470643238691,False,False,True,False,False,False,False,True,False,False,False,False
2023-01-26,25,108.0,3,False,1,26,23.0,27.0,21.571428571428573,20.5,7.11470643238691,False,False,True,False,False,False,False,True,False,False,False,False
2023-01-27,27,110.25,4,False,1,27,25.0,12.0,21.285714285714285,20.357142857142858,6.897204402613325,False,False,True,False,False,False,False,True,False,False,False,False
2023-01-28,10,42.5,5,True,1,28,27.0,27.0,23.428571428571427,21.214285714285715,5.769377287516769,False,False,True,False,False,False,False,True,False,False,False,False
2023-01-29,21,86.0,6,True,1,29,10.0,19.0,21.0,20.928571428571427,7.371114795831998,False,False,True,False,False,False,False,True,False,False,False,False
2023-01-30,15,59.25,0,False,1,30,21.0,13.0,21.285714285714285,21.071428571428573,7.319250547114002,False,False,True,False,False,False,False,True,False,False,False,False
2023-01-31,18,81.0,1,False,1,31,15.0,30.0,21.571428571428573,21.142857142857142,6.9727360210356215,False,False,True,False,False,False,False,True,False,False,False,False
2023-02-01,20,84.0,2,False,2,1,18.0,23.0,19.857142857142858,20.714285714285715,5.956189257922428,False,False,True,False,False,False,False,True,False,False,False,False
2023-02-02,18,77.75,3,False,2,2,20.0,25.0,19.428571428571427,20.5,5.7981934789249365,False,False,True,False,False,False,False,True,False,False,False,False
2023-02-03,12,48.5,4,False,2,3,18.0,27.0,18.428571428571427,19.857142857142858,5.255382728122439,False,False,True,False,False,False,False,True,False,False,False,False
2023-02-04,19,78.0,5,True,2,4,12.0,10.0,16.285714285714285,19.857142857142858,4.111540089159038,False,False,True,False,False,False,False,True,False,False,False,False
2023-02-05,14,60.0,6,True,2,5,19.0,21.0,17.571428571428573,19.285714285714285,3.1014589500826277,False,False,True,False,False,False,False,True,False,False,False,False
2023-02-06,31,123.5,0,False,2,6,14.0,15.0,16.571428571428573,18.928571428571427,2.935821455580639,False,False,True,False,False,False,False,True,False,False,False,False
2023-02-07,10,43.0,1,False,2,7,31.0,18.0,18.857142857142858,20.214285714285715,6.067085281214022,False,False,True,False,False,False,False,True,False,False,False,False
2023-02-08,20,81.25,2,False,2,8,10.0,20.0,17.714285714285715,18.785714285714285,6.945365018348226,False,False,True,False,False,False,False,True,False,False,False,False
2023-02-09,27,114.0,3,False,2,9,20.0,18.0,17.714285714285715,18.571428571428573,6.945365018348226,False,False,True,False,False,False,False,True,False,False,False,False
2023-02-10,23,92.25,4,False,2,10,27.0,12.0,19.0,18.714285714285715,7.788880963698617,False,False,True,False,False,False,False,True,False,False,False,False
2023-02-11,19,87.5,5,True,2,11,23.0,19.0,20.571428571428573,18.428571428571427,7.230886134196439,False,False,True,False,False,False,False,True,False,False,False,False
2023-02-12,23,90.0,6,True,2,12,19.0,14.0,20.571428571428573,19.071428571428573,7.230886134196439,False,False,True,False,False,False,False,True,False,False,False,False
2023-02-13,20,84.5,0,False,2,13,23.0,31.0,21.857142857142858,19.214285714285715,6.644009116704851,False,False,True,False,False,False,False,True,False,False,False,False
2023-02-14,10,38.0,1,False,2,14,20.0,10.0,20.285714285714285,19.571428571428573,5.282495802626059,False,False,True,False,False,False,False,True,False,False,False,False
2023-02-15,29,122.5,2,False,2,15,10.0,20.0,20.285714285714285,19.0,5.282495802626059,False,False,True,False,False,False,False,True,False,False,False,False
2023-02-16,25,106.5,3,False,2,16,29.0,27.0,21.571428571428573,19.642857142857142,6.21442254912294,False,False,True,False,False,False,False,True,False,False,False,False
2023-02-17,22,93.5,4,False,2,17,25.0,23.0,21.285714285714285,20.142857142857142,5.964178784328032,False,False,True,False,False,False,False,True,False,False,False,False
2023-02-18,16,61.5,5,True,2,18,22.0,19.0,21.142857142857142,20.857142857142858,5.928141120356125,False,False,True,False,False,False,False,True,False,False,False,False
2023-02-19,19,82.25,6,True,2,19,16.0,23.0,20.714285714285715,20.642857142857142,6.210590034081189,False,False,True,False,False,False,False,True,False,False,False,False
2023-02-20,18,77.0,0,False,2,20,19.0,20.0,20.142857142857142,21.0,6.148944934663493,False,False,True,False,False,False,False,True,False,False,False,False
2023-02-21,22,95.5,1,False,2,21,18.0,10.0,19.857142857142858,20.071428571428573,6.202917900165251,False,False,True,False,False,False,False,True,False,False,False,False
2023-02-22,13,50.75,2,False,2,22,22.0,29.0,21.571428571428573,20.928571428571427,4.42933941113657,False,False,True,False,False,False,False,True,False,False,False,False
2023-02-23,30,119.75,3,False,2,23,13.0,25.0,19.285714285714285,20.428571428571427,4.07080195679286,False,False,True,False,False,False,False,True,False,False,False,False
2023-02-24,25,100.25,4,False,2,24,30.0,22.0,20.0,20.642857142857142,5.4467115461227325,False,False,True,False,False,False,False,True,False,False,False,False
2023-02-25,27,112.5,5,True,2,25,25.0,16.0,20.428571428571427,20.785714285714285,5.740416444159863,False,False,True,False,False,False,False,True,False,False,False,False
2023-02-26,30,122.75,6,True,2,26,27.0,19.0,22.0,21.357142857142858,5.8309518948453025,False,False,True,False,False,False,False,True,False,False,False,False
2023-02-27,32,124.0,0,False,2,27,30.0,18.0,23.571428571428573,21.857142857142858,6.34710282614945,False,False,True,False,False,False,False,True,False,False,False,False
2023-02-28,18,72.75,1,False,2,28,32.0,22.0,25.571428571428573,22.714285714285715,6.502746672423457,False,False,True,False,False,False,False,True,False,False,False,False
2023-03-01,21,90.25,2,False,3,1,18.0,13.0,25.0,23.285714285714285,7.023769168568496,False,False,True,False,False,False,False,True,False,False,False,False
2023-03-02,33,138.25,3,False,3,2,21.0,30.0,26.142857142857142,22.714285714285715,5.145501965424804,False,False,True,False,False,False,False,True,False,False,False,False
2023-03-03,22,94.25,4,False,3,3,33.0,25.0,26.571428571428573,23.285714285714285,5.62308168347639,False,False,True,False,False,False,False,True,False,False,False,False
2023-03-04,32,133.0,5,True,3,4,22.0,27.0,26.142857142857142,23.285714285714285,5.871642911161282,False,False,True,False,False,False,False,True,False,False,False,False
2023-03-05,30,126.25,6,True,3,5,32.0,30.0,26.857142857142858,24.428571428571427,6.283008075451641,False,False,True,False,False,False,False,True,False,False,False,False
2023-03-06,40,159.75,0,False,3,6,30.0,32.0,26.857142857142858,25.214285714285715,6.283008075451641,False,False,True,False,False,False,False,True,False,False,False,False
2023-03-07,9,36.75,1,False,3,7,40.0,18.0,28.0,26.785714285714285,7.895146188218011,False,False,True,False,False,False,False,True,False,False,False,False
2023-03-08,28,115.75,2,False,3,8,9.0,21.0,26.714285714285715,25.857142857142858,10.193368525897705,False,False,True,False,False,False,False,True,False,False,False,False
2023-03-09,24,104.75,3,False,3,9,28.0,33.0,27.714285714285715,26.928571428571427,9.87782509317859,False,False,True,False,False,False,False,True,False,False,False,False
2023-03-10,30,120.5,4,False,3,10,24.0,22.0,26.428571428571427,26.5,9.658452996505929,False,False,True,False,False,False,False,True,False,False,False,False
2023-03-11,28,119.5,5,True,3,11,30.0,32.0,27.571428571428573,26.857142857142858,9.5194037428322,False,False,True,False,False,False,False,True,False,False,False,False
2023-03-12,28,111.75,6,True,3,12,28.0,30.0,27.0,26.928571428571427,9.327379053088817,False,False,True,False,False,False,False,True,False,False,False,False
2023-03-13,45,178.0,0,False,3,13,28.0,40.0,26.714285714285715,26.785714285714285,9.250482612892617,False,False,True,False,False,False,False,True,False,False,False,False
2023-03-14,17,67.75,1,False,3,14,45.0,9.0,27.428571428571427,27.714285714285715,10.54920443852115,False,False,True,False,False,False,False,True,False,False,False,False
2023-03-15,31,130.0,2,False,3,15,17.0,28.0,28.571428571428573,27.642857142857142,8.443086774735548,False,False,True,False,False,False,False,True,False,False,False,False
2023-03-16,21,89.25,3,False,3,16,31.0,24.0,29.0,28.357142857142858,8.485281374238571,False,False,True,False,False,False,False,True,False,False,False,False
2023-03-17,21,89.25,4,False,3,17,21.0,30.0,28.571428571428573,27.5,8.847921466972585,False,False,True,False,False,False,False,True,False,False,False,False
2023-03-18,22,93.75,5,True,3,18,21.0,28.0,27.285714285714285,27.428571428571427,9.250482612892617,False,False,True,False,False,False,False,True,False,False,False,False
2023-03-19,17,71.0,6,True,3,19,22.0,28.0,26.428571428571427,26.714285714285715,9.449111825230682,False,False,True,False,False,False,False,True,False,False,False,False
2023-03-20,21,83.25,0,False,3,20,17.0,45.0,24.857142857142858,25.785714285714285,10.040394604273471,False,False,True,False,False,False,False,True,False,False,False,False
2023-03-21,25,105.25,1,False,3,21,21.0,17.0,21.428571428571427,24.428571428571427,4.685336802448788,False,False,True,False,False,False,False,True,False,False,False,False
2023-03-22,28,108.25,2,False,3,22,25.0,31.0,22.571428571428573,25.571428571428573,4.391550328268408,False,False,True,False,False,False,False,True,False,False,False,False
2023-03-23,27,108.0,3,False,3,23,28.0,21.0,22.142857142857142,25.571428571428573,3.4846602621858596,False,False,True,False,False,False,False,True,False,False,False,False
2023-03-24,44,186.25,4,False,3,24,27.0,21.0,23.0,25.785714285714285,3.8729833462074272,False,False,True,False,False,False,False,True,False,False,False,False
2023-03-25,41,172.25,5,True,3,25,44.0,22.0,26.285714285714285,26.785714285714285,8.673989580239034,False,False,True,False,False,False,False,True,False,False,False,False
2023-03-26,24,102.75,6,True,3,26,41.0,17.0,29.0,27.714285714285715,9.983319421247963,False,False,True,False,False,False,False,True,False,False,False,False
2023-03-27,42,169.0,0,False,3,27,24.0,21.0,30.0,27.428571428571427,8.869423130433384,False,False,True,False,False,False,False,True,False,False,False,False
2023-03-28,21,85.0,1,False,3,28,42.0,25.0,33.0,27.214285714285715,8.869423130433384,False,False,True,False,False,False,False,True,False,False,False,False
2023-03-29,24,98.75,2,False,3,29,21.0,28.0,32.42857142857143,27.5,9.571783930858851,False,False,True,False,False,False,False,True,False,False,False,False
2023-03-30,20,85.5,3,False,3,30,24.0,27.0,31.857142857142858,27.0,9.990471651004466,False,False,True,False,False,False,False,True,False,False,False,False
2023-03-31,31,131.0,4,False,3,31,20.0,44.0,30.857142857142858,26.928571428571427,10.869354035215583,False,False,True,False,False,False,False,True,False,False,False,False
2023-04-01,27,113.75,5,True,4,1,31.0,41.0,29.0,27.642857142857142,9.237604307034019,False,False,True,False,False,False,False,True,False,False,False,False
2023-04-02,25,105.0,6,True,4,2,27.0,24.0,27.0,28.0,7.571877794400375,False,False,True,False,False,False,False,True,False,False,False,False
2023-04-03,27,113.25,0,False,4,3,25.0,42.0,27.142857142857142,28.571428571428573,7.515064236331625,False,False,True,False,False,False,False,True,False,False,False,False
2023-04-04,31,125.75,1,False,4,4,27.0,21.0,25.0,29.0,3.785938897200205,False,False,True,False,False,False,False,True,False,False,False,False
2023-04-05,21,91.5,2,False,4,5,31.0,24.0,26.428571428571427,29.428571428571427,3.9096949095440228,False,False,True,False,False,False,False,True,False,False,False,False
2023-04-06,36,144.25,3,False,4,6,21.0,20.0,26.0,28.928571428571427,4.358898943540692,False,False,True,False,False,False,False,True,False,False,False,False
2023-04-07,9,39.75,4,False,4,7,36.0,31.0,28.285714285714285,29.571428571428573,4.855041562276138,False,False,True,False,False,False,False,True,False,False,False,False
2023-04-08,34,145.25,5,True,4,8,9.0,27.0,25.142857142857142,27.071428571428573,8.532849688675173,False,False,True,False,False,False,False,True,False,False,False,False
2023-04-09,31,134.0,6,True,4,9,34.0,25.0,26.142857142857142,26.571428571428573,9.17294157524495,False,False,True,False,False,False,False,True,False,False,False,False
2023-04-10,32,130.0,0,False,4,10,31.0,27.0,27.0,27.071428571428573,9.327379053088823,False,False,True,False,False,False,False,True,False,False,False,False
2023-04-11,24,97.5,1,False,4,11,32.0,31.0,27.714285714285715,26.357142857142858,9.516902257112276,False,False,True,False,False,False,False,True,False,False,False,False
2023-04-12,34,136.0,2,False,4,12,24.0,21.0,26.714285714285715,26.571428571428573,9.48181216354564,False,False,True,False,False,False,False,True,False,False,False,False
2023-04-13,28,110.5,3,False,4,13,34.0,36.0,28.571428571428573,27.285714285714285,9.44911182523069,False,False,True,False,False,False,False,True,False,False,False,False
2023-04-14,21,85.25,4,False,4,14,28.0,9.0,27.428571428571427,27.857142857142858,8.866738273967929,False,False,True,False,False,False,False,True,False,False,False,False
2023-04-15,42,186.0,5,True,4,15,21.0,34.0,29.142857142857142,27.142857142857142,5.047394424471958,False,False,True,False,False,False,False,True,False,False,False,False
2023-04-16,30,127.0,6,True,4,16,42.0,31.0,30.285714285714285,28.214285714285715,6.897204402613328,False,False,True,False,False,False,False,True,False,False,False,False
2023-04-17,26,110.25,0,False,4,17,30.0,32.0,30.142857142857142,28.571428571428573,6.890296835129136,False,False,True,False,False,False,False,True,False,False,False,False
2023-04-18,13,54.5,1,False,4,18,26.0,24.0,29.285714285714285,28.5,6.993193970194309,False,False,True,False,False,False,False,True,False,False,False,False
2023-04-19,23,94.75,2,False,4,19,13.0,34.0,27.714285714285715,27.214285714285715,9.250482612892624,False,False,True,False,False,False,False,True,False,False,False,False
2023-04-20,26,107.5,3,False,4,20,23.0,28.0,26.142857142857142,27.357142857142858,8.933617621631452,False,False,True,False,False,False,False,True,False,False,False,False
2023-04-21,31,135.5,4,False,4,21,26.0,21.0,25.857142857142858,26.642857142857142,8.896227129680163,False,False,True,False,False,False,False,True,False,False,False,False
2023-04-22,36,144.25,5,True,4,22,31.0,42.0,27.285714285714285,28.214285714285715,8.788520651286849,False,False,True,False,False,False,False,True,False,False,False,False
2023-04-23,40,165.5,6,True,4,23,36.0,30.0,26.428571428571427,28.357142857142858,7.276838664721182,False,False,True,False,False,False,False,True,False,False,False,False
2023-04-24,41,172.0,0,False,4,24,40.0,26.0,27.857142857142858,29.0,8.896227129680161,False,False,True,False,False,False,False,True,False,False,False,False
2023-04-25,42,168.75,1,False,4,25,41.0,13.0,30.0,29.642857142857142,10.099504938362085,False,False,True,False,False,False,False,True,False,False,False,False
2023-04-26,49,196.75,2,False,4,26,42.0,23.0,34.142857142857146,30.928571428571427,7.603257447273758,False,False,True,False,False,False,False,True,False,False,False,False
2023-04-27,29,122.75,3,False,4,27,49.0,26.0,37.857142857142854,32.0,7.6032574472737515,False,False,True,False,False,False,False,True,False,False,False,False
2023-04-28,21,90.25,4,False,4,28,29.0,31.0,38.285714285714285,32.07142857142857,6.872997543873791,False,False,True,False,False,False,False,True,False,False,False,False
2023-04-29,20,82.0,5,True,4,29,21.0,36.0,36.857142857142854,32.07142857142857,9.263343014782716,False,False,True,False,False,False,False,True,False,False,False,False
2023-04-30,24,96.25,6,True,4,30,20.0,40.0,34.57142857142857,30.5,11.267314717907764,False,False,True,False,False,False,False,True,False,False,False,False
2023-05-01,43,185.0,0,False,5,1,24.0,41.0,32.285714285714285,30.071428571428573,11.600492600378166,False,False,True,False,False,False,False,True,False,False,False,False
2023-05-02,41,169.75,1,False,5,2,43.0,42.0,32.57142857142857,31.285714285714285,11.872336794093274,False,False,True,False,False,False,False,True,False,False,False,False
2023-05-03,32,133.75,2,False,5,3,41.0,49.0,32.42857142857143,33.285714285714285,11.745313148332018,False,False,True,False,False,False,False,True,False,False,False,False
2023-05-04,40,167.5,3,False,5,4,32.0,29.0,30.0,33.92857142857143,9.237604307034015,False,False,True,False,False,False,False,True,False,False,False,False
2023-05-05,34,143.0,4,False,5,5,40.0,21.0,31.571428571428573,34.92857142857143,9.947481136065601,False,False,True,False,False,False,False,True,False,False,False,False
2023-05-06,59,235.25,5,True,5,6,34.0,20.0,33.42857142857143,35.142857142857146,8.791229395580249,False,False,True,False,False,False,False,True,False,False,False,False
2023-05-07,14,58.75,6,True,5,7,59.0,24.0,39.0,36.785714285714285,10.954451150103317,False,False,True,False,False,False,False,True,False,False,False,False
2023-05-08,36,153.25,0,False,5,8,14.0,43.0,37.57142857142857,34.92857142857143,13.575187449376683,False,False,True,False,False,False,False,True,False,False,False,False
2023-05-09,42,179.5,1,False,5,9,36.0,41.0,36.57142857142857,34.57142857142857,13.364843718467025,False,False,True,False,False,False,False,True,False,False,False,False
2023-05-10,46,180.0,2,False,5,10,42.0,32.0,36.714285714285715,34.57142857142857,13.425278218275224,False,False,True,False,False,False,False,True,False,False,False,False
2023-05-11,48,200.5,3,False,5,11,46.0,40.0,38.714285714285715,34.357142857142854,13.646907900256933,False,False,True,False,False,False,False,True,False,False,False,False
2023-05-12,28,109.75,4,False,5,12,48.0,34.0,39.857142857142854,35.714285714285715,14.099983113802784,False,False,True,False,False,False,False,True,False,False,False,False
2023-05-13,40,161.5,5,True,5,13,28.0,59.0,39.0,36.214285714285715,14.685593847940455,False,False,True,False,False,False,False,True,False,False,False,False
2023-05-14,33,133.75,6,True,5,14,40.0,14.0,36.285714285714285,37.642857142857146,11.856282240712238,False,False,True,False,False,False,False,True,False,False,False,False
2023-05-15,50,220.0,0,False,5,15,33.0,36.0,39.0,38.285714285714285,7.141428428542838,False,False,True,False,False,False,False,True,False,False,False,False
2023-05-16,40,164.75,1,False,5,16,50.0,42.0,41.0,38.785714285714285,8.062257748298538,False,False,True,False,False,False,False,True,False,False,False,False
2023-05-17,37,153.5,2,False,5,17,40.0,46.0,40.714285714285715,38.714285714285715,8.056349167256949,False,False,True,False,False,False,False,True,False,False,False,False
2023-05-18,38,152.25,3,False,5,18,37.0,48.0,39.42857142857143,39.07142857142857,7.785823502947357,False,False,True,False,False,False,False,True,False,False,False,False
2023-05-19,33,136.0,4,False,5,19,38.0,28.0,38.0,38.92857142857143,6.806859285554033,False,False,True,False,False,False,False,True,False,False,False,False
2023-05-20,30,123.5,5,True,5,20,33.0,40.0,38.714285714285715,38.857142857142854,5.7652489311472985,False,False,True,False,False,False,False,True,False,False,False,False
2023-05-21,38,164.75,6,True,5,21,30.0,33.0,37.285714285714285,36.785714285714285,6.575568054403746,False,False,True,False,False,False,False,True,False,False,False,False
2023-05-22,42,168.0,0,False,5,22,38.0,50.0,38.0,38.5,6.298147875897048,False,False,True,False,False,False,False,True,False,False,False,False
2023-05-23,51,206.25,1,False,5,23,42.0,40.0,36.857142857142854,38.92857142857143,4.09994192757942,False,False,True,False,False,False,False,True,False,False,False,False
2023-05-24,57,242.5,2,False,5,24,51.0,37.0,38.42857142857143,39.57142857142857,6.754187413675125,False,False,True,False,False,False,False,True,False,False,False,False
2023-05-25,42,172.0,3,False,5,25,57.0,38.0,41.285714285714285,40.357142857142854,9.655987533033333,False,False,True,False,False,False,False,True,False,False,False,False
2023-05-26,60,255.75,4,False,5,26,42.0,33.0,41.857142857142854,39.92857142857143,9.546876826630637,False,False,True,False,False,False,False,True,False,False,False,False
2023-05-27,52,212.0,5,True,5,27,60.0,30.0,45.714285714285715,42.214285714285715,10.750415274370967,False,False,True,False,False,False,False,True,False,False,False,False
2023-05-28,39,163.25,6,True,5,28,52.0,38.0,48.857142857142854,43.07142857142857,8.335237877600772,False,False,True,False,False,False,False,True,False,False,False,False
2023-05-29,27,110.0,0,False,5,29,39.0,42.0,49.0,43.5,8.124038404635968,False,False,True,False,False,False,False,True,False,False,False,False
2023-05-30,43,166.5,1,False,5,30,27.0,51.0,46.857142857142854,41.857142857142854,11.53875457503353,False,False,True,False,False,False,False,True,False,False,False,False
2023-05-31,32,132.75,2,False,5,31,43.0,57.0,45.714285714285715,42.07142857142857,11.45591965920219,False,False,True,False,False,False,False,True,False,False,False,False
2023-06-01,49,211.25,3,False,6,1,32.0,42.0,42.142857142857146,41.714285714285715,11.24616336695276,False,False,True,False,False,False,False,True,False,False,False,False
2023-06-02,48,199.25,4,False,6,2,49.0,60.0,43.142857142857146,42.5,11.53875457503352,False,False,True,False,False,False,False,True,False,False,False,False
2023-06-03,37,158.75,5,True,6,3,48.0,52.0,41.42857142857143,43.57142857142857,9.28901040400505,False,False,True,False,False,False,False,True,False,False,False,False
2023-06-04,41,171.0,6,True,6,4,37.0,39.0,39.285714285714285,44.07142857142857,8.097618697581913,False,False,True,False,False,False,False,True,False,False,False,False
2023-06-05,33,139.25,0,False,6,5,41.0,27.0,39.57142857142857,44.285714285714285,8.121107126025404,False,False,True,False,False,False,False,True,False,False,False,False
2023-06-06,46,185.25,1,False,6,6,33.0,43.0,40.42857142857143,43.642857142857146,6.778818551368715,False,False,True,False,False,False,False,True,False,False,False,False
2023-06-07,14,56.75,2,False,6,7,46.0,32.0,40.857142857142854,43.285714285714285,7.057586259446181,False,False,True,False,False,False,False,True,False,False,False,False
2023-06-08,38,162.5,3,False,6,8,14.0,49.0,38.285714285714285,40.214285714285715,12.216304483684691,False,False,True,False,False,False,False,True,False,False,False,False
2023-06-09,55,232.5,4,False,6,9,38.0,48.0,36.714285714285715,39.92857142857143,11.279986491042202,False,False,True,False,False,False,False,True,False,False,False,False
2023-06-10,39,155.5,5,True,6,10,55.0,37.0,37.714285714285715,39.57142857142857,12.671678206592368,False,False,True,False,False,False,False,True,False,False,False,False
2023-06-11,43,170.25,6,True,6,11,39.0,41.0,38.0,38.642857142857146,12.675435561221006,False,False,True,False,False,False,False,True,False,False,False,False
2023-06-12,46,184.25,0,False,6,12,43.0,33.0,38.285714285714285,38.92857142857143,12.776466461353651,False,False,True,False,False,False,False,True,False,False,False,False
2023-06-13,52,210.75,1,False,6,13,46.0,46.0,40.142857142857146,40.285714285714285,12.824827112916186,False,False,True,False,False,False,False,True,False,False,False,False
2023-06-14,36,144.0,2,False,6,14,52.0,14.0,41.0,40.92857142857143,13.466006584482761,False,False,True,False,False,False,False,True,False,False,False,False
2023-06-15,52,222.75,3,False,6,15,36.0,38.0,44.142857142857146,41.214285714285715,7.244045173533261,False,False,True,False,False,False,False,True,False,False,False,False
2023-06-16,43,175.0,4,False,6,16,52.0,55.0,46.142857142857146,41.42857142857143,7.197883286739516,False,False,True,False,False,False,False,True,False,False,False,False
2023-06-17,31,131.0,5,True,6,17,43.0,39.0,44.42857142857143,41.07142857142857,6.078847008469702,False,False,True,False,False,False,False,True,False,False,False,False
2023-06-18,35,144.0,6,True,6,18,31.0,43.0,43.285714285714285,40.642857142857146,7.782764841072134,False,False,True,False,False,False,False,True,False,False,False,False
2023-06-19,44,182.25,0,False,6,19,35.0,46.0,42.142857142857146,40.214285714285715,8.395009855633901,False,False,True,False,False,False,False,True,False,False,False,False
2023-06-20,35,144.75,1,False,6,20,44.0,52.0,41.857142857142854,41.0,8.2750341676751,False,False,True,False,False,False,False,True,False,False,False,False
2023-06-21,39,167.0,2,False,6,21,35.0,36.0,39.42857142857143,40.214285714285715,7.230886134196411,False,False,True,False,False,False,False,True,False,False,False,False
2023-06-22,47,187.5,3,False,6,22,39.0,52.0,39.857142857142854,42.0,7.081162132224965,False,False,True,False,False,False,False,True,False,False,False,False
2023-06-23,44,186.75,4,False,6,23,47.0,43.0,39.142857142857146,42.642857142857146,5.785861256216751,False,False,True,False,False,False,False,True,False,False,False,False
2023-06-24,55,233.75,5,True,6,24,44.0,31.0,39.285714285714285,41.857142857142854,5.9080252119267,False,False,True,False,False,False,False,True,False,False,False,False
2023-06-25,48,199.25,6,True,6,25,55.0,35.0,42.714285714285715,43.0,7.134757312254,False,False,True,False,False,False,False,True,False,False,False,False
2023-06-26,58,239.0,0,False,6,26,48.0,44.0,44.57142857142857,43.357142857142854,6.451282633635567,False,False,True,False,False,False,False,True,False,False,False,False
2023-06-27,49,198.0,1,False,6,27,58.0,35.0,46.57142857142857,44.214285714285715,8.18244345855084,False,False,True,False,False,False,False,True,False,False,False,False
2023-06-28,36,150.5,2,False,6,28,49.0,39.0,48.57142857142857,44.0,6.3994047342219,False,False,True,False,False,False,False,True,False,False,False,False
2023-06-29,30,124.5,3,False,6,29,36.0,47.0,48.142857142857146,44.0,7.197883286739544,False,False,True,False,False,False,False,True,False,False,False,False
2023-06-30,44,184.0,4,False,6,30,30.0,44.0,45.714285714285715,42.42857142857143,9.978548420057344,False,False,True,False,False,False,False,True,False,False,False,False
2023-01-15,28,22.400000000000002,6,True,1,15,29.0,36.0,26.0,14.5,11.67618659209133,False,False,True,False,False,False,False,False,True,False,False,False
2023-01-16,28,22.400000000000002,0,False,1,16,28.0,3.0,24.857142857142858,16.5,10.899978156378287,False,False,True,False,False,False,False,False,True,False,False,False
2023-01-17,30,24.0,1,False,1,17,28.0,24.0,28.428571428571427,18.5,5.094347941825424,False,False,True,False,False,False,False,False,True,False,False,False
2023-01-18,33,26.400000000000002,2,False,1,18,30.0,30.0,29.285714285714285,20.642857142857142,4.715728494951255,False,False,True,False,False,False,False,False,True,False,False,False
2023-01-19,36,28.8,3,False,1,19,33.0,38.0,29.714285714285715,23.0,4.923220007078216,False,False,True,False,False,False,False,False,True,False,False,False
2023-01-20,26,20.8,4,False,1,20,36.0,22.0,29.428571428571427,25.571428571428573,4.391550328268398,False,False,True,False,False,False,False,False,True,False,False,False
2023-01-21,26,20.8,5,True,1,21,26.0,29.0,30.0,27.428571428571427,3.415650255319866,False,False,True,False,False,False,False,False,True,False,False,False
2023-01-22,30,24.0,6,True,1,22,26.0,28.0,29.571428571428573,27.785714285714285,3.7352886036263584,False,False,True,False,False,False,False,False,True,False,False,False
2023-01-23,20,16.0,0,False,1,23,30.0,28.0,29.857142857142858,27.357142857142858,3.6709931185158156,False,False,True,False,False,False,False,False,True,False,False,False
2023-01-24,27,21.6,1,False,1,24,20.0,30.0,28.714285714285715,28.571428571428573,5.2508502712826015,False,False,True,False,False,False,False,False,True,False,False,False
2023-01-25,17,13.600000000000001,2,False,1,25,27.0,33.0,28.285714285714285,28.785714285714285,5.2508502712826015,False,False,True,False,False,False,False,False,True,False,False,False
2023-01-26,22,17.6,3,False,1,26,17.0,36.0,26.0,27.857142857142858,6.244997998398397,False,False,True,False,False,False,False,False,True,False,False,False
2023-01-27,18,14.4,4,False,1,27,22.0,26.0,24.0,26.714285714285715,4.509249752822893,False,False,True,False,False,False,False,False,True,False,False,False
2023-01-28,0,0.0,5,True,1,28,18.0,26.0,22.857142857142858,26.428571428571427,4.913538149119954,False,False,True,False,False,False,False,False,True,False,False,False
2023-01-29,0,0.0,6,True,1,29,0.0,30.0,19.142857142857142,24.357142857142858,9.668308563352252,False,False,True,False,False,False,False,False,True,False,False,False
2023-01-30,18,14.4,0,False,1,30,0.0,20.0,14.857142857142858,22.357142857142858,10.652520381402258,False,False,True,False,False,False,False,False,True,False,False,False
2023-01-31,7,5.6000000000000005,1,False,1,31,18.0,27.0,14.571428571428571,21.642857142857142,10.517559014288803,False,False,True,False,False,False,False,False,True,False,False,False
2023-02-01,0,0.0,2,False,2,1,7.0,17.0,11.714285714285714,20.0,9.214377998799591,False,False,True,False,False,False,False,False,True,False,False,False
2023-02-02,0,0.0,3,False,2,2,0.0,22.0,9.285714285714286,17.642857142857142,9.810101693565429,False,False,True,False,False,False,False,False,True,False,False,False
2023-02-03,0,0.0,4,False,2,3,0.0,18.0,6.142857142857143,15.071428571428571,8.493695140682718,False,False,True,False,False,False,False,False,True,False,False,False
2023-02-04,0,0.0,5,True,2,4,0.0,0.0,3.5714285714285716,13.214285714285714,6.87646088374786,False,False,True,False,False,False,False,False,True,False,False,False
2023-02-05,0,0.0,6,True,2,5,0.0,0.0,3.5714285714285716,11.357142857142858,6.87646088374786,False,False,True,False,False,False,False,False,True,False,False,False
2023-02-06,0,0.0,0,False,2,6,0.0,18.0,3.5714285714285716,9.214285714285714,6.87646088374786,False,False,True,False,False,False,False,False,True,False,False,False
2023-02-07,17,13.600000000000001,1,False,2,7,0.0,7.0,1.0,7.785714285714286,2.6457513110646143,False,False,True,False,False,False,False,False,True,False,False,False
2023-02-08,33,26.400000000000002,2,False,2,8,17.0,0.0,2.4285714285714284,7.071428571428571,6.425396041156863,False,False,True,False,False,False,False,False,True,False,False,False
2023-02-09,0,0.0,3,False,2,9,33.0,0.0,7.142857142857143,8.214285714285714,13.043881981329681,False,False,True,False,False,False,False,False,True,False,False,False
2023-02-10,27,21.6,4,False,2,10,0.0,0.0,7.142857142857143,6.642857142857143,13.043881981329681,False,False,True,False,False,False,False,False,True,False,False,False
2023-02-11,26,20.8,5,True,2,11,27.0,0.0,11.0,7.285714285714286,14.491376746189438,False,False,True,False,False,False,False,False,True,False,False,False
2023-02-12,35,28.000000000000004,6,True,2,12,26.0,0.0,14.714285714285714,9.142857142857142,14.534032311719113,False,False,True,False,False,False,False,False,True,False,False,False
2023-02-13,27,21.6,0,False,2,13,35.0,0.0,19.714285714285715,11.642857142857142,14.6482568441241,False,False,True,False,False,False,False,False,True,False,False,False
2023-02-14,30,24.0,1,False,2,14,27.0,17.0,23.571428571428573,12.285714285714286,11.886366740333829,False,False,True,False,False,False,False,False,True,False,False,False
2023-02-15,24,19.200000000000003,2,False,2,15,30.0,33.0,25.428571428571427,13.928571428571429,11.702665549026895,False,False,True,False,False,False,False,False,True,False,False,False
2023-02-16,15,12.0,3,False,2,16,24.0,0.0,24.142857142857142,15.642857142857142,11.216484467493538,False,False,True,False,False,False,False,False,True,False,False,False
2023-02-17,20,16.0,4,False,2,17,15.0,27.0,26.285714285714285,16.714285714285715,6.102302453836194,False,False,True,False,False,False,False,False,True,False,False,False
2023-02-18,34,27.200000000000003,5,True,2,18,20.0,26.0,25.285714285714285,18.142857142857142,6.524678426668134,False,False,True,False,False,False,False,False,True,False,False,False
2023-02-19,33,26.400000000000002,6,True,2,19,34.0,35.0,26.428571428571427,20.571428571428573,7.322502824789323,False,False,True,False,False,False,False,False,True,False,False,False
2023-02-20,24,19.200000000000003,0,False,2,20,33.0,27.0,26.142857142857142,22.928571428571427,6.962484504556579,False,False,True,False,False,False,False,False,True,False,False,False
2023-02-21,14,11.200000000000001,1,False,2,21,24.0,30.0,25.714285714285715,24.642857142857142,6.993193970194299,False,False,True,False,False,False,False,False,True,False,False,False
2023-02-22,22,17.6,2,False,2,22,14.0,24.0,23.428571428571427,24.428571428571427,7.913219801006895,False,False,True,False,False,False,False,False,True,False,False,False
2023-02-23,26,20.8,3,False,2,23,22.0,15.0,23.142857142857142,23.642857142857142,7.925245977856068,False,False,True,False,False,False,False,False,True,False,False,False
2023-02-24,26,20.8,4,False,2,24,26.0,20.0,24.714285714285715,25.5,7.087883692477976,False,False,True,False,False,False,False,False,True,False,False,False
2023-02-25,19,15.200000000000001,5,True,2,25,26.0,34.0,25.571428571428573,25.428571428571427,6.778818551368737,False,False,True,False,False,False,False,False,True,False,False,False
2023-02-26,26,20.8,6,True,2,26,19.0,33.0,23.428571428571427,24.928571428571427,5.99603043290984,False,False,True,False,False,False,False,False,True,False,False,False
2023-02-27,29,23.200000000000003,0,False,2,27,26.0,24.0,22.428571428571427,24.285714285714285,4.540820148282425,False,False,True,False,False,False,False,False,True,False,False,False
2023-02-28,0,0.0,1,False,2,28,29.0,14.0,23.142857142857142,24.428571428571427,5.17779140266618,False,False,True,False,False,False,False,False,True,False,False,False
2023-03-01,0,0.0,2,False,3,1,0.0,22.0,21.142857142857142,22.285714285714285,9.873003113348565,False,False,True,False,False,False,False,False,True,False,False,False
2023-03-02,0,0.0,3,False,3,2,0.0,26.0,18.0,20.571428571428573,12.662279942148386,False,False,True,False,False,False,False,False,True,False,False,False
2023-03-03,0,0.0,4,False,3,3,0.0,26.0,14.285714285714286,19.5,13.695671891930989,False,False,True,False,False,False,False,False,True,False,False,False
2023-03-04,0,0.0,5,True,3,4,0.0,19.0,10.571428571428571,18.071428571428573,13.513661517851022,False,False,True,False,False,False,False,False,True,False,False,False
2023-03-05,0,0.0,6,True,3,5,0.0,26.0,7.857142857142857,15.642857142857142,13.446543191821599,False,False,True,False,False,False,False,False,True,False,False,False
2023-03-06,0,0.0,0,False,3,6,0.0,29.0,4.142857142857143,13.285714285714286,10.960969717267588,False,False,True,False,False,False,False,False,True,False,False,False
2023-03-07,22,17.6,1,False,3,7,0.0,0.0,0.0,11.571428571428571,0.0,False,False,True,False,False,False,False,False,True,False,False,False
2023-03-08,45,36.0,2,False,3,8,22.0,0.0,3.142857142857143,12.142857142857142,8.315218406203,False,False,True,False,False,False,False,False,True,False,False,False
2023-03-09,5,4.0,3,False,3,9,45.0,0.0,9.571428571428571,13.785714285714286,17.643290914274306,False,False,True,False,False,False,False,False,True,False,False,False
2023-03-10,34,27.200000000000003,4,False,3,10,5.0,0.0,10.285714285714286,12.285714285714286,17.28886236583431,False,False,True,False,False,False,False,False,True,False,False,False
2023-03-11,49,39.2,5,True,3,11,34.0,0.0,15.142857142857142,12.857142857142858,18.640713250200232,False,False,True,False,False,False,False,False,True,False,False,False
2023-03-12,45,36.0,6,True,3,12,49.0,0.0,22.142857142857142,15.0,21.050958580142076,False,False,True,False,False,False,False,False,True,False,False,False
2023-03-13,40,32.0,0,False,3,13,45.0,0.0,28.571428571428573,16.357142857142858,20.007141582087996,False,False,True,False,False,False,False,False,True,False,False,False
2023-03-14,31,24.8,1,False,3,14,40.0,22.0,34.285714285714285,17.142857142857142,15.744991645115668,False,False,True,False,False,False,False,False,True,False,False,False
2023-03-15,19,15.200000000000001,2,False,3,15,31.0,45.0,35.57142857142857,19.357142857142858,14.920423841803151,False,False,True,False,False,False,False,False,True,False,False,False
2023-03-16,18,14.4,3,False,3,16,19.0,5.0,31.857142857142858,20.714285714285715,15.410262505103239,False,False,True,False,False,False,False,False,True,False,False,False
2023-03-17,20,16.0,4,False,3,17,18.0,34.0,33.714285714285715,22.0,12.051476890327406,False,False,True,False,False,False,False,False,True,False,False,False
2023-03-18,38,30.400000000000002,5,True,3,18,20.0,49.0,31.714285714285715,23.428571428571427,13.11124562750474,False,False,True,False,False,False,False,False,True,False,False,False
2023-03-19,28,22.400000000000002,6,True,3,19,38.0,45.0,30.142857142857142,26.142857142857142,11.216484467493553,False,False,True,False,False,False,False,False,True,False,False,False
2023-03-20,27,21.6,0,False,3,20,28.0,40.0,27.714285714285715,28.142857142857142,9.1052052093713,False,False,True,False,False,False,False,False,True,False,False,False
2023-03-21,26,20.8,1,False,3,21,27.0,31.0,25.857142857142858,30.071428571428573,7.335497516155547,False,False,True,False,False,False,False,False,True,False,False,False
2023-03-22,24,19.200000000000003,2,False,3,22,26.0,19.0,25.142857142857142,30.357142857142858,6.986381310057747,False,False,True,False,False,False,False,False,True,False,False,False
2023-03-23,40,32.0,3,False,3,23,24.0,18.0,25.857142857142858,28.857142857142858,6.4917530100010366,False,False,True,False,False,False,False,False,True,False,False,False
2023-03-24,32,25.6,4,False,3,24,40.0,20.0,29.0,31.357142857142858,7.325753658611992,False,False,True,False,False,False,False,False,True,False,False,False
2023-03-25,26,20.8,5,True,3,25,32.0,38.0,30.714285714285715,31.214285714285715,6.183695920571736,False,False,True,False,False,False,False,False,True,False,False,False
2023-03-26,21,16.8,6,True,3,26,26.0,28.0,29.0,29.571428571428573,5.44671154612276,False,False,True,False,False,False,False,False,True,False,False,False
2023-03-27,14,11.200000000000001,0,False,3,27,21.0,27.0,28.0,27.857142857142858,6.244997998398426,False,False,True,False,False,False,False,False,True,False,False,False
2023-03-28,0,0.0,1,False,3,28,14.0,26.0,26.142857142857142,26.0,8.214389233302184,False,False,True,False,False,False,False,False,True,False,False,False
2023-03-29,0,0.0,2,False,3,29,0.0,24.0,22.428571428571427,23.785714285714285,12.856349181852316,False,False,True,False,False,False,False,False,True,False,False,False
2023-03-30,20,16.0,3,False,3,30,0.0,40.0,19.0,22.428571428571427,15.329709716755907,False,False,True,False,False,False,False,False,True,False,False,False
2023-03-31,17,13.600000000000001,4,False,3,31,20.0,32.0,16.142857142857142,22.571428571428573,12.33462026747713,False,False,True,False,False,False,False,False,True,False,False,False
2023-04-01,0,0.0,5,True,4,1,17.0,26.0,14.0,22.357142857142858,10.246950765959623,False,False,True,False,False,False,False,False,True,False,False,False
2023-04-02,0,0.0,6,True,4,2,0.0,21.0,10.285714285714286,19.642857142857142,9.877825093178613,False,False,True,False,False,False,False,False,True,False,False,False
2023-04-03,0,0.0,0,False,4,3,0.0,14.0,7.285714285714286,17.642857142857142,9.250482612892643,False,False,True,False,False,False,False,False,True,False,False,False
2023-04-04,0,0.0,1,False,4,4,0.0,0.0,5.285714285714286,15.714285714285714,9.068522219088168,False,False,True,False,False,False,False,False,True,False,False,False
2023-04-05,0,0.0,2,False,4,5,0.0,0.0,5.285714285714286,13.857142857142858,9.068522219088168,False,False,True,False,False,False,False,False,True,False,False,False
2023-04-06,0,0.0,3,False,4,6,0.0,20.0,5.285714285714286,12.142857142857142,9.068522219088168,False,False,True,False,False,False,False,False,True,False,False,False
2023-04-07,24,19.200000000000003,4,False,4,7,0.0,17.0,2.4285714285714284,9.285714285714286,6.425396041156906,False,False,True,False,False,False,False,False,True,False,False,False
2023-04-08,45,36.0,5,True,4,8,24.0,0.0,3.4285714285714284,8.714285714285714,9.071147352221454,False,False,True,False,False,False,False,False,True,False,False,False
2023-04-09,6,4.800000000000001,6,True,4,9,45.0,0.0,9.857142857142858,10.071428571428571,17.892536352984088,False,False,True,False,False,False,False,False,True,False,False,False
2023-04-10,31,24.8,0,False,4,10,6.0,0.0,10.714285714285714,9.0,17.48060149341059,False,False,True,False,False,False,False,False,True,False,False,False
2023-04-11,46,36.800000000000004,1,False,4,11,31.0,0.0,15.142857142857142,10.214285714285714,18.224786888818677,False,False,True,False,False,False,False,False,True,False,False,False
2023-04-12,59,47.2,2,False,4,12,46.0,0.0,21.714285714285715,13.5,20.05587433242678,False,False,True,False,False,False,False,False,True,False,False,False
2023-04-13,32,25.6,3,False,4,13,59.0,0.0,30.142857142857142,17.714285714285715,21.736517441305782,False,False,True,False,False,False,False,False,True,False,False,False
2023-04-14,34,27.200000000000003,4,False,4,14,32.0,24.0,34.714285714285715,18.571428571428573,17.2405943992107,False,False,True,False,False,False,False,False,True,False,False,False
2023-04-15,45,36.0,5,True,4,15,34.0,45.0,36.142857142857146,19.785714285714285,16.607514076752242,False,False,True,False,False,False,False,False,True,False,False,False
2023-04-16,33,26.400000000000002,6,True,4,16,45.0,6.0,36.142857142857146,23.0,16.607514076752242,False,False,True,False,False,False,False,False,True,False,False,False
2023-04-17,45,36.0,0,False,4,17,33.0,31.0,40.0,25.357142857142858,10.424330514074594,False,False,True,False,False,False,False,False,True,False,False,False
2023-04-18,37,29.6,1,False,4,18,45.0,46.0,42.0,28.571428571428573,9.72967967955095,False,False,True,False,False,False,False,False,True,False,False,False
2023-04-19,40,32.0,2,False,4,19,37.0,59.0,40.714285714285715,31.214285714285715,9.707630773679812,False,False,True,False,False,False,False,False,True,False,False,False
2023-04-20,37,29.6,3,False,4,20,40.0,32.0,38.0,34.07142857142857,5.47722557505167,False,False,True,False,False,False,False,False,True,False,False,False
2023-04-21,26,20.8,4,False,4,21,37.0,34.0,38.714285714285715,36.714285714285715,4.855041562276131,False,False,True,False,False,False,False,False,True,False,False,False
2023-04-22,37,29.6,5,True,4,22,26.0,45.0,37.57142857142857,36.857142857142854,6.729466121893652,False,False,True,False,False,False,False,False,True,False,False,False
2023-04-23,39,31.200000000000003,6,True,4,23,37.0,33.0,36.42857142857143,36.285714285714285,5.883795341363237,False,False,True,False,False,False,False,False,True,False,False,False
2023-04-24,46,36.800000000000004,0,False,4,24,39.0,45.0,37.285714285714285,38.642857142857146,5.73626724488687,False,False,True,False,False,False,False,False,True,False,False,False
2023-04-25,38,30.400000000000002,1,False,4,25,46.0,37.0,37.42857142857143,39.714285714285715,5.968169536721264,False,False,True,False,False,False,False,False,True,False,False,False
2023-04-26,42,33.6,2,False,4,26,38.0,40.0,37.57142857142857,39.142857142857146,5.968169536721264,False,False,True,False,False,False,False,False,True,False,False,False
2023-04-27,38,30.400000000000002,3,False,4,27,42.0,37.0,37.857142857142854,37.92857142857143,6.148944934663499,False,False,True,False,False,False,False,False,True,False,False,False
2023-04-28,0,0.0,4,False,4,28,38.0,26.0,38.0,38.357142857142854,6.1373175465073295,False,False,True,False,False,False,False,False,True,False,False,False
2023-04-29,0,0.0,5,True,4,29,0.0,37.0,34.285714285714285,35.92857142857143,15.434963402551215,False,False,True,False,False,False,False,False,True,False,False,False
2023-04-30,28,22.400000000000002,6,True,4,30,0.0,39.0,29.0,32.714285714285715,20.008331597945233,False,False,True,False,False,False,False,False,True,False,False,False
2023-05-01,0,0.0,0,False,5,1,28.0,46.0,27.428571428571427,32.357142857142854,19.51800145897067,False,False,True,False,False,False,False,False,True,False,False,False
2023-05-02,0,0.0,1,False,5,2,0.0,38.0,20.857142857142858,29.142857142857142,19.961868411453647,False,False,True,False,False,False,False,False,True,False,False,False
2023-05-03,0,0.0,2,False,5,3,0.0,42.0,15.428571428571429,26.5,19.68804326536917,False,False,True,False,False,False,False,False,True,False,False,False
2023-05-04,0,0.0,3,False,5,4,0.0,38.0,9.428571428571429,23.642857142857142,16.359066220877295,False,False,True,False,False,False,False,False,True,False,False,False
2023-05-05,0,0.0,4,False,5,5,0.0,0.0,4.0,21.0,10.583005244258414,False,False,True,False,False,False,False,False,True,False,False,False
2023-05-06,0,0.0,5,True,5,6,0.0,0.0,4.0,19.142857142857142,10.583005244258414,False,False,True,False,False,False,False,False,True,False,False,False
2023-05-07,32,25.6,6,True,5,7,0.0,28.0,4.0,16.5,10.583005244258414,False,False,True,False,False,False,False,False,True,False,False,False
2023-05-08,74,59.2,0,False,5,8,32.0,0.0,4.571428571428571,16.0,12.094863136295272,False,False,True,False,False,False,False,False,True,False,False,False
2023-05-09,5,4.0,1,False,5,9,74.0,0.0,15.142857142857142,18.0,28.562379519387452,False,False,True,False,False,False,False,False,True,False,False,False
2023-05-10,39,31.200000000000003,2,False,5,10,5.0,0.0,15.857142857142858,15.642857142857142,28.18054039834682,False,False,True,False,False,False,False,False,True,False,False,False
2023-05-11,55,44.00000000000001,3,False,5,11,39.0,0.0,21.428571428571427,15.428571428571429,28.37755652422728,False,False,True,False,False,False,False,False,True,False,False,False
2023-05-12,69,55.2,4,False,5,12,55.0,0.0,29.285714285714285,16.642857142857142,29.06151111988894,False,False,True,False,False,False,False,False,True,False,False,False
2023-05-13,60,48.0,5,True,5,13,69.0,0.0,39.142857142857146,21.571428571428573,29.174352728772874,False,False,True,False,False,False,False,False,True,False,False,False
2023-05-14,51,40.800000000000004,6,True,5,14,60.0,32.0,47.714285714285715,25.857142857142858,24.136516496201946,False,False,True,False,False,False,False,False,True,False,False,False
2023-05-15,42,33.6,0,False,5,15,51.0,74.0,50.42857142857143,27.5,23.12183054213156,False,False,True,False,False,False,False,False,True,False,False,False
2023-05-16,36,28.8,1,False,5,16,42.0,5.0,45.857142857142854,30.5,20.72380733543406,False,False,True,False,False,False,False,False,True,False,False,False
2023-05-17,52,41.6,2,False,5,17,36.0,39.0,50.285714285714285,33.07142857142857,12.023785950000468,False,False,True,False,False,False,False,False,True,False,False,False
2023-05-18,52,41.6,3,False,5,18,52.0,55.0,52.142857142857146,36.785714285714285,10.94575368850971,False,False,True,False,False,False,False,False,True,False,False,False
2023-05-19,52,41.6,4,False,5,19,52.0,69.0,51.714285714285715,40.5,10.873734190152678,False,False,True,False,False,False,False,False,True,False,False,False
2023-05-20,57,45.6,5,True,5,20,52.0,60.0,49.285714285714285,44.214285714285715,7.846746368491126,False,False,True,False,False,False,False,False,True,False,False,False
2023-05-21,40,32.0,6,True,5,21,57.0,51.0,48.857142857142854,48.285714285714285,7.2210011177715,False,False,True,False,False,False,False,False,True,False,False,False
2023-05-22,56,44.800000000000004,0,False,5,22,40.0,42.0,47.285714285714285,48.857142857142854,7.846746368491126,False,False,True,False,False,False,False,False,True,False,False,False
2023-05-23,53,42.400000000000006,1,False,5,23,56.0,36.0,49.285714285714285,47.57142857142857,8.056349167256966,False,False,True,False,False,False,False,False,True,False,False,False
2023-05-24,50,40.0,2,False,5,24,53.0,52.0,51.714285714285715,51.0,5.5592051504475,False,False,True,False,False,False,False,False,True,False,False,False
2023-05-25,32,25.6,3,False,5,25,50.0,52.0,51.42857142857143,51.785714285714285,5.593363414414836,False,False,True,False,False,False,False,False,True,False,False,False
2023-05-26,44,35.2,4,False,5,26,32.0,52.0,48.57142857142857,50.142857142857146,9.198861213163712,False,False,True,False,False,False,False,False,True,False,False,False
2023-05-27,43,34.4,5,True,5,27,44.0,57.0,47.42857142857143,48.357142857142854,9.198861213163712,False,False,True,False,False,False,False,False,True,False,False,False
2023-05-28,0,0.0,6,True,5,28,43.0,40.0,45.42857142857143,47.142857142857146,8.243323416704039,False,False,True,False,False,False,False,False,True,False,False,False
2023-05-29,0,0.0,0,False,5,29,0.0,56.0,39.714285714285715,43.5,19.206893603723692,False,False,True,False,False,False,False,False,True,False,False,False
2023-05-30,37,29.6,1,False,5,30,0.0,53.0,31.714285714285715,40.5,22.64740077591162,False,False,True,False,False,False,False,False,True,False,False,False
2023-05-31,33,26.400000000000002,2,False,5,31,37.0,50.0,29.428571428571427,40.57142857142857,20.87947271729776,False,False,True,False,False,False,False,False,True,False,False,False
2023-06-01,0,0.0,3,False,6,1,33.0,32.0,27.0,39.214285714285715,18.9912260443255,False,False,True,False,False,False,False,False,True,False,False,False
2023-06-02,0,0.0,4,False,6,2,0.0,44.0,22.428571428571427,35.5,21.29833438602766,False,False,True,False,False,False,False,False,True,False,False,False
2023-06-03,0,0.0,5,True,6,3,0.0,43.0,16.142857142857142,31.785714285714285,20.342308713848695,False,False,True,False,False,False,False,False,True,False,False,False
2023-06-04,0,0.0,6,True,6,4,0.0,0.0,10.0,27.714285714285715,17.11724276862371,False,False,True,False,False,False,False,False,True,False,False,False
2023-06-05,0,0.0,0,False,6,5,0.0,0.0,10.0,24.857142857142858,17.11724276862371,False,False,True,False,False,False,False,False,True,False,False,False
2023-06-06,0,0.0,1,False,6,6,0.0,37.0,10.0,20.857142857142858,17.11724276862371,False,False,True,False,False,False,False,False,True,False,False,False
2023-06-07,35,28.0,2,False,6,7,0.0,33.0,4.714285714285714,17.071428571428573,12.472827609304534,False,False,True,False,False,False,False,False,True,False,False,False
2023-06-08,50,40.0,3,False,6,8,35.0,0.0,5.0,16.0,13.228756555322953,False,False,True,False,False,False,False,False,True,False,False,False
2023-06-09,8,6.4,4,False,6,9,50.0,0.0,12.142857142857142,17.285714285714285,21.18512506003974,False,False,True,False,False,False,False,False,True,False,False,False
2023-06-10,43,34.4,5,True,6,10,8.0,0.0,13.285714285714286,14.714285714285714,20.629382651243557,False,False,True,False,False,False,False,False,True,False,False,False
2023-06-11,56,44.800000000000004,6,True,6,11,43.0,0.0,19.428571428571427,14.714285714285714,22.344702152539742,False,False,True,False,False,False,False,False,True,False,False,False
2023-06-12,76,60.800000000000004,0,False,6,12,56.0,0.0,27.428571428571427,18.714285714285715,24.17889674114697,False,False,True,False,False,False,False,False,True,False,False,False
2023-06-13,72,57.6,1,False,6,13,76.0,0.0,38.285714285714285,24.142857142857142,26.737703003525976,False,False,True,False,False,False,False,False,True,False,False,False
2023-06-14,58,46.400000000000006,2,False,6,14,72.0,35.0,48.57142857142857,26.642857142857142,23.16503933989856,False,False,True,False,False,False,False,False,True,False,False,False
2023-06-15,40,32.0,3,False,6,15,58.0,50.0,51.857142857142854,28.428571428571427,22.542024246789758,False,False,True,False,False,False,False,False,True,False,False,False
2023-06-16,45,36.0,4,False,6,16,40.0,8.0,50.42857142857143,31.285714285714285,22.991716934997434,False,False,True,False,False,False,False,False,True,False,False,False
2023-06-17,61,48.800000000000004,5,True,6,17,45.0,43.0,55.714285714285715,34.5,14.174087692150144,False,False,True,False,False,False,False,False,True,False,False,False
2023-06-18,65,52.0,6,True,6,18,61.0,56.0,58.285714285714285,38.857142857142854,13.073054803861346,False,False,True,False,False,False,False,False,True,False,False,False
2023-06-19,53,42.400000000000006,0,False,6,19,65.0,76.0,59.57142857142857,43.5,13.252133700617721,False,False,True,False,False,False,False,False,True,False,False,False
2023-06-20,61,48.800000000000004,1,False,6,20,53.0,72.0,56.285714285714285,47.285714285714285,11.19098276462329,False,False,True,False,False,False,False,False,True,False,False,False
2023-06-21,46,36.800000000000004,2,False,6,21,61.0,58.0,54.714285714285715,51.642857142857146,9.214377998799604,False,False,True,False,False,False,False,False,True,False,False,False
2023-06-22,54,43.2,3,False,6,22,46.0,40.0,53.0,52.42857142857143,9.609023536933066,False,False,True,False,False,False,False,False,True,False,False,False
2023-06-23,57,45.6,4,False,6,23,54.0,45.0,55.0,52.714285714285715,7.724420150837663,False,False,True,False,False,False,False,False,True,False,False,False
2023-06-24,47,37.6,5,True,6,24,57.0,61.0,56.714285714285715,56.214285714285715,6.343350474165486,False,False,True,False,False,False,False,False,True,False,False,False
2023-06-25,44,35.2,6,True,6,25,47.0,65.0,54.714285714285715,56.5,6.945365018348244,False,False,True,False,False,False,False,False,True,False,False,False
2023-06-26,53,42.400000000000006,0,False,6,26,44.0,53.0,51.714285714285715,55.642857142857146,6.264031867583011,False,False,True,False,False,False,False,False,True,False,False,False
2023-06-27,47,37.6,1,False,6,27,53.0,61.0,51.714285714285715,54.0,6.264031867583011,False,False,True,False,False,False,False,False,True,False,False,False
2023-06-28,0,0.0,2,False,6,28,47.0,46.0,49.714285714285715,52.214285714285715,4.889249625940792,False,False,True,False,False,False,False,False,True,False,False,False
2023-06-29,0,0.0,3,False,6,29,0.0,54.0,43.142857142857146,48.07142857142857,19.574035280004413,False,False,True,False,False,False,False,False,True,False,False,False
2023-06-30,49,39.2,4,False,6,30,0.0,57.0,35.42857142857143,45.214285714285715,24.58222354234284,False,False,True,False,False,False,False,False,True,False,False,False
2023-01-15,2,19.9,6,True,1,15,1.0,1.0,2.142857142857143,1.1428571428571428,1.2149857925879117,False,False,True,False,False,False,False,False,False,True,False,False
2023-01-16,1,8.95,0,False,1,16,2.0,4.0,2.2857142857142856,1.2857142857142858,1.1126972805283737,False,False,True,False,False,False,False,False,False,True,False,False
2023-01-17,2,19.9,1,False,1,17,1.0,2.0,1.8571428571428572,1.3571428571428572,0.8997354108424372,False,False,True,False,False,False,False,False,False,True,False,False
2023-01-18,2,17.9,2,False,1,18,2.0,3.0,1.8571428571428572,1.5,0.8997354108424372,False,False,True,False,False,False,False,False,False,True,False,False
2023-01-19,0,0.0,3,False,1,19,2.0,1.0,1.7142857142857142,1.6428571428571428,0.7559289460184544,False,False,True,False,False,False,False,False,False,True,False,False
2023-01-20,1,8.95,4,False,1,20,0.0,3.0,1.5714285714285714,1.6428571428571428,0.9759000729485331,False,False,True,False,False,False,False,False,False,True,False,False
2023-01-21,4,36.4,5,True,1,21,1.0,1.0,1.2857142857142858,1.7142857142857142,0.7559289460184544,False,False,True,False,False,False,False,False,False,True,False,False
2023-01-22,1,9.25,6,True,1,22,4.0,2.0,1.7142857142857142,1.9285714285714286,1.2535663410560174,False,False,True,False,False,False,False,False,False,True,False,False
2023-01-23,1,8.95,0,False,1,23,1.0,1.0,1.5714285714285714,1.9285714285714286,1.2724180205607036,False,False,True,False,False,False,False,False,False,True,False,False
2023-01-24,3,26.849999999999998,1,False,1,24,1.0,2.0,1.5714285714285714,1.7142857142857142,1.2724180205607036,False,False,True,False,False,False,False,False,False,True,False,False
2023-01-25,2,18.2,2,False,1,25,3.0,2.0,1.7142857142857142,1.7857142857142858,1.3801311186847085,False,False,True,False,False,False,False,False,False,True,False,False
2023-01-26,2,19.0,3,False,1,26,2.0,0.0,1.7142857142857142,1.7142857142857142,1.3801311186847085,False,False,True,False,False,False,False,False,False,True,False,False
2023-01-27,2,17.9,4,False,1,27,2.0,1.0,2.0,1.7857142857142858,1.1547005383792517,False,False,True,False,False,False,False,False,False,True,False,False
2023-01-28,0,0.0,5,True,1,28,2.0,4.0,2.142857142857143,1.7142857142857142,1.0690449676496978,False,False,True,False,False,False,False,False,False,True,False,False
2023-01-29,0,0.0,6,True,1,29,0.0,1.0,1.5714285714285714,1.6428571428571428,0.9759000729485333,False,False,True,False,False,False,False,False,False,True,False,False
2023-01-30,1,8.95,0,False,1,30,0.0,1.0,1.4285714285714286,1.5,1.1338934190276817,False,False,True,False,False,False,False,False,False,True,False,False
2023-01-31,1,9.25,1,False,1,31,1.0,3.0,1.4285714285714286,1.5,1.1338934190276817,False,False,True,False,False,False,False,False,False,True,False,False
2023-02-01,0,0.0,2,False,2,1,1.0,2.0,1.1428571428571428,1.4285714285714286,0.8997354108424375,False,False,True,False,False,False,False,False,False,True,False,False
2023-02-02,0,0.0,3,False,2,2,0.0,2.0,0.8571428571428571,1.2857142857142858,0.8997354108424372,False,False,True,False,False,False,False,False,False,True,False,False
2023-02-03,0,0.0,4,False,2,3,0.0,2.0,0.5714285714285714,1.2857142857142858,0.7867957924694431,False,False,True,False,False,False,False,False,False,True,False,False
2023-02-04,0,0.0,5,True,2,4,0.0,0.0,0.2857142857142857,1.2142857142857142,0.48795003647426627,False,False,True,False,False,False,False,False,False,True,False,False
2023-02-05,0,0.0,6,True,2,5,0.0,0.0,0.2857142857142857,0.9285714285714286,0.48795003647426627,False,False,True,False,False,False,False,False,False,True,False,False
2023-02-06,0,0.0,0,False,2,6,0.0,1.0,0.2857142857142857,0.8571428571428571,0.48795003647426627,False,False,True,False,False,False,False,False,False,True,False,False
2023-02-07,4,37.8,1,False,2,7,0.0,1.0,0.14285714285714285,0.7857142857142857,0.37796447300922675,False,False,True,False,False,False,False,False,False,True,False,False
2023-02-08,3,27.15,2,False,2,8,4.0,0.0,0.5714285714285714,0.8571428571428571,1.511857892036909,False,False,True,False,False,False,False,False,False,True,False,False
2023-02-09,4,36.349999999999994,3,False,2,9,3.0,0.0,1.0,0.9285714285714286,1.7320508075688772,False,False,True,False,False,False,False,False,False,True,False,False
2023-02-10,2,17.9,4,False,2,10,4.0,0.0,1.5714285714285714,1.0714285714285714,1.9880595947760098,False,False,True,False,False,False,False,False,False,True,False,False
2023-02-11,2,19.9,5,True,2,11,2.0,0.0,1.8571428571428572,1.0714285714285714,1.864454471471609,False,False,True,False,False,False,False,False,False,True,False,False
2023-02-12,2,21.9,6,True,2,12,2.0,0.0,2.142857142857143,1.2142857142857142,1.676163419695052,False,False,True,False,False,False,False,False,False,True,False,False
2023-02-13,3,26.849999999999998,0,False,2,13,2.0,0.0,2.4285714285714284,1.3571428571428572,1.3972762620115442,False,False,True,False,False,False,False,False,False,True,False,False
2023-02-14,4,36.65,1,False,2,14,3.0,4.0,2.857142857142857,1.5,0.899735410842438,False,False,True,False,False,False,False,False,False,True,False,False
2023-02-15,4,38.099999999999994,2,False,2,15,4.0,3.0,2.857142857142857,1.7142857142857142,0.899735410842438,False,False,True,False,False,False,False,False,False,True,False,False
2023-02-16,3,29.15,3,False,2,16,4.0,4.0,3.0,2.0,1.0000000000000007,False,False,True,False,False,False,False,False,False,True,False,False
2023-02-17,1,10.95,4,False,2,17,3.0,2.0,2.857142857142857,2.2142857142857144,0.899735410842438,False,False,True,False,False,False,False,False,False,True,False,False
2023-02-18,2,17.9,5,True,2,18,1.0,2.0,2.7142857142857144,2.2857142857142856,1.1126972805283741,False,False,True,False,False,False,False,False,False,True,False,False
2023-02-19,0,0.0,6,True,2,19,2.0,2.0,2.7142857142857144,2.4285714285714284,1.1126972805283741,False,False,True,False,False,False,False,False,False,True,False,False
2023-02-20,1,10.95,0,False,2,20,0.0,3.0,2.4285714285714284,2.4285714285714284,1.5118578920369092,False,False,True,False,False,False,False,False,False,True,False,False
2023-02-21,1,8.95,1,False,2,21,1.0,4.0,2.142857142857143,2.5,1.5735915849388864,False,False,True,False,False,False,False,False,False,True,False,False
2023-02-22,2,18.75,2,False,2,22,1.0,4.0,1.7142857142857142,2.2857142857142856,1.3801311186847085,False,False,True,False,False,False,False,False,False,True,False,False
2023-02-23,3,27.7,3,False,2,23,2.0,3.0,1.4285714285714286,2.2142857142857144,0.9759000729485333,False,False,True,False,False,False,False,False,False,True,False,False
2023-02-24,5,45.05,4,False,2,24,3.0,1.0,1.4285714285714286,2.142857142857143,0.9759000729485333,False,False,True,False,False,False,False,False,False,True,False,False
2023-02-25,2,18.2,5,True,2,25,5.0,2.0,2.0,2.357142857142857,1.632993161855452,False,False,True,False,False,False,False,False,False,True,False,False
2023-02-26,0,0.0,6,True,2,26,2.0,0.0,2.0,2.357142857142857,1.632993161855452,False,False,True,False,False,False,False,False,False,True,False,False
2023-02-27,2,18.2,0,False,2,27,0.0,1.0,2.0,2.2142857142857144,1.632993161855452,False,False,True,False,False,False,False,False,False,True,False,False
2023-02-28,0,0.0,1,False,2,28,2.0,1.0,2.142857142857143,2.142857142857143,1.5735915849388864,False,False,True,False,False,False,False,False,False,True,False,False
2023-03-01,0,0.0,2,False,3,1,0.0,2.0,2.0,1.8571428571428572,1.7320508075688772,False,False,True,False,False,False,False,False,False,True,False,False
2023-03-02,0,0.0,3,False,3,2,0.0,3.0,1.7142857142857142,1.5714285714285714,1.889822365046136,False,False,True,False,False,False,False,False,False,True,False,False
2023-03-03,0,0.0,4,False,3,3,0.0,5.0,1.2857142857142858,1.3571428571428572,1.8898223650461359,False,False,True,False,False,False,False,False,False,True,False,False
2023-03-04,0,0.0,5,True,3,4,0.0,2.0,0.5714285714285714,1.2857142857142858,0.9759000729485324,False,False,True,False,False,False,False,False,False,True,False,False
2023-03-05,0,0.0,6,True,3,5,0.0,0.0,0.2857142857142857,1.1428571428571428,0.7559289460184533,False,False,True,False,False,False,False,False,False,True,False,False
2023-03-06,0,0.0,0,False,3,6,0.0,2.0,0.2857142857142857,1.1428571428571428,0.7559289460184533,False,False,True,False,False,False,False,False,False,True,False,False
2023-03-07,2,17.9,1,False,3,7,0.0,0.0,0.0,1.0714285714285714,0.0,False,False,True,False,False,False,False,False,False,True,False,False
2023-03-08,2,18.45,2,False,3,8,2.0,0.0,0.2857142857142857,1.1428571428571428,0.7559289460184545,False,False,True,False,False,False,False,False,False,True,False,False
2023-03-09,7,67.19999999999999,3,False,3,9,2.0,0.0,0.5714285714285714,1.1428571428571428,0.9759000729485332,False,False,True,False,False,False,False,False,False,True,False,False
2023-03-10,3,27.15,4,False,3,10,7.0,0.0,1.5714285714285714,1.4285714285714286,2.5727509827124,False,False,True,False,False,False,False,False,False,True,False,False
2023-03-11,5,45.599999999999994,5,True,3,11,3.0,0.0,2.0,1.2857142857142858,2.516611478423583,False,False,True,False,False,False,False,False,False,True,False,False
2023-03-12,1,9.25,6,True,3,12,5.0,0.0,2.7142857142857144,1.5,2.563479777846623,False,False,True,False,False,False,False,False,False,True,False,False
2023-03-13,2,18.2,0,False,3,13,1.0,0.0,2.857142857142857,1.5714285714285714,2.410295378065479,False,False,True,False,False,False,False,False,False,True,False,False
2023-03-14,1,9.25,1,False,3,14,2.0,2.0,3.142857142857143,1.5714285714285714,2.1157009420498154,False,False,True,False,False,False,False,False,False,True,False,False
2023-03-15,5,47.599999999999994,2,False,3,15,1.0,2.0,3.0,1.6428571428571428,2.23606797749979,False,False,True,False,False,False,False,False,False,True,False,False
2023-03-16,4,38.099999999999994,3,False,3,16,5.0,7.0,3.4285714285714284,2.0,2.2990681342044406,False,False,True,False,False,False,False,False,False,True,False,False
2023-03-17,1,10.95,4,False,3,17,4.0,3.0,3.0,2.2857142857142856,1.7320508075688774,False,False,True,False,False,False,False,False,False,True,False,False
2023-03-18,4,36.349999999999994,5,True,3,18,1.0,5.0,2.7142857142857144,2.357142857142857,1.889822365046136,False,False,True,False,False,False,False,False,False,True,False,False
2023-03-19,0,0.0,6,True,3,19,4.0,1.0,2.5714285714285716,2.642857142857143,1.7182493859684491,False,False,True,False,False,False,False,False,False,True,False,False
2023-03-20,1,10.95,0,False,3,20,0.0,2.0,2.4285714285714284,2.642857142857143,1.9023794624226837,False,False,True,False,False,False,False,False,False,True,False,False
2023-03-21,2,18.2,1,False,3,21,1.0,1.0,2.2857142857142856,2.7142857142857144,1.9760470401187074,False,False,True,False,False,False,False,False,False,True,False,False
2023-03-22,1,10.95,2,False,3,22,2.0,5.0,2.4285714285714284,2.7142857142857144,1.9023794624226837,False,False,True,False,False,False,False,False,False,True,False,False
2023-03-23,4,36.95,3,False,3,23,1.0,4.0,1.8571428571428572,2.642857142857143,1.5735915849388864,False,False,True,False,False,False,False,False,False,True,False,False
2023-03-24,3,26.849999999999998,4,False,3,24,4.0,1.0,1.8571428571428572,2.4285714285714284,1.5735915849388864,False,False,True,False,False,False,False,False,False,True,False,False
2023-03-25,2,18.2,5,True,3,25,3.0,4.0,2.142857142857143,2.4285714285714284,1.5735915849388864,False,False,True,False,False,False,False,False,False,True,False,False
2023-03-26,2,20.45,6,True,3,26,2.0,0.0,1.8571428571428572,2.2142857142857144,1.3451854182690985,False,False,True,False,False,False,False,False,False,True,False,False
2023-03-27,0,0.0,0,False,3,27,2.0,1.0,2.142857142857143,2.2857142857142856,1.0690449676496976,False,False,True,False,False,False,False,False,False,True,False,False
2023-03-28,0,0.0,1,False,3,28,0.0,2.0,2.0,2.142857142857143,1.2909944487358056,False,False,True,False,False,False,False,False,False,True,False,False
2023-03-29,0,0.0,2,False,3,29,0.0,1.0,1.7142857142857142,2.0714285714285716,1.4960264830861911,False,False,True,False,False,False,False,False,False,True,False,False
2023-03-30,3,27.15,3,False,3,30,0.0,4.0,1.5714285714285714,1.7142857142857142,1.618347187425374,False,False,True,False,False,False,False,False,False,True,False,False
2023-03-31,3,27.15,4,False,3,31,3.0,3.0,1.4285714285714286,1.6428571428571428,1.3972762620115435,False,False,True,False,False,False,False,False,False,True,False,False
2023-04-01,0,0.0,5,True,4,1,3.0,2.0,1.4285714285714286,1.7857142857142858,1.3972762620115435,False,False,True,False,False,False,False,False,False,True,False,False
2023-04-02,0,0.0,6,True,4,2,0.0,2.0,1.1428571428571428,1.5,1.4638501094227994,False,False,True,False,False,False,False,False,False,True,False,False
2023-04-03,0,0.0,0,False,4,3,0.0,0.0,0.8571428571428571,1.5,1.4638501094227994,False,False,True,False,False,False,False,False,False,True,False,False
2023-04-04,0,0.0,1,False,4,4,0.0,0.0,0.8571428571428571,1.4285714285714286,1.4638501094227994,False,False,True,False,False,False,False,False,False,True,False,False
2023-04-05,0,0.0,2,False,4,5,0.0,0.0,0.8571428571428571,1.2857142857142858,1.4638501094227994,False,False,True,False,False,False,False,False,False,True,False,False
2023-04-06,0,0.0,3,False,4,6,0.0,3.0,0.8571428571428571,1.2142857142857142,1.4638501094227994,False,False,True,False,False,False,False,False,False,True,False,False
2023-04-07,3,26.849999999999998,4,False,4,7,0.0,3.0,0.42857142857142855,0.9285714285714286,1.133893419027681,False,False,True,False,False,False,False,False,False,True,False,False
2023-04-08,2,18.45,5,True,4,8,3.0,0.0,0.42857142857142855,0.9285714285714286,1.1338934190276817,False,False,True,False,False,False,False,False,False,True,False,False
2023-04-09,9,81.1,6,True,4,9,2.0,0.0,0.7142857142857143,0.9285714285714286,1.2535663410560174,False,False,True,False,False,False,False,False,False,True,False,False
2023-04-10,1,8.95,0,False,4,10,9.0,0.0,2.0,1.4285714285714286,3.3166247903554,False,False,True,False,False,False,False,False,False,True,False,False
2023-04-11,2,18.45,1,False,4,11,1.0,0.0,2.142857142857143,1.5,3.236694374850748,False,False,True,False,False,False,False,False,False,True,False,False
2023-04-12,3,29.15,2,False,4,12,2.0,0.0,2.4285714285714284,1.6428571428571428,3.1014589500826255,False,False,True,False,False,False,False,False,False,True,False,False
2023-04-13,2,17.9,3,False,4,13,3.0,0.0,2.857142857142857,1.8571428571428572,2.911389784311005,False,False,True,False,False,False,False,False,False,True,False,False
2023-04-14,2,18.2,4,False,4,14,2.0,3.0,3.142857142857143,1.7857142857142858,2.672612419124244,False,False,True,False,False,False,False,False,False,True,False,False
2023-04-15,3,26.849999999999998,5,True,4,15,2.0,2.0,3.0,1.7142857142857142,2.7080128015453204,False,False,True,False,False,False,False,False,False,True,False,False
2023-04-16,2,19.9,6,True,4,16,3.0,9.0,3.142857142857143,1.9285714285714286,2.672612419124244,False,False,True,False,False,False,False,False,False,True,False,False
2023-04-17,1,8.95,0,False,4,17,2.0,1.0,2.142857142857143,2.0714285714285716,0.6900655593423545,False,False,True,False,False,False,False,False,False,True,False,False
2023-04-18,4,38.349999999999994,1,False,4,18,1.0,2.0,2.142857142857143,2.142857142857143,0.6900655593423545,False,False,True,False,False,False,False,False,False,True,False,False
2023-04-19,0,0.0,2,False,4,19,4.0,3.0,2.4285714285714284,2.4285714285714284,0.9759000729485334,False,False,True,False,False,False,False,False,False,True,False,False
2023-04-20,2,19.9,3,False,4,20,0.0,2.0,2.0,2.4285714285714284,1.2909944487358056,False,False,True,False,False,False,False,False,False,True,False,False
2023-04-21,2,18.75,4,False,4,21,2.0,2.0,2.0,2.5714285714285716,1.2909944487358056,False,False,True,False,False,False,False,False,False,True,False,False
2023-04-22,3,29.7,5,True,4,22,2.0,3.0,2.0,2.5,1.2909944487358056,False,False,True,False,False,False,False,False,False,True,False,False
2023-04-23,6,56.849999999999994,6,True,4,23,3.0,2.0,2.0,2.5714285714285716,1.2909944487358056,False,False,True,False,False,False,False,False,False,True,False,False
2023-04-24,4,36.099999999999994,0,False,4,24,6.0,1.0,2.5714285714285716,2.357142857142857,1.9880595947760098,False,False,True,False,False,False,False,False,False,True,False,False
2023-04-25,2,18.2,1,False,4,25,4.0,4.0,3.0,2.5714285714285716,1.9148542155126764,False,False,True,False,False,False,False,False,False,True,False,False
2023-04-26,2,19.0,2,False,4,26,2.0,0.0,2.7142857142857144,2.5714285714285716,1.889822365046136,False,False,True,False,False,False,False,False,False,True,False,False
2023-04-27,2,18.2,3,False,4,27,2.0,2.0,3.0,2.5,1.5275252316519468,False,False,True,False,False,False,False,False,False,True,False,False
2023-04-28,0,0.0,4,False,4,28,2.0,2.0,3.0,2.5,1.5275252316519468,False,False,True,False,False,False,False,False,False,True,False,False
2023-04-29,0,0.0,5,True,4,29,0.0,3.0,2.7142857142857144,2.357142857142857,1.889822365046136,False,False,True,False,False,False,False,False,False,True,False,False
2023-04-30,1,10.95,6,True,4,30,0.0,6.0,2.2857142857142856,2.142857142857143,2.138089935299395,False,False,True,False,False,False,False,False,False,True,False,False
2023-05-01,0,0.0,0,False,5,1,1.0,4.0,1.5714285714285714,2.0714285714285716,1.3972762620115435,False,False,True,False,False,False,False,False,False,True,False,False
2023-05-02,0,0.0,1,False,5,2,0.0,2.0,1.0,2.0,0.9999999999999992,False,False,True,False,False,False,False,False,False,True,False,False
2023-05-03,0,0.0,2,False,5,3,0.0,2.0,0.7142857142857143,1.7142857142857142,0.9511897312113409,False,False,True,False,False,False,False,False,False,True,False,False
2023-05-04,0,0.0,3,False,5,4,0.0,2.0,0.42857142857142855,1.7142857142857142,0.7867957924694419,False,False,True,False,False,False,False,False,False,True,False,False
2023-05-05,0,0.0,4,False,5,5,0.0,0.0,0.14285714285714285,1.5714285714285714,0.3779644730092242,False,False,True,False,False,False,False,False,False,True,False,False
2023-05-06,0,0.0,5,True,5,6,0.0,0.0,0.14285714285714285,1.4285714285714286,0.3779644730092242,False,False,True,False,False,False,False,False,False,True,False,False
2023-05-07,2,17.9,6,True,5,7,0.0,1.0,0.14285714285714285,1.2142857142857142,0.3779644730092242,False,False,True,False,False,False,False,False,False,True,False,False
2023-05-08,4,37.8,0,False,5,8,2.0,0.0,0.2857142857142857,0.9285714285714286,0.7559289460184545,False,False,True,False,False,False,False,False,False,True,False,False
2023-05-09,6,58.25,1,False,5,9,4.0,0.0,0.8571428571428571,0.9285714285714286,1.5735915849388864,False,False,True,False,False,False,False,False,False,True,False,False
2023-05-10,2,18.2,2,False,5,10,6.0,0.0,1.7142857142857142,1.2142857142857142,2.4299715851758235,False,False,True,False,False,False,False,False,False,True,False,False
2023-05-11,4,36.95,3,False,5,11,2.0,0.0,2.0,1.2142857142857142,2.309401076758503,False,False,True,False,False,False,False,False,False,True,False,False
2023-05-12,1,9.25,4,False,5,12,4.0,0.0,2.5714285714285716,1.3571428571428572,2.225394561056747,False,False,True,False,False,False,False,False,False,True,False,False
2023-05-13,6,54.0,5,True,5,13,1.0,0.0,2.7142857142857144,1.4285714285714286,2.058663459163551,False,False,True,False,False,False,False,False,False,True,False,False
2023-05-14,4,36.349999999999994,6,True,5,14,6.0,2.0,3.5714285714285716,1.8571428571428572,1.9880595947760096,False,False,True,False,False,False,False,False,False,True,False,False
2023-05-15,7,63.5,0,False,5,15,4.0,4.0,3.857142857142857,2.0714285714285716,1.8644544714716087,False,False,True,False,False,False,False,False,False,True,False,False
2023-05-16,3,27.4,1,False,5,16,7.0,6.0,4.285714285714286,2.5714285714285716,2.2146697055682827,False,False,True,False,False,False,False,False,False,True,False,False
2023-05-17,2,21.9,2,False,5,17,3.0,2.0,3.857142857142857,2.7857142857142856,2.115700942049815,False,False,True,False,False,False,False,False,False,True,False,False
2023-05-18,3,27.4,3,False,5,18,2.0,4.0,3.857142857142857,2.9285714285714284,2.115700942049815,False,False,True,False,False,False,False,False,False,True,False,False
2023-05-19,1,8.95,4,False,5,19,3.0,1.0,3.7142857142857144,3.142857142857143,2.1380899352993947,False,False,True,False,False,False,False,False,False,True,False,False
2023-05-20,2,21.9,5,True,5,20,1.0,6.0,3.7142857142857144,3.2142857142857144,2.1380899352993947,False,False,True,False,False,False,False,False,False,True,False,False
2023-05-21,3,27.15,6,True,5,21,2.0,4.0,3.142857142857143,3.357142857142857,1.951800145897066,False,False,True,False,False,False,False,False,False,True,False,False
2023-05-22,3,29.45,0,False,5,22,3.0,7.0,3.0,3.4285714285714284,1.9148542155126758,False,False,True,False,False,False,False,False,False,True,False,False
2023-05-23,4,36.65,1,False,5,23,3.0,3.0,2.4285714285714284,3.357142857142857,0.7867957924694422,False,False,True,False,False,False,False,False,False,True,False,False
2023-05-24,3,26.849999999999998,2,False,5,24,4.0,2.0,2.5714285714285716,3.2142857142857144,0.9759000729485324,False,False,True,False,False,False,False,False,False,True,False,False
2023-05-25,2,18.2,3,False,5,25,3.0,3.0,2.7142857142857144,3.2857142857142856,0.9511897312113411,False,False,True,False,False,False,False,False,False,True,False,False
2023-05-26,2,20.45,4,False,5,26,2.0,1.0,2.5714285714285716,3.142857142857143,0.9759000729485324,False,False,True,False,False,False,False,False,False,True,False,False
2023-05-27,4,36.4,5,True,5,27,2.0,2.0,2.7142857142857144,3.2142857142857144,0.7559289460184535,False,False,True,False,False,False,False,False,False,True,False,False
2023-05-28,0,0.0,6,True,5,28,4.0,3.0,3.0,3.0714285714285716,0.816496580927725,False,False,True,False,False,False,False,False,False,True,False,False
2023-05-29,0,0.0,0,False,5,29,0.0,3.0,2.5714285714285716,2.7857142857142856,1.3972762620115433,False,False,True,False,False,False,False,False,False,True,False,False
2023-05-30,5,45.05,1,False,5,30,0.0,4.0,2.142857142857143,2.2857142857142856,1.6761634196950512,False,False,True,False,False,False,False,False,False,True,False,False
2023-05-31,4,37.2,2,False,5,31,5.0,3.0,2.2857142857142856,2.4285714285714284,1.8898223650461359,False,False,True,False,False,False,False,False,False,True,False,False
2023-06-01,0,0.0,3,False,6,1,4.0,2.0,2.4285714285714284,2.5714285714285716,1.9880595947760096,False,False,True,False,False,False,False,False,False,True,False,False
2023-06-02,0,0.0,4,False,6,2,0.0,2.0,2.142857142857143,2.357142857142857,2.193062655175134,False,False,True,False,False,False,False,False,False,True,False,False
2023-06-03,0,0.0,5,True,6,3,0.0,4.0,1.8571428571428572,2.2857142857142856,2.3401261667248785,False,False,True,False,False,False,False,False,False,True,False,False
2023-06-04,0,0.0,6,True,6,4,0.0,0.0,1.2857142857142858,2.142857142857143,2.2146697055682822,False,False,True,False,False,False,False,False,False,True,False,False
2023-06-05,0,0.0,0,False,6,5,0.0,0.0,1.2857142857142858,1.9285714285714286,2.2146697055682822,False,False,True,False,False,False,False,False,False,True,False,False
2023-06-06,0,0.0,1,False,6,6,0.0,5.0,1.2857142857142858,1.7142857142857142,2.2146697055682822,False,False,True,False,False,False,False,False,False,True,False,False
2023-06-07,5,46.75,2,False,6,7,0.0,4.0,0.5714285714285714,1.4285714285714286,1.5118578920369081,False,False,True,False,False,False,False,False,False,True,False,False
2023-06-08,5,47.599999999999994,3,False,6,8,5.0,0.0,0.7142857142857143,1.5714285714285714,1.889822365046136,False,False,True,False,False,False,False,False,False,True,False,False
2023-06-09,8,75.25,4,False,6,9,5.0,0.0,1.4285714285714286,1.7857142857142858,2.439750182371333,False,False,True,False,False,False,False,False,False,True,False,False
2023-06-10,3,27.15,5,True,6,10,8.0,0.0,2.5714285714285716,2.2142857142857144,3.359421718944242,False,False,True,False,False,False,False,False,False,True,False,False
2023-06-11,6,54.849999999999994,6,True,6,11,3.0,0.0,3.0,2.142857142857143,3.1622776601683795,False,False,True,False,False,False,False,False,False,True,False,False
2023-06-12,4,38.4,0,False,6,12,6.0,0.0,3.857142857142857,2.5714285714285716,3.023715784073818,False,False,True,False,False,False,False,False,False,True,False,False
2023-06-13,6,54.0,1,False,6,13,4.0,0.0,4.428571428571429,2.857142857142857,2.5071326821120348,False,False,True,False,False,False,False,False,False,True,False,False
2023-06-14,2,18.45,2,False,6,14,6.0,5.0,5.285714285714286,2.9285714285714284,1.6035674514745462,False,False,True,False,False,False,False,False,False,True,False,False
2023-06-15,8,74.44999999999999,3,False,6,15,2.0,5.0,4.857142857142857,2.7857142857142856,2.0354009783964293,False,False,True,False,False,False,False,False,False,True,False,False
2023-06-16,4,38.099999999999994,4,False,6,16,8.0,8.0,5.285714285714286,3.357142857142857,2.3603873774083293,False,False,True,False,False,False,False,False,False,True,False,False
2023-06-17,4,39.8,5,True,6,17,4.0,3.0,4.714285714285714,3.642857142857143,2.058663459163551,False,False,True,False,False,False,False,False,False,True,False,False
2023-06-18,4,38.349999999999994,6,True,6,18,4.0,6.0,4.857142857142857,3.9285714285714284,1.9518001458970662,False,False,True,False,False,False,False,False,False,True,False,False
2023-06-19,1,8.95,0,False,6,19,4.0,4.0,4.571428571428571,4.214285714285714,1.9023794624226833,False,False,True,False,False,False,False,False,False,True,False,False
2023-06-20,3,30.849999999999998,1,False,6,20,1.0,6.0,4.142857142857143,4.285714285714286,2.3401261667248785,False,False,True,False,False,False,False,False,False,True,False,False
2023-06-21,5,45.9,2,False,6,21,3.0,2.0,3.7142857142857144,4.5,2.2146697055682822,False,False,True,False,False,False,False,False,False,True,False,False
2023-06-22,6,58.849999999999994,3,False,6,22,5.0,8.0,4.142857142857143,4.5,2.115700942049815,False,False,True,False,False,False,False,False,False,True,False,False
2023-06-23,8,75.3,4,False,6,23,6.0,4.0,3.857142857142857,4.571428571428571,1.5735915849388855,False,False,True,False,False,False,False,False,False,True,False,False
2023-06-24,4,36.099999999999994,5,True,6,24,8.0,4.0,4.428571428571429,4.571428571428571,2.225394561056747,False,False,True,False,False,False,False,False,False,True,False,False
2023-06-25,4,36.099999999999994,6,True,6,25,4.0,4.0,4.428571428571429,4.642857142857143,2.225394561056747,False,False,True,False,False,False,False,False,False,True,False,False
2023-06-26,3,29.95,0,False,6,26,4.0,1.0,4.428571428571429,4.5,2.225394561056747,False,False,True,False,False,False,False,False,False,True,False,False
2023-06-27,2,18.5,1,False,6,27,3.0,3.0,4.714285714285714,4.428571428571429,1.7994708216848745,False,False,True,False,False,False,False,False,False,True,False,False
2023-06-28,0,0.0,2,False,6,28,2.0,5.0,4.571428571428571,4.142857142857143,1.9880595947760096,False,False,True,False,False,False,False,False,False,True,False,False
2023-06-29,0,0.0,3,False,6,29,0.0,6.0,3.857142857142857,4.0,2.6095064302514768,False,False,True,False,False,False,False,False,False,True,False,False
2023-06-30,2,18.45,4,False,6,30,0.0,8.0,3.0,3.4285714285714284,2.7688746209726904,False,False,True,False,False,False,False,False,False,True,False,False
2023-01-15,1,7.6,6,True,1,15,1.0,0.0,0.7142857142857143,0.42857142857142855,0.7559289460184545,False,False,True,False,False,False,False,False,False,False,True,False
2023-01-16,1,13.33,0,False,1,16,1.0,2.0,0.8571428571428571,0.5,0.6900655593423543,False,False,True,False,False,False,False,False,False,False,True,False
2023-01-17,1,6.4,1,False,1,17,1.0,1.0,0.7142857142857143,0.5714285714285714,0.4879500364742666,False,False,True,False,False,False,False,False,False,False,True,False
2023-01-18,3,28.53,2,False,1,18,1.0,0.0,0.7142857142857143,0.6428571428571429,0.4879500364742666,False,False,True,False,False,False,False,False,False,False,True,False
2023-01-19,0,0.0,3,False,1,19,3.0,1.0,1.1428571428571428,0.8571428571428571,0.8997354108424372,False,False,True,False,False,False,False,False,False,False,True,False
2023-01-20,0,0.0,4,False,1,20,0.0,0.0,1.0,0.8571428571428571,0.9999999999999999,False,False,True,False,False,False,False,False,False,False,True,False
2023-01-21,0,0.0,5,True,1,21,0.0,1.0,1.0,0.8571428571428571,0.9999999999999999,False,False,True,False,False,False,False,False,False,False,True,False
2023-01-22,1,13.33,6,True,1,22,0.0,1.0,0.8571428571428571,0.7857142857142857,1.0690449676496974,False,False,True,False,False,False,False,False,False,False,True,False
2023-01-23,1,7.6,0,False,1,23,1.0,1.0,0.8571428571428571,0.8571428571428571,1.0690449676496974,False,False,True,False,False,False,False,False,False,False,True,False
2023-01-24,0,0.0,1,False,1,24,1.0,1.0,0.8571428571428571,0.7857142857142857,1.0690449676496974,False,False,True,False,False,False,False,False,False,False,True,False
2023-01-25,1,7.6,2,False,1,25,0.0,3.0,0.7142857142857143,0.7142857142857143,1.1126972805283735,False,False,True,False,False,False,False,False,False,False,True,False
2023-01-26,0,0.0,3,False,1,26,1.0,0.0,0.42857142857142855,0.7857142857142857,0.5345224838248483,False,False,True,False,False,False,False,False,False,False,True,False
2023-01-27,1,6.4,4,False,1,27,0.0,0.0,0.42857142857142855,0.7142857142857143,0.5345224838248483,False,False,True,False,False,False,False,False,False,False,True,False
2023-01-28,0,0.0,5,True,1,28,1.0,0.0,0.5714285714285714,0.7857142857142857,0.5345224838248483,False,False,True,False,False,False,False,False,False,False,True,False
2023-01-29,0,0.0,6,True,1,29,0.0,1.0,0.5714285714285714,0.7142857142857143,0.5345224838248483,False,False,True,False,False,False,False,False,False,False,True,False
2023-01-30,2,20.93,0,False,1,30,0.0,1.0,0.42857142857142855,0.6428571428571429,0.5345224838248483,False,False,True,False,False,False,False,False,False,False,True,False
2023-01-31,0,0.0,1,False,1,31,2.0,0.0,0.5714285714285714,0.7142857142857143,0.786795792469443,False,False,True,False,False,False,False,False,False,False,True,False
2023-02-01,0,0.0,2,False,2,1,0.0,1.0,0.5714285714285714,0.6428571428571429,0.786795792469443,False,False,True,False,False,False,False,False,False,False,True,False
2023-02-02,0,0.0,3,False,2,2,0.0,0.0,0.42857142857142855,0.42857142857142855,0.786795792469443,False,False,True,False,False,False,False,False,False,False,True,False
2023-02-03,0,0.0,4,False,2,3,0.0,1.0,0.42857142857142855,0.42857142857142855,0.786795792469443,False,False,True,False,False,False,False,False,False,False,True,False
2023-02-04,0,0.0,5,True,2,4,0.0,0.0,0.2857142857142857,0.42857142857142855,0.7559289460184542,False,False,True,False,False,False,False,False,False,False,True,False
2023-02-05,0,0.0,6,True,2,5,0.0,0.0,0.2857142857142857,0.42857142857142855,0.7559289460184542,False,False,True,False,False,False,False,False,False,False,True,False
2023-02-06,0,0.0,0,False,2,6,0.0,2.0,0.2857142857142857,0.35714285714285715,0.7559289460184542,False,False,True,False,False,False,False,False,False,False,True,False
2023-02-07,1,7.6,1,False,2,7,0.0,0.0,0.0,0.2857142857142857,0.0,False,False,True,False,False,False,False,False,False,False,True,False
2023-02-08,0,0.0,2,False,2,8,1.0,0.0,0.14285714285714285,0.35714285714285715,0.37796447300922725,False,False,True,False,False,False,False,False,False,False,True,False
2023-02-09,3,34.26,3,False,2,9,0.0,0.0,0.14285714285714285,0.2857142857142857,0.37796447300922725,False,False,True,False,False,False,False,False,False,False,True,False
2023-02-10,2,15.2,4,False,2,10,3.0,0.0,0.5714285714285714,0.5,1.1338934190276817,False,False,True,False,False,False,False,False,False,False,True,False
2023-02-11,1,13.33,5,True,2,11,2.0,0.0,0.8571428571428571,0.5714285714285714,1.2149857925879117,False,False,True,False,False,False,False,False,False,False,True,False
2023-02-12,2,14.0,6,True,2,12,1.0,0.0,1.0,0.6428571428571429,1.1547005383792515,False,False,True,False,False,False,False,False,False,False,True,False
2023-02-13,2,20.93,0,False,2,13,2.0,0.0,1.2857142857142858,0.7857142857142857,1.1126972805283735,False,False,True,False,False,False,False,False,False,False,True,False
2023-02-14,2,19.73,1,False,2,14,2.0,1.0,1.5714285714285714,0.7857142857142857,0.9759000729485331,False,False,True,False,False,False,False,False,False,False,True,False
2023-02-15,1,7.6,2,False,2,15,2.0,0.0,1.7142857142857142,0.9285714285714286,0.9511897312113418,False,False,True,False,False,False,False,False,False,False,True,False
2023-02-16,1,6.4,3,False,2,16,1.0,3.0,1.8571428571428572,1.0,0.6900655593423541,False,False,True,False,False,False,False,False,False,False,True,False
2023-02-17,0,0.0,4,False,2,17,1.0,2.0,1.5714285714285714,1.0714285714285714,0.5345224838248487,False,False,True,False,False,False,False,False,False,False,True,False
2023-02-18,2,14.0,5,True,2,18,0.0,1.0,1.2857142857142858,1.0714285714285714,0.7559289460184544,False,False,True,False,False,False,False,False,False,False,True,False
2023-02-19,0,0.0,6,True,2,19,2.0,2.0,1.4285714285714286,1.2142857142857142,0.7867957924694431,False,False,True,False,False,False,False,False,False,False,True,False
2023-02-20,1,7.6,0,False,2,20,0.0,2.0,1.1428571428571428,1.2142857142857142,0.8997354108424375,False,False,True,False,False,False,False,False,False,False,True,False
2023-02-21,0,0.0,1,False,2,21,1.0,2.0,1.0,1.2857142857142858,0.8164965809277261,False,False,True,False,False,False,False,False,False,False,True,False
2023-02-22,0,0.0,2,False,2,22,0.0,1.0,0.7142857142857143,1.2142857142857142,0.7559289460184546,False,False,True,False,False,False,False,False,False,False,True,False
2023-02-23,1,13.33,3,False,2,23,0.0,1.0,0.5714285714285714,1.2142857142857142,0.7867957924694434,False,False,True,False,False,False,False,False,False,False,True,False
2023-02-24,1,7.6,4,False,2,24,1.0,0.0,0.5714285714285714,1.0714285714285714,0.7867957924694434,False,False,True,False,False,False,False,False,False,False,True,False
2023-02-25,1,7.6,5,True,2,25,1.0,2.0,0.7142857142857143,1.0,0.7559289460184546,False,False,True,False,False,False,False,False,False,False,True,False
2023-02-26,1,7.6,6,True,2,26,1.0,0.0,0.5714285714285714,1.0,0.5345224838248491,False,False,True,False,False,False,False,False,False,False,True,False
2023-02-27,2,12.8,0,False,2,27,1.0,1.0,0.7142857142857143,0.9285714285714286,0.48795003647426693,False,False,True,False,False,False,False,False,False,False,True,False
2023-02-28,0,0.0,1,False,2,28,2.0,0.0,0.8571428571428571,0.9285714285714286,0.6900655593423544,False,False,True,False,False,False,False,False,False,False,True,False
2023-03-01,0,0.0,2,False,3,1,0.0,0.0,0.8571428571428571,0.7857142857142857,0.6900655593423544,False,False,True,False,False,False,False,False,False,False,True,False
2023-03-02,0,0.0,3,False,3,2,0.0,1.0,0.8571428571428571,0.7142857142857143,0.6900655593423544,False,False,True,False,False,False,False,False,False,False,True,False
2023-03-03,0,0.0,4,False,3,3,0.0,1.0,0.7142857142857143,0.6428571428571429,0.7559289460184546,False,False,True,False,False,False,False,False,False,False,True,False
2023-03-04,0,0.0,5,True,3,4,0.0,1.0,0.5714285714285714,0.6428571428571429,0.7867957924694434,False,False,True,False,False,False,False,False,False,False,True,False
2023-03-05,0,0.0,6,True,3,5,0.0,1.0,0.42857142857142855,0.5,0.7867957924694434,False,False,True,False,False,False,False,False,False,False,True,False
2023-03-06,0,0.0,0,False,3,6,0.0,2.0,0.2857142857142857,0.5,0.7559289460184548,False,False,True,False,False,False,False,False,False,False,True,False
2023-03-07,1,7.6,1,False,3,7,0.0,0.0,0.0,0.42857142857142855,0.0,False,False,True,False,False,False,False,False,False,False,True,False
2023-03-08,1,7.6,2,False,3,8,1.0,0.0,0.14285714285714285,0.5,0.37796447300922725,False,False,True,False,False,False,False,False,False,False,True,False
2023-03-09,2,20.93,3,False,3,9,1.0,0.0,0.2857142857142857,0.5714285714285714,0.4879500364742666,False,False,True,False,False,False,False,False,False,False,True,False
2023-03-10,0,0.0,4,False,3,10,2.0,0.0,0.5714285714285714,0.6428571428571429,0.7867957924694432,False,False,True,False,False,False,False,False,False,False,True,False
2023-03-11,0,0.0,5,True,3,11,0.0,0.0,0.5714285714285714,0.5714285714285714,0.7867957924694432,False,False,True,False,False,False,False,False,False,False,True,False
2023-03-12,1,6.4,6,True,3,12,0.0,0.0,0.5714285714285714,0.5,0.7867957924694432,False,False,True,False,False,False,False,False,False,False,True,False
2023-03-13,1,7.6,0,False,3,13,1.0,0.0,0.7142857142857143,0.5,0.7559289460184545,False,False,True,False,False,False,False,False,False,False,True,False
2023-03-14,3,27.33,1,False,3,14,1.0,1.0,0.8571428571428571,0.42857142857142855,0.6900655593423543,False,False,True,False,False,False,False,False,False,False,True,False
2023-03-15,3,22.799999999999997,2,False,3,15,3.0,1.0,1.1428571428571428,0.6428571428571429,1.0690449676496976,False,False,True,False,False,False,False,False,False,False,True,False
2023-03-16,0,0.0,3,False,3,16,3.0,2.0,1.4285714285714286,0.8571428571428571,1.2724180205607036,False,False,True,False,False,False,False,False,False,False,True,False
2023-03-17,1,6.4,4,False,3,17,0.0,0.0,1.1428571428571428,0.8571428571428571,1.3451854182690985,False,False,True,False,False,False,False,False,False,False,True,False
2023-03-18,3,27.33,5,True,3,18,1.0,0.0,1.2857142857142858,0.9285714285714286,1.2535663410560174,False,False,True,False,False,False,False,False,False,False,True,False
2023-03-19,0,0.0,6,True,3,19,3.0,1.0,1.7142857142857142,1.1428571428571428,1.2535663410560176,False,False,True,False,False,False,False,False,False,False,True,False
2023-03-20,0,0.0,0,False,3,20,0.0,1.0,1.5714285714285714,1.1428571428571428,1.3972762620115438,False,False,True,False,False,False,False,False,False,False,True,False
2023-03-21,0,0.0,1,False,3,21,0.0,3.0,1.4285714285714286,1.1428571428571428,1.5118578920369088,False,False,True,False,False,False,False,False,False,False,True,False
2023-03-22,3,33.06,2,False,3,22,0.0,3.0,1.0,1.0714285714285714,1.414213562373095,False,False,True,False,False,False,False,False,False,False,True,False
2023-03-23,1,7.6,3,False,3,23,3.0,0.0,1.0,1.2142857142857142,1.414213562373095,False,False,True,False,False,False,False,False,False,False,True,False
2023-03-24,0,0.0,4,False,3,24,1.0,1.0,1.1428571428571428,1.1428571428571428,1.3451854182690983,False,False,True,False,False,False,False,False,False,False,True,False
2023-03-25,0,0.0,5,True,3,25,0.0,3.0,1.0,1.1428571428571428,1.414213562373095,False,False,True,False,False,False,False,False,False,False,True,False
2023-03-26,0,0.0,6,True,3,26,0.0,0.0,0.5714285714285714,1.1428571428571428,1.1338934190276813,False,False,True,False,False,False,False,False,False,False,True,False
2023-03-27,0,0.0,0,False,3,27,0.0,0.0,0.5714285714285714,1.0714285714285714,1.1338934190276813,False,False,True,False,False,False,False,False,False,False,True,False
2023-03-28,0,0.0,1,False,3,28,0.0,0.0,0.5714285714285714,1.0,1.1338934190276813,False,False,True,False,False,False,False,False,False,False,True,False
2023-03-29,0,0.0,2,False,3,29,0.0,3.0,0.5714285714285714,0.7857142857142857,1.1338934190276813,False,False,True,False,False,False,False,False,False,False,True,False
2023-03-30,1,7.6,3,False,3,30,0.0,1.0,0.14285714285714285,0.5714285714285714,0.37796447300922537,False,False,True,False,False,False,False,False,False,False,True,False
2023-03-31,2,14.0,4,False,3,31,1.0,0.0,0.14285714285714285,0.6428571428571429,0.37796447300922725,False,False,True,False,False,False,False,False,False,False,True,False
2023-04-01,0,0.0,5,True,4,1,2.0,0.0,0.42857142857142855,0.7142857142857143,0.7867957924694432,False,False,True,False,False,False,False,False,False,False,True,False
2023-04-02,0,0.0,6,True,4,2,0.0,0.0,0.42857142857142855,0.5,0.7867957924694432,False,False,True,False,False,False,False,False,False,False,True,False
2023-04-03,0,0.0,0,False,4,3,0.0,0.0,0.42857142857142855,0.5,0.7867957924694432,False,False,True,False,False,False,False,False,False,False,True,False
2023-04-04,0,0.0,1,False,4,4,0.0,0.0,0.42857142857142855,0.5,0.7867957924694432,False,False,True,False,False,False,False,False,False,False,True,False
2023-04-05,0,0.0,2,False,4,5,0.0,0.0,0.42857142857142855,0.5,0.7867957924694432,False,False,True,False,False,False,False,False,False,False,True,False
2023-04-06,0,0.0,3,False,4,6,0.0,1.0,0.42857142857142855,0.2857142857142857,0.7867957924694432,False,False,True,False,False,False,False,False,False,False,True,False
2023-04-07,0,0.0,4,False,4,7,0.0,2.0,0.2857142857142857,0.21428571428571427,0.7559289460184545,False,False,True,False,False,False,False,False,False,False,True,False
2023-04-08,1,7.6,5,True,4,8,0.0,0.0,0.0,0.21428571428571427,0.0,False,False,True,False,False,False,False,False,False,False,True,False
2023-04-09,1,13.33,6,True,4,9,1.0,0.0,0.14285714285714285,0.2857142857142857,0.37796447300922725,False,False,True,False,False,False,False,False,False,False,True,False
2023-04-10,1,7.6,0,False,4,10,1.0,0.0,0.2857142857142857,0.35714285714285715,0.4879500364742666,False,False,True,False,False,False,False,False,False,False,True,False
2023-04-11,1,13.33,1,False,4,11,1.0,0.0,0.42857142857142855,0.42857142857142855,0.5345224838248488,False,False,True,False,False,False,False,False,False,False,True,False
2023-04-12,3,20.4,2,False,4,12,1.0,0.0,0.5714285714285714,0.5,0.5345224838248488,False,False,True,False,False,False,False,False,False,False,True,False
2023-04-13,2,20.93,3,False,4,13,3.0,0.0,1.0,0.7142857142857143,1.0,False,False,True,False,False,False,False,False,False,False,True,False
2023-04-14,3,33.06,4,False,4,14,2.0,0.0,1.2857142857142858,0.7857142857142857,0.9511897312113418,False,False,True,False,False,False,False,False,False,False,True,False
2023-04-15,2,15.2,5,True,4,15,3.0,1.0,1.7142857142857142,0.8571428571428571,0.9511897312113418,False,False,True,False,False,False,False,False,False,False,True,False
2023-04-16,2,20.93,6,True,4,16,2.0,1.0,1.8571428571428572,1.0,0.8997354108424372,False,False,True,False,False,False,False,False,False,False,True,False
2023-04-17,1,6.4,0,False,4,17,2.0,1.0,2.0,1.1428571428571428,0.816496580927726,False,False,True,False,False,False,False,False,False,False,True,False
2023-04-18,3,28.53,1,False,4,18,1.0,1.0,2.0,1.2142857142857142,0.816496580927726,False,False,True,False,False,False,False,False,False,False,True,False
2023-04-19,0,0.0,2,False,4,19,3.0,3.0,2.2857142857142856,1.4285714285714286,0.7559289460184545,False,False,True,False,False,False,False,False,False,False,True,False
2023-04-20,2,20.93,3,False,4,20,0.0,2.0,1.8571428571428572,1.4285714285714286,1.0690449676496976,False,False,True,False,False,False,False,False,False,False,True,False
2023-04-21,1,7.6,4,False,4,21,2.0,3.0,1.8571428571428572,1.5714285714285714,1.0690449676496976,False,False,True,False,False,False,False,False,False,False,True,False
2023-04-22,2,19.73,5,True,4,22,1.0,2.0,1.5714285714285714,1.6428571428571428,0.9759000729485331,False,False,True,False,False,False,False,False,False,False,True,False
2023-04-23,3,34.26,6,True,4,23,2.0,2.0,1.5714285714285714,1.7142857142857142,0.9759000729485331,False,False,True,False,False,False,False,False,False,False,True,False
2023-04-24,1,7.6,0,False,4,24,3.0,1.0,1.7142857142857142,1.8571428571428572,1.1126972805283735,False,False,True,False,False,False,False,False,False,False,True,False
2023-04-25,2,14.0,1,False,4,25,1.0,3.0,1.7142857142857142,1.8571428571428572,1.1126972805283735,False,False,True,False,False,False,False,False,False,False,True,False
2023-04-26,1,7.6,2,False,4,26,2.0,0.0,1.5714285714285714,1.9285714285714286,0.9759000729485331,False,False,True,False,False,False,False,False,False,False,True,False
2023-04-27,2,12.8,3,False,4,27,1.0,2.0,1.7142857142857142,1.7857142857142858,0.7559289460184543,False,False,True,False,False,False,False,False,False,False,True,False
2023-04-28,0,0.0,4,False,4,28,2.0,1.0,1.7142857142857142,1.7857142857142858,0.7559289460184543,False,False,True,False,False,False,False,False,False,False,True,False
2023-04-29,0,0.0,5,True,4,29,0.0,2.0,1.5714285714285714,1.5714285714285714,0.9759000729485331,False,False,True,False,False,False,False,False,False,False,True,False
2023-04-30,0,0.0,6,True,4,30,0.0,3.0,1.2857142857142858,1.4285714285714286,1.1126972805283735,False,False,True,False,False,False,False,False,False,False,True,False
2023-05-01,0,0.0,0,False,5,1,0.0,1.0,0.8571428571428571,1.2857142857142858,0.8997354108424372,False,False,True,False,False,False,False,False,False,False,True,False
2023-05-02,0,0.0,1,False,5,2,0.0,2.0,0.7142857142857143,1.2142857142857142,0.9511897312113418,False,False,True,False,False,False,False,False,False,False,True,False
2023-05-03,0,0.0,2,False,5,3,0.0,1.0,0.42857142857142855,1.0,0.7867957924694431,False,False,True,False,False,False,False,False,False,False,True,False
2023-05-04,0,0.0,3,False,5,4,0.0,2.0,0.2857142857142857,1.0,0.7559289460184544,False,False,True,False,False,False,False,False,False,False,True,False
2023-05-05,0,0.0,4,False,5,5,0.0,0.0,0.0,0.8571428571428571,0.0,False,False,True,False,False,False,False,False,False,False,True,False
2023-05-06,0,0.0,5,True,5,6,0.0,0.0,0.0,0.7857142857142857,0.0,False,False,True,False,False,False,False,False,False,False,True,False
2023-05-07,3,21.6,6,True,5,7,0.0,0.0,0.0,0.6428571428571429,0.0,False,False,True,False,False,False,False,False,False,False,True,False
2023-05-08,0,0.0,0,False,5,8,3.0,0.0,0.42857142857142855,0.6428571428571429,1.1338934190276817,False,False,True,False,False,False,False,False,False,False,True,False
2023-05-09,4,47.59,1,False,5,9,0.0,0.0,0.42857142857142855,0.5714285714285714,1.1338934190276817,False,False,True,False,False,False,False,False,False,False,True,False
2023-05-10,1,7.6,2,False,5,10,4.0,0.0,1.0,0.7142857142857143,1.7320508075688772,False,False,True,False,False,False,False,False,False,False,True,False
2023-05-11,0,0.0,3,False,5,11,1.0,0.0,1.1428571428571428,0.7142857142857143,1.6761634196950517,False,False,True,False,False,False,False,False,False,False,True,False
2023-05-12,3,20.4,4,False,5,12,0.0,0.0,1.1428571428571428,0.5714285714285714,1.6761634196950517,False,False,True,False,False,False,False,False,False,False,True,False
2023-05-13,2,20.93,5,True,5,13,3.0,0.0,1.5714285714285714,0.7857142857142857,1.7182493859684491,False,False,True,False,False,False,False,False,False,False,True,False
2023-05-14,4,47.59,6,True,5,14,2.0,3.0,1.8571428571428572,0.9285714285714286,1.5735915849388864,False,False,True,False,False,False,False,False,False,False,True,False
2023-05-15,3,22.799999999999997,0,False,5,15,4.0,0.0,2.0,1.2142857142857142,1.7320508075688772,False,False,True,False,False,False,False,False,False,False,True,False
2023-05-16,2,14.0,1,False,5,16,3.0,4.0,2.4285714285714284,1.4285714285714286,1.5118578920369088,False,False,True,False,False,False,False,False,False,False,True,False
2023-05-17,0,0.0,2,False,5,17,2.0,1.0,2.142857142857143,1.5714285714285714,1.3451854182690985,False,False,True,False,False,False,False,False,False,False,True,False
2023-05-18,4,29.2,3,False,5,18,0.0,0.0,2.0,1.5714285714285714,1.5275252316519468,False,False,True,False,False,False,False,False,False,False,True,False
2023-05-19,0,0.0,4,False,5,19,4.0,3.0,2.5714285714285716,1.8571428571428572,1.3972762620115435,False,False,True,False,False,False,False,False,False,False,True,False
2023-05-20,1,7.6,5,True,5,20,0.0,2.0,2.142857142857143,1.8571428571428572,1.6761634196950517,False,False,True,False,False,False,False,False,False,False,True,False
2023-05-21,1,7.6,6,True,5,21,1.0,4.0,2.0,1.9285714285714286,1.7320508075688774,False,False,True,False,False,False,False,False,False,False,True,False
2023-05-22,3,33.06,0,False,5,22,1.0,3.0,1.5714285714285714,1.7857142857142858,1.5118578920369092,False,False,True,False,False,False,False,False,False,False,True,False
2023-05-23,1,13.33,1,False,5,23,3.0,2.0,1.5714285714285714,2.0,1.5118578920369092,False,False,True,False,False,False,False,False,False,False,True,False
2023-05-24,2,15.2,2,False,5,24,1.0,0.0,1.4285714285714286,1.7857142857142858,1.5118578920369095,False,False,True,False,False,False,False,False,False,False,True,False
2023-05-25,1,6.4,3,False,5,25,2.0,4.0,1.7142857142857142,1.8571428571428572,1.380131118684709,False,False,True,False,False,False,False,False,False,False,True,False
2023-05-26,1,7.6,4,False,5,26,1.0,0.0,1.2857142857142858,1.9285714285714286,0.9511897312113428,False,False,True,False,False,False,False,False,False,False,True,False
2023-05-27,1,6.4,5,True,5,27,1.0,1.0,1.4285714285714286,1.7857142857142858,0.7867957924694442,False,False,True,False,False,False,False,False,False,False,True,False
2023-05-28,0,0.0,6,True,5,28,1.0,1.0,1.4285714285714286,1.7142857142857142,0.7867957924694442,False,False,True,False,False,False,False,False,False,False,True,False
2023-05-29,0,0.0,0,False,5,29,0.0,3.0,1.2857142857142858,1.4285714285714286,0.9511897312113428,False,False,True,False,False,False,False,False,False,False,True,False
2023-05-30,1,6.4,1,False,5,30,0.0,1.0,0.8571428571428571,1.2142857142857142,0.6900655593423558,False,False,True,False,False,False,False,False,False,False,True,False
2023-05-31,3,21.6,2,False,5,31,1.0,2.0,0.8571428571428571,1.1428571428571428,0.6900655593423558,False,False,True,False,False,False,False,False,False,False,True,False
2023-06-01,0,0.0,3,False,6,1,3.0,1.0,1.0,1.3571428571428572,1.0000000000000009,False,False,True,False,False,False,False,False,False,False,True,False
2023-06-02,0,0.0,4,False,6,2,0.0,1.0,0.8571428571428571,1.0714285714285714,1.0690449676496985,False,False,True,False,False,False,False,False,False,False,True,False
2023-06-03,0,0.0,5,True,6,3,0.0,1.0,0.7142857142857143,1.0714285714285714,1.1126972805283746,False,False,True,False,False,False,False,False,False,False,True,False
2023-06-04,0,0.0,6,True,6,4,0.0,0.0,0.5714285714285714,1.0,1.1338934190276826,False,False,True,False,False,False,False,False,False,False,True,False
2023-06-05,0,0.0,0,False,6,5,0.0,0.0,0.5714285714285714,0.9285714285714286,1.1338934190276826,False,False,True,False,False,False,False,False,False,False,True,False
2023-06-06,0,0.0,1,False,6,6,0.0,1.0,0.5714285714285714,0.7142857142857143,1.1338934190276826,False,False,True,False,False,False,False,False,False,False,True,False
2023-06-07,2,14.0,2,False,6,7,0.0,3.0,0.42857142857142855,0.6428571428571429,1.1338934190276828,False,False,True,False,False,False,False,False,False,False,True,False
2023-06-08,1,7.6,3,False,6,8,2.0,0.0,0.2857142857142857,0.6428571428571429,0.7559289460184545,False,False,True,False,False,False,False,False,False,False,True,False
2023-06-09,4,47.59,4,False,6,9,1.0,0.0,0.42857142857142855,0.6428571428571429,0.7867957924694432,False,False,True,False,False,False,False,False,False,False,True,False
2023-06-10,2,15.2,5,True,6,10,4.0,0.0,1.0,0.8571428571428571,1.5275252316519468,False,False,True,False,False,False,False,False,False,False,True,False
2023-06-11,1,13.33,6,True,6,11,2.0,0.0,1.2857142857142858,0.9285714285714286,1.4960264830861913,False,False,True,False,False,False,False,False,False,False,True,False
2023-06-12,3,20.4,0,False,6,12,1.0,0.0,1.4285714285714286,1.0,1.3972762620115438,False,False,True,False,False,False,False,False,False,False,True,False
2023-06-13,3,34.26,1,False,6,13,3.0,0.0,1.8571428571428572,1.2142857142857142,1.3451854182690985,False,False,True,False,False,False,False,False,False,False,True,False
2023-06-14,2,26.66,2,False,6,14,3.0,2.0,2.2857142857142856,1.3571428571428572,1.1126972805283735,False,False,True,False,False,False,False,False,False,False,True,False
2023-06-15,2,15.2,3,False,6,15,2.0,1.0,2.2857142857142856,1.2857142857142858,1.1126972805283735,False,False,True,False,False,False,False,False,False,False,True,False
2023-06-16,2,20.93,4,False,6,16,2.0,4.0,2.4285714285714284,1.4285714285714286,0.9759000729485329,False,False,True,False,False,False,False,False,False,False,True,False
2023-06-17,0,0.0,5,True,6,17,2.0,2.0,2.142857142857143,1.5714285714285714,0.6900655593423539,False,False,True,False,False,False,False,False,False,False,True,False
2023-06-18,4,34.93,6,True,6,18,0.0,1.0,1.8571428571428572,1.5714285714285714,1.0690449676496974,False,False,True,False,False,False,False,False,False,False,True,False
2023-06-19,0,0.0,0,False,6,19,4.0,3.0,2.2857142857142856,1.8571428571428572,1.2535663410560172,False,False,True,False,False,False,False,False,False,False,True,False
2023-06-20,2,20.93,1,False,6,20,0.0,3.0,1.8571428571428572,1.8571428571428572,1.4638501094227996,False,False,True,False,False,False,False,False,False,False,True,False
2023-06-21,1,7.6,2,False,6,21,2.0,2.0,1.7142857142857142,2.0,1.3801311186847083,False,False,True,False,False,False,False,False,False,False,True,False
2023-06-22,1,7.6,3,False,6,22,1.0,2.0,1.5714285714285714,1.9285714285714286,1.3972762620115435,False,False,True,False,False,False,False,False,False,False,True,False
2023-06-23,1,13.33,4,False,6,23,1.0,2.0,1.4285714285714286,1.9285714285714286,1.3972762620115438,False,False,True,False,False,False,False,False,False,False,True,False
2023-06-24,2,15.2,5,True,6,24,1.0,0.0,1.2857142857142858,1.7142857142857142,1.3801311186847083,False,False,True,False,False,False,False,False,False,False,True,False
2023-06-25,1,7.6,6,True,6,25,2.0,4.0,1.5714285714285714,1.7142857142857142,1.2724180205607034,False,False,True,False,False,False,False,False,False,False,True,False
2023-06-26,1,7.6,0,False,6,26,1.0,0.0,1.1428571428571428,1.7142857142857142,0.6900655593423539,False,False,True,False,False,False,False,False,False,False,True,False
2023-06-27,2,12.8,1,False,6,27,1.0,2.0,1.2857142857142858,1.5714285714285714,0.4879500364742661,False,False,True,False,False,False,False,False,False,False,True,False
2023-06-28,0,0.0,2,False,6,28,2.0,1.0,1.2857142857142858,1.5,0.4879500364742661,False,False,True,False,False,False,False,False,False,False,True,False
2023-06-29,0,0.0,3,False,6,29,0.0,1.0,1.1428571428571428,1.3571428571428572,0.6900655593423539,False,False,True,False,False,False,False,False,False,False,True,False
2023-06-30,3,34.26,4,False,6,30,0.0,1.0,1.0,1.2142857142857142,0.8164965809277259,False,False,True,False,False,False,False,False,False,False,True,False
2023-01-15,76,211.65,6,True,1,15,45.0,92.0,80.85714285714286,81.0,16.53711554280825,False,False,True,False,False,False,False,False,False,False,False,True
2023-01-16,74,219.7,0,False,1,16,76.0,87.0,78.57142857142857,80.35714285714286,15.830952201906468,False,False,True,False,False,False,False,False,False,False,False,True
2023-01-17,68,191.55,1,False,1,17,74.0,79.0,76.71428571428571,80.5,15.434963402551196,False,False,True,False,False,False,False,False,False,False,False,True
2023-01-18,73,212.6,2,False,1,18,68.0,83.0,75.14285714285714,79.64285714285714,15.720777879699735,False,False,True,False,False,False,False,False,False,False,False,True
2023-01-19,58,160.5,3,False,1,19,73.0,87.0,73.71428571428571,79.21428571428571,15.337473561121286,False,False,True,False,False,False,False,False,False,False,False,True
2023-01-20,80,224.95,4,False,1,20,58.0,93.0,69.57142857142857,76.35714285714286,15.06493879683485,False,False,True,False,False,False,False,False,False,False,False,True
2023-01-21,72,204.8,5,True,1,21,80.0,45.0,67.71428571428571,76.28571428571429,12.229939843328232,False,False,True,False,False,False,False,False,False,False,False,True
2023-01-22,110,306.95,6,True,1,22,72.0,76.0,71.57142857142857,76.21428571428571,7.020378500174574,False,False,True,False,False,False,False,False,False,False,False,True
2023-01-23,77,211.1,0,False,1,23,110.0,74.0,76.42857142857143,77.5,16.267115528545528,False,False,True,False,False,False,False,False,False,False,False,True
2023-01-24,117,336.5,1,False,1,24,77.0,68.0,76.85714285714286,76.78571428571429,16.23194968191406,False,False,True,False,False,False,False,False,False,False,False,True
2023-01-25,122,341.25,2,False,1,25,117.0,73.0,83.85714285714286,79.5,21.489753926220832,False,False,True,False,False,False,False,False,False,False,False,True
2023-01-26,114,315.55,3,False,1,26,122.0,58.0,90.85714285714286,82.28571428571429,25.049474854299653,False,False,True,False,False,False,False,False,False,False,False,True
2023-01-27,129,370.95,4,False,1,27,114.0,80.0,98.85714285714286,84.21428571428571,21.497508161246454,False,False,True,False,False,False,False,False,False,False,False,True
2023-01-28,63,172.2,5,True,1,28,129.0,72.0,105.85714285714286,86.78571428571429,22.29670058871622,False,False,True,False,False,False,False,False,False,False,False,True
2023-01-29,47,129.4,6,True,1,29,63.0,110.0,104.57142857142857,88.07142857142857,24.70396150996263,False,False,True,False,False,False,False,False,False,False,False,True
2023-01-30,61,173.5,0,False,1,30,47.0,77.0,95.57142857142857,86.0,32.60806210564674,False,False,True,False,False,False,False,False,False,False,False,True
2023-01-31,65,185.3,1,False,1,31,61.0,117.0,93.28571428571429,85.07142857142857,34.625204142427265,False,False,True,False,False,False,False,False,False,False,False,True
2023-02-01,82,226.85,2,False,2,1,65.0,122.0,85.85714285714286,84.85714285714286,34.26576800748608,False,False,True,False,False,False,False,False,False,False,False,True
2023-02-02,88,251.35,3,False,2,2,82.0,114.0,80.14285714285714,85.5,30.344843446778942,False,False,True,False,False,False,False,False,False,False,False,True
2023-02-03,84,233.2,4,False,2,3,88.0,129.0,76.42857142857143,87.64285714285714,26.906363205613268,False,False,True,False,False,False,False,False,False,False,False,True
2023-02-04,109,307.75,5,True,2,4,84.0,63.0,70.0,87.92857142857143,14.988884770611335,False,False,True,False,False,False,False,False,False,False,False,True
2023-02-05,91,249.6,6,True,2,5,109.0,47.0,76.57142857142857,90.57142857142857,20.484605137005847,False,False,True,False,False,False,False,False,False,False,False,True
2023-02-06,85,244.95,0,False,2,6,91.0,61.0,82.85714285714286,89.21428571428571,16.20111695150029,False,False,True,False,False,False,False,False,False,False,False,True
2023-02-07,75,213.5,1,False,2,7,85.0,65.0,86.28571428571429,89.78571428571429,13.034752084514764,False,False,True,False,False,False,False,False,False,False,False,True
2023-02-08,94,263.15,2,False,2,8,75.0,82.0,87.71428571428571,86.78571428571429,10.641338977689584,False,False,True,False,False,False,False,False,False,False,False,True
2023-02-09,78,210.95,3,False,2,9,94.0,88.0,89.42857142857143,84.78571428571429,10.533393610436363,False,False,True,False,False,False,False,False,False,False,False,True
2023-02-10,76,211.3,4,False,2,10,78.0,84.0,88.0,82.21428571428571,11.401754250991395,False,False,True,False,False,False,False,False,False,False,False,True
2023-02-11,92,258.0,5,True,2,11,76.0,109.0,86.85714285714286,78.42857142857143,12.239670085812117,False,False,True,False,False,False,False,False,False,False,False,True
2023-02-12,96,266.7,6,True,2,12,92.0,91.0,84.42857142857143,80.5,8.100558475750134,False,False,True,False,False,False,False,False,False,False,False,True
2023-02-13,100,282.7,0,False,2,13,96.0,85.0,85.14285714285714,84.0,8.952254305081878,False,False,True,False,False,False,False,False,False,False,False,True
2023-02-14,45,132.55,1,False,2,14,100.0,75.0,87.28571428571429,86.78571428571429,10.562737740350695,False,False,True,False,False,False,False,False,False,False,False,True
2023-02-15,78,221.9,2,False,2,15,45.0,94.0,83.0,85.35714285714286,19.052558883257635,False,False,True,False,False,False,False,False,False,False,False,True
2023-02-16,91,259.65,3,False,2,16,78.0,78.0,80.71428571428571,85.07142857142857,18.463606416536315,False,False,True,False,False,False,False,False,False,False,False,True
2023-02-17,71,205.15,4,False,2,17,91.0,76.0,82.57142857142857,85.28571428571429,18.79589620863325,False,False,True,False,False,False,False,False,False,False,False,True
2023-02-18,68,188.55,5,True,2,18,71.0,92.0,81.85714285714286,84.35714285714286,19.178360821757504,False,False,True,False,False,False,False,False,False,False,False,True
2023-02-19,78,221.95,6,True,2,19,68.0,96.0,78.42857142857143,81.42857142857143,19.208133198007026,False,False,True,False,False,False,False,False,False,False,False,True
2023-02-20,93,257.85,0,False,2,20,78.0,100.0,75.85714285714286,80.5,17.601406870177225,False,False,True,False,False,False,False,False,False,False,False,True
2023-02-21,99,279.95,1,False,2,21,93.0,45.0,74.85714285714286,81.07142857142857,16.139274781606154,False,False,True,False,False,False,False,False,False,False,False,True
2023-02-22,114,316.6,2,False,2,22,99.0,78.0,82.57142857142857,82.78571428571429,11.816050423853437,False,False,True,False,False,False,False,False,False,False,False,True
2023-02-23,100,282.8,3,False,2,23,114.0,91.0,87.71428571428571,84.21428571428571,16.42877846660433,False,False,True,False,False,False,False,False,False,False,False,True
2023-02-24,142,403.6,4,False,2,24,100.0,71.0,89.0,85.78571428571429,17.068489485989492,False,False,True,False,False,False,False,False,False,False,False,True
2023-02-25,127,362.35,5,True,2,25,142.0,68.0,99.14285714285714,90.5,24.19661526900391,False,False,True,False,False,False,False,False,False,False,False,True
2023-02-26,93,260.0,6,True,2,26,127.0,78.0,107.57142857142857,93.0,21.686071896166872,False,False,True,False,False,False,False,False,False,False,False,True
2023-02-27,140,402.05,0,False,2,27,93.0,93.0,109.71428571428571,92.78571428571429,18.830067141978898,False,False,True,False,False,False,False,False,False,False,False,True
2023-02-28,73,201.9,1,False,2,28,140.0,99.0,116.42857142857143,95.64285714285714,20.20608112142779,False,False,True,False,False,False,False,False,False,False,False,True
2023-03-01,89,252.3,2,False,3,1,73.0,114.0,112.71428571428571,97.64285714285714,25.610637670795455,False,False,True,False,False,False,False,False,False,False,False,True
2023-03-02,93,269.3,3,False,3,2,89.0,100.0,109.14285714285714,98.42857142857143,27.101221198982806,False,False,True,False,False,False,False,False,False,False,False,True
2023-03-03,113,319.65,4,False,3,3,93.0,142.0,108.14285714285714,98.57142857142857,27.61900656811407,False,False,True,False,False,False,False,False,False,False,False,True
2023-03-04,99,283.75,5,True,3,4,113.0,127.0,104.0,101.57142857142857,23.572582944316263,False,False,True,False,False,False,False,False,False,False,False,True
2023-03-05,101,288.4,6,True,3,5,99.0,93.0,100.0,103.78571428571429,21.283796653792816,False,False,True,False,False,False,False,False,False,False,False,True
2023-03-06,100,279.35,0,False,3,6,101.0,140.0,101.14285714285714,105.42857142857143,21.058874387682575,False,False,True,False,False,False,False,False,False,False,False,True
2023-03-07,70,203.95,1,False,3,7,100.0,73.0,95.42857142857143,105.92857142857143,12.40775487154635,False,False,True,False,False,False,False,False,False,False,False,True
2023-03-08,119,335.6,2,False,3,8,70.0,89.0,95.0,103.85714285714286,13.329166015421515,False,False,True,False,False,False,False,False,False,False,False,True
2023-03-09,106,295.9,3,False,3,9,119.0,93.0,99.28571428571429,104.21428571428571,15.691975504636037,False,False,True,False,False,False,False,False,False,False,False,True
2023-03-10,113,317.3,4,False,3,10,106.0,113.0,101.14285714285714,104.64285714285714,15.593038739862726,False,False,True,False,False,False,False,False,False,False,False,True
2023-03-11,98,275.1,5,True,3,11,113.0,99.0,101.14285714285714,102.57142857142857,15.593038739862726,False,False,True,False,False,False,False,False,False,False,False,True
2023-03-12,107,297.6,6,True,3,12,98.0,101.0,101.0,100.5,15.62049935181339,False,False,True,False,False,False,False,False,False,False,False,True
2023-03-13,123,343.4,0,False,3,13,107.0,100.0,101.85714285714286,101.5,15.78425979078081,False,False,True,False,False,False,False,False,False,False,False,True
2023-03-14,61,178.3,1,False,3,14,123.0,70.0,105.14285714285714,100.28571428571429,17.620334573332986,False,False,True,False,False,False,False,False,False,False,False,True
2023-03-15,87,245.15,2,False,3,15,61.0,119.0,103.85714285714286,99.42857142857143,20.675497345316597,False,False,True,False,False,False,False,False,False,False,False,True
2023-03-16,125,362.05,3,False,3,16,87.0,106.0,99.28571428571429,99.28571428571429,20.30364733830101,False,False,True,False,False,False,False,False,False,False,False,True
2023-03-17,93,258.95,4,False,3,17,125.0,113.0,102.0,101.57142857142857,22.50185177565029,False,False,True,False,False,False,False,False,False,False,False,True
2023-03-18,82,231.5,5,True,3,18,93.0,98.0,99.14285714285714,100.14285714285714,22.139170199961416,False,False,True,False,False,False,False,False,False,False,False,True
2023-03-19,78,221.4,6,True,3,19,82.0,107.0,96.85714285714286,98.92857142857143,23.082667172784124,False,False,True,False,False,False,False,False,False,False,False,True
2023-03-20,111,308.3,0,False,3,20,78.0,123.0,92.71428571428571,97.28571428571429,23.55641657605764,False,False,True,False,False,False,False,False,False,False,False,True
2023-03-21,93,253.25,1,False,3,21,111.0,61.0,91.0,98.07142857142857,21.315096371664243,False,False,True,False,False,False,False,False,False,False,False,True
2023-03-22,125,338.95,2,False,3,22,93.0,87.0,95.57142857142857,99.71428571428571,16.75168790358301,False,False,True,False,False,False,False,False,False,False,False,True
2023-03-23,125,344.7,3,False,3,23,125.0,125.0,101.0,100.14285714285714,19.45079261452695,False,False,True,False,False,False,False,False,False,False,False,True
2023-03-24,152,431.6,4,False,3,24,125.0,93.0,101.0,101.5,19.45079261452695,False,False,True,False,False,False,False,False,False,False,False,True
2023-03-25,131,370.15,5,True,3,25,152.0,82.0,109.42857142857143,104.28571428571429,26.80085286489441,False,False,True,False,False,False,False,False,False,False,False,True
2023-03-26,156,432.35,6,True,3,26,131.0,78.0,116.42857142857143,106.64285714285714,24.764606079760693,False,False,True,False,False,False,False,False,False,False,False,True
2023-03-27,150,418.9,0,False,3,27,156.0,111.0,127.57142857142857,110.14285714285714,21.983760239907152,False,False,True,False,False,False,False,False,False,False,False,True
2023-03-28,81,227.4,1,False,3,28,150.0,93.0,133.14285714285714,112.07142857142857,22.02595871109511,False,False,True,False,False,False,False,False,False,False,False,True
2023-03-29,83,231.8,2,False,3,29,81.0,125.0,131.42857142857142,113.5,25.812510809406422,False,False,True,False,False,False,False,False,False,False,False,True
2023-03-30,93,261.55,3,False,3,30,83.0,125.0,125.42857142857143,113.21428571428571,31.75351499103244,False,False,True,False,False,False,False,False,False,False,False,True
2023-03-31,94,259.2,4,False,3,31,93.0,152.0,120.85714285714286,110.92857142857143,34.04618711607607,False,False,True,False,False,False,False,False,False,False,False,True
2023-04-01,125,346.0,5,True,4,1,94.0,131.0,112.57142857142857,111.0,32.21209474124669,False,False,True,False,False,False,False,False,False,False,False,True
2023-04-02,119,339.1,6,True,4,2,125.0,156.0,111.71428571428571,114.07142857142857,31.71600166957945,False,False,True,False,False,False,False,False,False,False,False,True
2023-04-03,131,364.4,0,False,4,3,119.0,150.0,106.42857142857143,117.0,25.598549066025555,False,False,True,False,False,False,False,False,False,False,False,True
2023-04-04,136,374.65,1,False,4,4,131.0,81.0,103.71428571428571,118.42857142857143,20.758245636487803,False,False,True,False,False,False,False,False,False,False,False,True
2023-04-05,146,415.85,2,False,4,5,136.0,83.0,111.57142857142857,121.5,21.13336337687525,False,False,True,False,False,False,False,False,False,False,False,True
2023-04-06,124,351.75,3,False,4,6,146.0,93.0,120.57142857142857,123.0,20.33762640081319,False,False,True,False,False,False,False,False,False,False,False,True
2023-04-07,105,305.85,4,False,4,7,124.0,94.0,125.0,122.92857142857143,16.309506430300296,False,False,True,False,False,False,False,False,False,False,False,True
2023-04-08,144,406.05,5,True,4,8,105.0,125.0,126.57142857142857,119.57142857142857,13.023787760058688,False,False,True,False,False,False,False,False,False,False,False,True
2023-04-09,116,324.9,6,True,4,9,144.0,119.0,129.28571428571428,120.5,14.53403231171937,False,False,True,False,False,False,False,False,False,False,False,True
2023-04-10,171,471.7,0,False,4,10,116.0,131.0,128.85714285714286,117.64285714285714,14.92680554604806,False,False,True,False,False,False,False,False,False,False,False,True
2023-04-11,138,390.5,1,False,4,11,171.0,136.0,134.57142857142858,119.14285714285714,21.90781552214619,False,False,True,False,False,False,False,False,False,False,False,True
2023-04-12,141,396.25,2,False,4,12,138.0,146.0,134.85714285714286,123.21428571428571,21.942565722271386,False,False,True,False,False,False,False,False,False,False,False,True
2023-04-13,134,375.7,3,False,4,13,141.0,124.0,134.14285714285714,127.35714285714286,21.598059877595464,False,False,True,False,False,False,False,False,False,False,False,True
2023-04-14,58,173.15,4,False,4,14,134.0,105.0,135.57142857142858,130.28571428571428,21.141248330039307,False,False,True,False,False,False,False,False,False,False,False,True
2023-04-15,102,287.4,5,True,4,15,58.0,144.0,128.85714285714286,127.71428571428571,35.234587985049544,False,False,True,False,False,False,False,False,False,False,False,True
2023-04-16,134,377.45,6,True,4,16,102.0,116.0,122.85714285714286,126.07142857142857,35.79771208438042,False,False,True,False,False,False,False,False,False,False,False,True
2023-04-17,97,277.8,0,False,4,17,134.0,171.0,125.42857142857143,127.14285714285714,35.86947236326531,False,False,True,False,False,False,False,False,False,False,False,True
2023-04-18,117,332.5,1,False,4,18,97.0,138.0,114.85714285714286,124.71428571428571,30.737754046278774,False,False,True,False,False,False,False,False,False,False,False,True
2023-04-19,112,320.45,2,False,4,19,117.0,141.0,111.85714285714286,123.35714285714286,29.082804607010072,False,False,True,False,False,False,False,False,False,False,False,True
2023-04-20,150,411.2,3,False,4,20,112.0,134.0,107.71428571428571,120.92857142857143,26.157945164674093,False,False,True,False,False,False,False,False,False,False,False,True
2023-04-21,129,361.15,4,False,4,21,150.0,58.0,110.0,122.78571428571429,29.34280150224245,False,False,True,False,False,False,False,False,False,False,False,True
2023-04-22,158,437.75,5,True,4,22,129.0,102.0,120.14285714285714,124.5,18.721009333799145,False,False,True,False,False,False,False,False,False,False,False,True
2023-04-23,115,324.3,6,True,4,23,158.0,134.0,128.14285714285714,125.5,21.443169630666315,False,False,True,False,False,False,False,False,False,False,False,True
2023-04-24,149,422.95,0,False,4,24,115.0,97.0,125.42857142857143,125.42857142857143,21.778101714468136,False,False,True,False,False,False,False,False,False,False,False,True
2023-04-25,183,510.55,1,False,4,25,149.0,117.0,132.85714285714286,123.85714285714286,19.178360821757718,False,False,True,False,False,False,False,False,False,False,False,True
2023-04-26,152,421.05,2,False,4,26,183.0,112.0,142.28571428571428,127.07142857142857,25.32267946403194,False,False,True,False,False,False,False,False,False,False,False,True
2023-04-27,189,530.2,3,False,4,27,152.0,150.0,148.0,127.85714285714286,21.587033144923154,False,False,True,False,False,False,False,False,False,False,False,True
2023-04-28,121,340.95,4,False,4,28,189.0,129.0,153.57142857142858,131.78571428571428,26.63241848360239,False,False,True,False,False,False,False,False,False,False,False,True
2023-04-29,91,256.65,5,True,4,29,121.0,158.0,152.42857142857142,136.28571428571428,27.99914964695165,False,False,True,False,False,False,False,False,False,False,False,True
2023-04-30,121,345.8,6,True,4,30,91.0,115.0,142.85714285714286,135.5,36.06673708293466,False,False,True,False,False,False,False,False,False,False,False,True
2023-05-01,152,425.75,0,False,5,1,121.0,149.0,143.71428571428572,134.57142857142858,35.35870607414962,False,False,True,False,False,False,False,False,False,False,False,True
2023-05-02,151,434.25,1,False,5,2,152.0,183.0,144.14285714285714,138.5,35.45150947152369,False,False,True,False,False,False,False,False,False,False,False,True
2023-05-03,159,447.3,2,False,5,3,151.0,152.0,139.57142857142858,140.92857142857142,31.44231301318428,False,False,True,False,False,False,False,False,False,False,False,True
2023-05-04,188,527.1,3,False,5,4,159.0,189.0,140.57142857142858,144.28571428571428,32.00967115762137,False,False,True,False,False,False,False,False,False,False,False,True
2023-05-05,178,501.75,4,False,5,5,188.0,121.0,140.42857142857142,147.0,31.758763320051642,False,False,True,False,False,False,False,False,False,False,False,True
2023-05-06,152,429.1,5,True,5,6,178.0,91.0,148.57142857142858,150.5,33.22076229738051,False,False,True,False,False,False,False,False,False,False,False,True
2023-05-07,117,332.65,6,True,5,7,152.0,121.0,157.28571428571428,150.07142857142858,21.553919100048603,False,False,True,False,False,False,False,False,False,False,False,True
2023-05-08,181,505.05,0,False,5,8,117.0,152.0,156.71428571428572,150.21428571428572,22.698856694514518,False,False,True,False,False,False,False,False,False,False,False,True
2023-05-09,144,399.85,1,False,5,9,181.0,151.0,160.85714285714286,152.5,24.285994396143955,False,False,True,False,False,False,False,False,False,False,False,True
2023-05-10,171,468.5,2,False,5,10,144.0,159.0,159.85714285714286,149.71428571428572,24.895974048217827,False,False,True,False,False,False,False,False,False,False,False,True
2023-05-11,165,460.5,3,False,5,11,171.0,188.0,161.57142857142858,151.07142857142858,25.23791554293644,False,False,True,False,False,False,False,False,False,False,False,True
2023-05-12,159,446.5,4,False,5,12,165.0,178.0,158.28571428571428,149.35714285714286,22.58107087595213,False,False,True,False,False,False,False,False,False,False,False,True
2023-05-13,179,499.2,5,True,5,13,159.0,152.0,155.57142857142858,152.07142857142858,20.89543126185863,False,False,True,False,False,False,False,False,False,False,False,True
2023-05-14,93,263.45,6,True,5,14,179.0,117.0,159.42857142857142,158.35714285714286,22.55258405635725,False,False,True,False,False,False,False,False,False,False,False,True
2023-05-15,134,377.2,0,False,5,15,93.0,181.0,156.0,156.35714285714286,30.501366089625304,False,False,True,False,False,False,False,False,False,False,False,True
2023-05-16,150,428.0,1,False,5,16,134.0,144.0,149.28571428571428,155.07142857142858,29.227351834165635,False,False,True,False,False,False,False,False,False,False,False,True
2023-05-17,148,423.1,2,False,5,17,150.0,171.0,150.14285714285714,155.0,29.134335822351158,False,False,True,False,False,False,False,False,False,False,False,True
2023-05-18,154,434.05,3,False,5,18,148.0,165.0,146.85714285714286,154.21428571428572,27.64916256374142,False,False,True,False,False,False,False,False,False,False,False,True
2023-05-19,151,434.8,4,False,5,19,154.0,159.0,145.28571428571428,151.78571428571428,26.74393567218753,False,False,True,False,False,False,False,False,False,False,False,True
2023-05-20,192,540.15,5,True,5,20,151.0,179.0,144.14285714285714,149.85714285714286,26.22612292752272,False,False,True,False,False,False,False,False,False,False,False,True
2023-05-21,158,444.7,6,True,5,21,192.0,93.0,146.0,152.71428571428572,29.376861643136923,False,False,True,False,False,False,False,False,False,False,False,True
2023-05-22,230,638.4,0,False,5,22,158.0,134.0,155.28571428571428,155.64285714285714,17.83922910997294,False,False,True,False,False,False,False,False,False,False,False,True
2023-05-23,168,473.05,1,False,5,23,230.0,150.0,169.0,159.14285714285714,30.88149391895864,False,False,True,False,False,False,False,False,False,False,False,True
2023-05-24,224,632.25,2,False,5,24,168.0,148.0,171.57142857142858,160.85714285714286,29.764952224930482,False,False,True,False,False,False,False,False,False,False,False,True
2023-05-25,248,703.9,3,False,5,25,224.0,154.0,182.42857142857142,164.64285714285714,33.375925169984356,False,False,True,False,False,False,False,False,False,False,False,True
2023-05-26,210,583.7,4,False,5,26,248.0,151.0,195.85714285714286,170.57142857142858,38.54187580380859,False,False,True,False,False,False,False,False,False,False,False,True
2023-05-27,233,661.55,5,True,5,27,210.0,192.0,204.28571428571428,174.21428571428572,33.174861394909314,False,False,True,False,False,False,False,False,False,False,False,True
2023-05-28,140,387.6,6,True,5,28,233.0,158.0,210.14285714285714,178.07142857142858,34.24630671779863,False,False,True,False,False,False,False,False,False,False,False,True
2023-05-29,125,349.85,0,False,5,29,140.0,230.0,207.57142857142858,181.42857142857142,39.14016327191797,False,False,True,False,False,False,False,False,False,False,False,True
2023-05-30,154,429.9,1,False,5,30,125.0,168.0,192.57142857142858,180.78571428571428,48.186641104692036,False,False,True,False,False,False,False,False,False,False,False,True
2023-05-31,170,487.85,2,False,5,31,154.0,224.0,190.57142857142858,181.07142857142858,49.64492972720439,False,False,True,False,False,False,False,False,False,False,False,True
2023-06-01,161,450.45,3,False,6,1,170.0,248.0,182.85714285714286,182.64285714285714,47.74386023852915,False,False,True,False,False,False,False,False,False,False,False,True
2023-06-02,166,470.25,4,False,6,2,161.0,210.0,170.42857142857142,183.14285714285714,38.36168723634378,False,False,True,False,False,False,False,False,False,False,False,True
2023-06-03,185,521.7,5,True,6,3,166.0,233.0,164.14285714285714,184.21428571428572,34.173228173667425,False,False,True,False,False,False,False,False,False,False,False,True
2023-06-04,206,579.1,6,True,6,4,185.0,140.0,157.28571428571428,183.71428571428572,19.880595947760433,False,False,True,False,False,False,False,False,False,False,False,True
2023-06-05,177,496.3,0,False,6,5,206.0,125.0,166.71428571428572,187.14285714285714,25.243575325973715,False,False,True,False,False,False,False,False,False,False,False,True
2023-06-06,174,491.35,1,False,6,6,177.0,154.0,174.14285714285714,183.35714285714286,17.33424906006039,False,False,True,False,False,False,False,False,False,False,False,True
2023-06-07,137,389.55,2,False,6,7,174.0,170.0,177.0,183.78571428571428,14.94434118097374,False,False,True,False,False,False,False,False,False,False,False,True
2023-06-08,202,566.2,3,False,6,8,137.0,161.0,172.28571428571428,177.57142857142858,21.351926421397575,False,False,True,False,False,False,False,False,False,False,False,True
2023-06-09,144,401.55,4,False,6,9,202.0,166.0,178.14285714285714,174.28571428571428,23.276802267698592,False,False,True,False,False,False,False,False,False,False,False,True
2023-06-10,194,538.55,5,True,6,10,144.0,185.0,175.0,169.57142857142858,26.457513110646175,False,False,True,False,False,False,False,False,False,False,False,True
2023-06-11,186,519.15,6,True,6,11,194.0,206.0,176.28571428571428,166.78571428571428,27.231809131444844,False,False,True,False,False,False,False,False,False,False,False,True
2023-06-12,184,508.6,0,False,6,12,186.0,177.0,173.42857142857142,170.07142857142858,24.507530426770092,False,False,True,False,False,False,False,False,False,False,False,True
2023-06-13,192,533.25,1,False,6,13,184.0,174.0,174.42857142857142,174.28571428571428,24.818387960389273,False,False,True,False,False,False,False,False,False,False,False,True
2023-06-14,113,329.0,2,False,6,14,192.0,137.0,177.0,177.0,25.683976846794597,False,False,True,False,False,False,False,False,False,False,False,True
2023-06-15,136,379.35,3,False,6,15,113.0,202.0,173.57142857142858,172.92857142857142,32.587610850634555,False,False,True,False,False,False,False,False,False,False,False,True
2023-06-16,174,500.5,4,False,6,16,136.0,144.0,164.14285714285714,171.14285714285714,32.53935346329945,False,False,True,False,False,False,False,False,False,False,False,True
2023-06-17,153,433.6,5,True,6,17,174.0,194.0,168.42857142857142,171.71428571428572,31.399878677351523,False,False,True,False,False,False,False,False,False,False,False,True
2023-06-18,146,414.1,6,True,6,18,153.0,186.0,162.57142857142858,169.42857142857142,29.607753167355696,False,False,True,False,False,False,False,False,False,False,False,True
2023-06-19,159,450.1,0,False,6,19,146.0,184.0,156.85714285714286,165.14285714285714,28.15687347362163,False,False,True,False,False,False,False,False,False,False,False,True
2023-06-20,183,512.35,1,False,6,20,159.0,192.0,153.28571428571428,163.85714285714286,25.610637670795615,False,False,True,False,False,False,False,False,False,False,False,True
2023-06-21,162,451.05,2,False,6,21,183.0,113.0,152.0,164.5,23.48048835380872,False,False,True,False,False,False,False,False,False,False,False,True
2023-06-22,215,602.85,3,False,6,22,162.0,136.0,159.0,166.28571428571428,16.041612554021697,False,False,True,False,False,False,False,False,False,False,False,True
2023-06-23,155,429.4,4,False,6,23,215.0,174.0,170.28571428571428,167.21428571428572,23.307468657881056,False,False,True,False,False,False,False,False,False,False,False,True
2023-06-24,231,646.65,5,True,6,24,155.0,153.0,167.57142857142858,168.0,23.90158392838698,False,False,True,False,False,False,False,False,False,False,False,True
2023-06-25,223,632.5,6,True,6,25,231.0,146.0,178.71428571428572,170.64285714285714,32.58176527709082,False,False,True,False,False,False,False,False,False,False,False,True
2023-06-26,209,578.4,0,False,6,26,223.0,159.0,189.71428571428572,173.28571428571428,32.69410897860307,False,False,True,False,False,False,False,False,False,False,False,True
2023-06-27,250,706.9,1,False,6,27,209.0,183.0,196.85714285714286,175.07142857142858,30.234795470498376,False,False,True,False,False,False,False,False,False,False,False,True
2023-06-28,153,429.95,2,False,6,28,250.0,162.0,206.42857142857142,179.21428571428572,35.29805066788239,False,False,True,False,False,False,False,False,False,False,False,True
2023-06-29,131,370.55,3,False,6,29,153.0,215.0,205.14285714285714,182.07142857142858,37.2935587442327,False,False,True,False,False,False,False,False,False,False,False,True
2023-06-30,169,467.15,4,False,6,30,131.0,155.0,193.14285714285714,181.71428571428572,46.073957110384335,False,False,True,False,False,False,False,False,False,False,False,True
